sample_idx,fold,real_class,initial_pred,initial_correct,fooled_class,relative_robustness,perturbation_norm,original_norm,pert_norm_logmel,pert_norm_delta,pert_norm_delta2,pert_norm_harmonic,pert_norm_percussive,most_perturbed_channel,num_iterations,success
0,9,car_horn,car_horn,True,dog_bark,0.003350551771003807,42.961978912353516,12822.359375,11.999534606933594,26.176881790161133,23.626422882080078,15.513152122497559,14.752893447875977,Delta,2,True
1,9,jackhammer,jackhammer,True,engine_idling,0.0038082443078880047,9.578640937805176,2515.238037109375,2.7073802947998047,5.854977130889893,4.923095226287842,3.6033806800842285,3.5942270755767822,Delta,3,True
2,9,air_conditioner,jackhammer,False,jackhammer,0.0,0.0,0.0,0.0,0.0,0.0,0.0,0.0,none,0,False
3,9,dog_bark,dog_bark,True,children_playing,0.002613561295962525,30.022445678710938,11487.1787109375,8.680248260498047,18.28251838684082,15.736144065856934,11.234476089477539,10.85865592956543,Delta,1,True
4,9,dog_bark,dog_bark,True,children_playing,0.0006916843317895865,2.4800209999084473,3585.48095703125,0.6927834749221802,1.594099521636963,1.196662425994873,0.9184479713439941,0.9240421652793884,Delta,1,True
5,9,siren,siren,True,dog_bark,0.003947291293358104,34.74907302856445,8803.2705078125,10.478886604309082,20.475679397583008,18.259052276611328,12.748330116271973,13.51016616821289,Delta,2,True
6,9,air_conditioner,dog_bark,False,dog_bark,0.0,0.0,0.0,0.0,0.0,0.0,0.0,0.0,none,0,False
7,9,drilling,jackhammer,False,jackhammer,0.0,0.0,0.0,0.0,0.0,0.0,0.0,0.0,none,0,False
8,9,engine_idling,engine_idling,True,siren,0.01397746603082263,32.65680694580078,2336.3896484375,9.600399017333984,18.666152954101562,17.75771713256836,12.516385078430176,12.404749870300293,Delta,1,True
9,9,dog_bark,dog_bark,True,gun_shot,0.0051362176450950765,37.65968322753906,7332.18212890625,10.667471885681152,23.305835723876953,19.218002319335938,14.18304443359375,13.813193321228027,Delta,1,True
10,9,jackhammer,jackhammer,True,engine_idling,0.008550441317429639,16.331649780273438,1910.035888671875,4.602307319641113,10.09264850616455,8.344459533691406,5.9003729820251465,6.263831615447998,Delta,3,True
11,9,drilling,engine_idling,False,engine_idling,0.0,0.0,0.0,0.0,0.0,0.0,0.0,0.0,none,0,False
12,9,siren,siren,True,dog_bark,0.013605812658791,58.70102310180664,4314.40771484375,16.743412017822266,35.67426300048828,30.298439025878906,21.4736385345459,22.665010452270508,Delta,2,True
13,9,siren,dog_bark,False,dog_bark,0.0,0.0,0.0,0.0,0.0,0.0,0.0,0.0,none,0,False
14,9,engine_idling,engine_idling,True,jackhammer,0.015441996112395337,35.69081115722656,2311.2822265625,10.538581848144531,20.853788375854492,18.486173629760742,13.808162689208984,13.98169231414795,Delta,3,True
15,9,children_playing,children_playing,True,dog_bark,0.004350861631405521,25.172780990600586,5785.7001953125,7.096882343292236,15.720722198486328,12.94907283782959,9.194523811340332,9.162116050720215,Delta,1,True
16,9,dog_bark,dog_bark,True,children_playing,0.0032935584090951044,30.667827606201172,9311.45703125,8.151823997497559,20.23149871826172,15.124214172363281,10.793130874633789,10.932353019714355,Delta,5,True
17,9,jackhammer,jackhammer,True,engine_idling,0.003404436416004062,7.718125820159912,2267.078857421875,2.297874927520752,4.6069536209106445,4.001272201538086,2.7937283515930176,3.0414018630981445,Delta,3,True
18,9,air_conditioner,engine_idling,False,engine_idling,0.0,0.0,0.0,0.0,0.0,0.0,0.0,0.0,none,0,False
19,9,jackhammer,jackhammer,True,engine_idling,0.004748284764002519,15.527915954589844,3270.2158203125,4.62786340713501,9.39627742767334,8.009771347045898,5.708655834197998,5.887600898742676,Delta,1,True
20,9,children_playing,children_playing,True,dog_bark,0.0022346354744800056,15.668801307678223,7011.79296875,4.213599681854248,9.97940444946289,7.880473613739014,5.809096336364746,5.685147762298584,Delta,3,True
21,9,street_music,street_music,True,children_playing,0.0011917777663613455,6.469952583312988,5428.82470703125,1.7364575862884521,4.06943941116333,3.3869516849517822,2.3671014308929443,2.2825536727905273,Delta,2,True
22,9,gun_shot,dog_bark,False,dog_bark,0.0,0.0,0.0,0.0,0.0,0.0,0.0,0.0,none,0,False
23,9,drilling,drilling,True,dog_bark,0.0010449099579333968,11.611457824707031,11112.400390625,3.278822183609009,7.161932468414307,6.269467353820801,4.24542236328125,3.9309234619140625,Delta,2,True
24,9,air_conditioner,air_conditioner,True,engine_idling,0.0022358827248367954,7.836453437805176,3504.85888671875,2.3528971672058105,4.63737678527832,3.8880443572998047,3.1116089820861816,3.0934786796569824,Delta,1,True
25,9,dog_bark,dog_bark,True,children_playing,0.012869803646763956,112.51461029052734,8742.52734375,31.263423919677734,74.24849700927734,53.583858489990234,41.616493225097656,39.57440185546875,Delta,1,True
26,9,street_music,street_music,True,children_playing,0.0021845830774730834,9.077210426330566,4155.12255859375,2.357309579849243,5.927074432373047,4.629135608673096,3.2148661613464355,3.1534690856933594,Delta,1,True
27,9,dog_bark,dog_bark,True,children_playing,0.0026034266070745554,30.296924591064453,11637.326171875,8.722993850708008,19.088645935058594,15.163381576538086,11.374252319335938,10.868986129760742,Delta,3,True
28,9,street_music,children_playing,False,children_playing,0.0,0.0,0.0,0.0,0.0,0.0,0.0,0.0,none,0,False
29,9,drilling,engine_idling,False,engine_idling,0.0,0.0,0.0,0.0,0.0,0.0,0.0,0.0,none,0,False
30,9,jackhammer,engine_idling,False,engine_idling,0.0,0.0,0.0,0.0,0.0,0.0,0.0,0.0,none,0,False
31,9,street_music,children_playing,False,children_playing,0.0,0.0,0.0,0.0,0.0,0.0,0.0,0.0,none,0,False
32,9,engine_idling,engine_idling,True,air_conditioner,0.0026993406931350226,16.958772659301758,6282.56103515625,5.078293323516846,10.308114051818848,8.606972694396973,6.167050361633301,6.590993404388428,Delta,1,True
33,9,drilling,jackhammer,False,jackhammer,0.0,0.0,0.0,0.0,0.0,0.0,0.0,0.0,none,0,False
34,9,children_playing,dog_bark,False,dog_bark,0.0,0.0,0.0,0.0,0.0,0.0,0.0,0.0,none,0,False
35,9,street_music,children_playing,False,children_playing,0.0,0.0,0.0,0.0,0.0,0.0,0.0,0.0,none,0,False
36,9,engine_idling,engine_idling,True,air_conditioner,0.0021374608197804535,13.482648849487305,6307.78759765625,3.8629276752471924,8.437949180603027,6.76310396194458,4.829455375671387,5.157269477844238,Delta,1,True
37,9,dog_bark,dog_bark,True,children_playing,0.010939501573047971,86.01065063476562,7862.39208984375,24.11678695678711,56.49413299560547,41.18588638305664,31.814002990722656,30.269079208374023,Delta,2,True
38,9,children_playing,children_playing,True,dog_bark,0.001303786747276127,6.133310794830322,4704.228515625,1.7298650741577148,3.8626089096069336,3.059674024581909,2.29172420501709,2.2564830780029297,Delta,3,True
39,9,street_music,street_music,True,engine_idling,0.006317137341693842,16.665584564208984,2638.154541015625,4.463806629180908,10.367815971374512,8.828645706176758,6.082185745239258,5.9486613273620605,Delta,1,True
40,9,jackhammer,jackhammer,True,engine_idling,0.002773411119152253,8.072896003723145,2910.818359375,2.4854238033294678,4.70831823348999,4.270693778991699,3.0125813484191895,3.0840845108032227,Delta,2,True
41,9,dog_bark,dog_bark,True,children_playing,0.0035788263178397396,36.55986022949219,10215.6005859375,10.532747268676758,22.73135757446289,18.286928176879883,13.46968936920166,13.89696979522705,Delta,3,True
42,9,dog_bark,dog_bark,True,children_playing,0.007981516274482686,81.77583312988281,10245.6513671875,23.173124313354492,51.41603088378906,41.1432991027832,31.233295440673828,28.955047607421875,Delta,1,True
43,9,jackhammer,jackhammer,True,engine_idling,0.003307022125351756,10.981184959411621,3320.56591796875,3.1401467323303223,6.6483330726623535,5.762979030609131,4.025781154632568,4.136027812957764,Delta,3,True
44,9,air_conditioner,air_conditioner,True,engine_idling,0.0021176954807658223,7.51169490814209,3547.108154296875,2.1867213249206543,4.601022243499756,3.674922227859497,2.9090447425842285,2.9166440963745117,Delta,1,True
45,9,children_playing,children_playing,True,dog_bark,0.0029169563395696997,20.514263153076172,7032.76318359375,5.740205764770508,12.509191513061523,10.631166458129883,7.735417366027832,7.651585578918457,Delta,3,True
46,9,air_conditioner,children_playing,False,children_playing,0.0,0.0,0.0,0.0,0.0,0.0,0.0,0.0,none,0,False
47,9,siren,siren,True,dog_bark,0.017196654539590753,74.20234680175781,4314.92919921875,21.312713623046875,44.7037239074707,38.02388000488281,27.599178314208984,29.08269691467285,Delta,2,True
48,9,engine_idling,engine_idling,True,jackhammer,0.014788634899611755,33.98805236816406,2298.2548828125,10.245139122009277,19.93193244934082,17.41704750061035,13.056116104125977,13.383840560913086,Delta,3,True
49,9,siren,dog_bark,False,dog_bark,0.0,0.0,0.0,0.0,0.0,0.0,0.0,0.0,none,0,False
50,9,children_playing,children_playing,True,street_music,0.0028268748070730027,13.280673027038574,4698.00537109375,3.5563597679138184,8.178020477294922,6.915346145629883,4.961160659790039,4.940995693206787,Delta,3,True
51,9,jackhammer,jackhammer,True,engine_idling,0.004026258314647106,8.482419967651367,2106.77490234375,2.415815591812134,5.261153221130371,4.345104217529297,3.0049750804901123,3.2443413734436035,Delta,2,True
52,9,gun_shot,gun_shot,True,dog_bark,0.00459445618579548,53.95498275756836,11743.4970703125,15.713776588439941,32.47611618041992,27.922626495361328,20.54014778137207,20.197734832763672,Delta,1,True
53,9,jackhammer,jackhammer,True,engine_idling,0.00535474812616281,10.447628021240234,1951.0960693359375,3.014674425125122,6.431861877441406,5.380409240722656,3.7627811431884766,3.948225975036621,Delta,2,True
54,9,air_conditioner,jackhammer,False,jackhammer,0.0,0.0,0.0,0.0,0.0,0.0,0.0,0.0,none,0,False
55,9,siren,siren,True,dog_bark,0.006126333955097785,39.61223220825195,6465.89501953125,11.724530220031738,23.70669174194336,20.25942039489746,14.654608726501465,15.6350679397583,Delta,3,True
56,9,dog_bark,dog_bark,True,children_playing,0.004006184216188636,14.591434478759766,3642.2275390625,4.067737579345703,9.16417407989502,7.382218837738037,5.448882579803467,5.309793472290039,Delta,4,True
57,9,jackhammer,jackhammer,True,engine_idling,0.0027123814668377592,6.868219375610352,2532.173095703125,2.012204170227051,4.184218883514404,3.494450330734253,2.6217641830444336,2.555572271347046,Delta,4,True
58,9,siren,siren,True,dog_bark,0.0025644582263071656,25.48297882080078,9936.9833984375,7.586231231689453,14.893977165222168,13.75225830078125,9.325355529785156,9.690916061401367,Delta,2,True
59,9,air_conditioner,dog_bark,False,dog_bark,0.0,0.0,0.0,0.0,0.0,0.0,0.0,0.0,none,0,False
60,9,air_conditioner,dog_bark,False,dog_bark,0.0,0.0,0.0,0.0,0.0,0.0,0.0,0.0,none,0,False
61,9,air_conditioner,engine_idling,False,engine_idling,0.0,0.0,0.0,0.0,0.0,0.0,0.0,0.0,none,0,False
62,9,jackhammer,jackhammer,True,engine_idling,0.0017575467289442882,4.347179412841797,2473.43603515625,1.2504069805145264,2.706022262573242,2.2128772735595703,1.6082475185394287,1.5901598930358887,Delta,3,True
63,9,siren,siren,True,dog_bark,0.015905800305794197,68.16773223876953,4285.71533203125,19.577495574951172,41.116695404052734,35.16066360473633,25.174509048461914,26.51321029663086,Delta,2,True
64,9,children_playing,children_playing,True,air_conditioner,0.000257961123435944,2.1955013275146484,8510.9775390625,0.6131862998008728,1.3597217798233032,1.1326731443405151,0.8291429281234741,0.7905429601669312,Delta,1,True
65,9,gun_shot,gun_shot,True,dog_bark,0.004647142150645131,53.00347900390625,11405.607421875,15.467927932739258,32.481201171875,27.044113159179688,19.766969680786133,19.823379516601562,Delta,1,True
66,9,dog_bark,dog_bark,True,children_playing,0.0004921954063111432,3.941781759262085,8008.57080078125,1.1576365232467651,2.4565677642822266,1.970003366470337,1.466113567352295,1.4602718353271484,Delta,1,True
67,9,street_music,children_playing,False,children_playing,0.0,0.0,0.0,0.0,0.0,0.0,0.0,0.0,none,0,False
68,9,engine_idling,engine_idling,True,siren,0.017065050715612286,38.61857223510742,2263.021240234375,11.353150367736816,22.236087799072266,20.918704986572266,14.633367538452148,14.708123207092285,Delta,1,True
69,9,jackhammer,jackhammer,True,engine_idling,0.007480701902246406,15.492575645446777,2071.005615234375,4.501688480377197,9.401314735412598,7.911860942840576,5.7224345207214355,6.0021796226501465,Delta,3,True
70,9,children_playing,children_playing,True,dog_bark,0.001734712302293158,9.999998092651367,5764.6435546875,2.810683250427246,6.199394226074219,5.137278079986572,3.8042681217193604,3.578190326690674,Delta,3,True
71,9,siren,dog_bark,False,dog_bark,0.0,0.0,0.0,0.0,0.0,0.0,0.0,0.0,none,0,False
72,9,street_music,street_music,True,engine_idling,0.003170754684438745,8.533292770385742,2691.249755859375,2.3250179290771484,5.4919753074646,4.291248798370361,3.1079025268554688,3.029144287109375,Delta,4,True
73,9,dog_bark,dog_bark,True,siren,0.005432701941823584,46.11326217651367,8488.08984375,13.331747055053711,27.303871154785156,24.474199295043945,17.497713088989258,17.263832092285156,Delta,3,True
74,9,air_conditioner,engine_idling,False,engine_idling,0.0,0.0,0.0,0.0,0.0,0.0,0.0,0.0,none,0,False
75,9,jackhammer,jackhammer,True,engine_idling,0.0025254394655680502,7.076949119567871,2802.264404296875,2.1185576915740967,4.272162914276123,3.612614154815674,2.557574987411499,2.784127950668335,Delta,2,True
76,9,street_music,street_music,True,children_playing,0.001183183017326962,6.452561378479004,5453.5615234375,1.699941635131836,4.257266998291016,3.290663003921509,2.219064474105835,2.2065162658691406,Delta,1,True
77,9,jackhammer,jackhammer,True,siren,0.009755315562586415,36.64167022705078,3756.072265625,10.12509822845459,23.257137298583984,18.358375549316406,13.596219062805176,13.315887451171875,Delta,3,True
78,9,dog_bark,dog_bark,True,car_horn,0.004099390736985176,35.92509078979492,8763.51953125,9.930298805236816,22.154953002929688,18.47237777709961,13.794387817382812,13.024803161621094,Delta,1,True
79,9,street_music,children_playing,False,children_playing,0.0,0.0,0.0,0.0,0.0,0.0,0.0,0.0,none,0,False
80,9,jackhammer,jackhammer,True,drilling,0.0035854893417136147,9.382022857666016,2616.66455078125,2.812384605407715,5.58793830871582,4.918798923492432,3.4373960494995117,3.588526487350464,Delta,3,True
81,9,dog_bark,dog_bark,True,children_playing,0.010725701557878864,93.88018035888672,8752.82421875,26.260820388793945,61.54698181152344,44.799522399902344,34.688995361328125,33.548519134521484,Delta,1,True
82,9,street_music,street_music,True,car_horn,0.00038875764999772615,2.0786795616149902,5346.98046875,0.5322924852371216,1.4200024604797363,0.9771291613578796,0.7490825057029724,0.7108167409896851,Delta,1,True
83,9,dog_bark,dog_bark,True,children_playing,0.010461582619028156,87.48396301269531,8362.40234375,24.31947135925293,56.0181770324707,42.85047912597656,32.7796745300293,31.832382202148438,Delta,1,True
84,9,jackhammer,jackhammer,True,engine_idling,0.00028580285340742197,0.7736901640892029,2707.076416015625,0.2271326333284378,0.4770120680332184,0.3897147476673126,0.28261250257492065,0.29617440700531006,Delta,2,True
85,9,engine_idling,engine_idling,True,air_conditioner,0.0016181605520768692,10.433135986328125,6447.5283203125,3.0057919025421143,6.310039043426514,5.435007095336914,3.8511719703674316,3.9532411098480225,Delta,1,True
86,9,drilling,drilling,True,jackhammer,0.0009504840851811306,2.7416112422943115,2884.436767578125,0.8306882381439209,1.5616159439086914,1.4569364786148071,1.0464814901351929,1.0816457271575928,Delta,1,True
87,9,engine_idling,engine_idling,True,air_conditioner,0.0025137971392690805,15.660632133483887,6229.87109375,4.5424299240112305,9.51458740234375,7.904613971710205,5.949501991271973,6.017877101898193,Delta,1,True
88,9,children_playing,dog_bark,False,dog_bark,0.0,0.0,0.0,0.0,0.0,0.0,0.0,0.0,none,0,False
89,9,children_playing,children_playing,True,dog_bark,0.00027742144111952033,1.3527016639709473,4875.98095703125,0.3758009076118469,0.8446689248085022,0.6943269371986389,0.5110868215560913,0.48146674036979675,Delta,2,True
90,9,street_music,children_playing,False,children_playing,0.0,0.0,0.0,0.0,0.0,0.0,0.0,0.0,none,0,False
91,9,jackhammer,jackhammer,True,engine_idling,0.0003659302297784992,1.029376745223999,2813.041015625,0.3016446828842163,0.6191858053207397,0.5331562757492065,0.38472166657447815,0.3911133110523224,Delta,2,True
92,9,jackhammer,jackhammer,True,drilling,0.0025432458734600634,5.807608127593994,2283.541748046875,1.737367033958435,3.4643263816833496,3.020814895629883,2.1561543941497803,2.2212581634521484,Delta,2,True
93,9,street_music,street_music,True,children_playing,0.0009364076632440483,5.626532554626465,6008.6357421875,1.4928635358810425,3.489683151245117,3.012378215789795,2.0471956729888916,1.996474027633667,Delta,1,True
94,9,gun_shot,gun_shot,True,dog_bark,0.000521666805530554,5.442183494567871,10432.2978515625,1.5942416191101074,3.28027606010437,2.7822253704071045,2.0968616008758545,2.0440001487731934,Delta,1,True
95,9,dog_bark,dog_bark,True,children_playing,0.008782603798220994,71.16468811035156,8102.91455078125,20.008399963378906,46.53974914550781,33.49808883666992,26.504053115844727,25.952680587768555,Delta,1,True
96,9,drilling,drilling,True,dog_bark,0.0010568547299769084,10.734884262084961,10157.388671875,2.7573282718658447,6.9332499504089355,5.391746520996094,4.058759689331055,3.744392156600952,Delta,1,True
97,9,jackhammer,jackhammer,True,engine_idling,0.002257405878794149,7.588049411773682,3361.40234375,2.222795248031616,4.5230889320373535,3.964832305908203,2.8797686100006104,2.8576877117156982,Delta,4,True
98,9,street_music,street_music,True,children_playing,0.0007744346580598588,4.270810127258301,5514.74560546875,1.11024808883667,2.817742347717285,2.1360838413238525,1.4849531650543213,1.5164289474487305,Delta,1,True
99,9,air_conditioner,air_conditioner,True,engine_idling,0.0012463315173272223,4.4791669845581055,3593.880859375,1.2703542709350586,2.7179131507873535,2.2313239574432373,1.7430083751678467,1.7450498342514038,Delta,1,True
100,9,dog_bark,dog_bark,True,children_playing,0.0006751082730868913,6.926006317138672,10259.1044921875,1.948024868965149,4.242497444152832,3.5420782566070557,2.6115450859069824,2.6095004081726074,Delta,3,True
101,9,air_conditioner,jackhammer,False,jackhammer,0.0,0.0,0.0,0.0,0.0,0.0,0.0,0.0,none,0,False
102,9,jackhammer,jackhammer,True,engine_idling,0.004368297500994236,13.764928817749023,3151.096923828125,3.9710724353790283,8.264514923095703,7.213129043579102,5.0230488777160645,5.304847240447998,Delta,2,True
103,9,siren,dog_bark,False,dog_bark,0.0,0.0,0.0,0.0,0.0,0.0,0.0,0.0,none,0,False
104,9,siren,siren,True,dog_bark,0.014104734420397228,60.70176315307617,4303.64453125,17.407873153686523,36.879615783691406,31.325069427490234,22.17413330078125,23.42246437072754,Delta,2,True
105,9,engine_idling,engine_idling,True,jackhammer,0.016368274669052437,37.5556755065918,2294.418701171875,11.319931983947754,21.971010208129883,19.395397186279297,14.535587310791016,14.563576698303223,Delta,4,True
106,9,drilling,drilling,True,jackhammer,0.006148361119101613,38.15566635131836,6205.8271484375,11.327335357666016,21.8228759765625,20.746379852294922,14.673213958740234,14.338509559631348,Delta,4,True
107,9,gun_shot,gun_shot,True,jackhammer,0.006267511046362373,59.127723693847656,9434.00390625,18.161128997802734,34.894569396972656,30.507614135742188,23.081905364990234,22.025922775268555,Delta,1,True
108,9,children_playing,children_playing,True,dog_bark,0.004557333937924293,28.411819458007812,6234.30712890625,7.807647705078125,18.186620712280273,14.124629974365234,10.269644737243652,10.51418685913086,Delta,3,True
109,9,car_horn,car_horn,True,dog_bark,0.0013235707079275057,15.256279945373535,11526.607421875,4.132385730743408,9.386062622070312,8.193177223205566,5.605246067047119,5.388166904449463,Delta,1,True
110,9,jackhammer,jackhammer,True,engine_idling,0.0073570485546408885,14.847182273864746,2018.0894775390625,4.369811534881592,9.267663955688477,7.46101713180542,5.302818775177002,5.627370357513428,Delta,3,True
111,9,air_conditioner,jackhammer,False,jackhammer,0.0,0.0,0.0,0.0,0.0,0.0,0.0,0.0,none,0,False
112,9,air_conditioner,dog_bark,False,dog_bark,0.0,0.0,0.0,0.0,0.0,0.0,0.0,0.0,none,0,False
113,9,jackhammer,jackhammer,True,engine_idling,0.001729004914002614,4.227590084075928,2445.10009765625,1.1716883182525635,2.6403844356536865,2.1701760292053223,1.5412510633468628,1.5629825592041016,Delta,3,True
114,9,children_playing,children_playing,True,street_music,0.003032541617019384,19.875917434692383,6554.2109375,5.519354343414307,12.378640174865723,10.374490737915039,7.358156204223633,7.041701793670654,Delta,4,True
115,9,siren,siren,True,dog_bark,0.0015833729835716013,16.90117835998535,10674.1611328125,4.99332332611084,9.998641014099121,9.072785377502441,6.056052207946777,6.461620330810547,Delta,2,True
116,9,children_playing,children_playing,True,dog_bark,0.0023816794019295233,14.072509765625,5908.64990234375,3.950200319290161,8.602437973022461,7.4070515632629395,5.214414119720459,5.135658264160156,Delta,1,True
117,9,air_conditioner,dog_bark,False,dog_bark,0.0,0.0,0.0,0.0,0.0,0.0,0.0,0.0,none,0,False
118,9,jackhammer,jackhammer,True,engine_idling,0.0003222929850334315,0.9852215647697449,3056.912841796875,0.2785402834415436,0.6041668057441711,0.506888747215271,0.3713694214820862,0.36497652530670166,Delta,2,True
119,9,air_conditioner,dog_bark,False,dog_bark,0.0,0.0,0.0,0.0,0.0,0.0,0.0,0.0,none,0,False
120,9,siren,siren,True,dog_bark,0.003684903261862084,40.816287994384766,11076.6240234375,11.760946273803711,25.457033157348633,20.601694107055664,14.400535583496094,15.7411470413208,Delta,2,True
121,9,gun_shot,gun_shot,True,dog_bark,4.849498042627679e-05,0.49041178822517395,10112.6298828125,0.13798591494560242,0.30326005816459656,0.2513718008995056,0.18244752287864685,0.18171976506710052,Delta,1,True
122,9,dog_bark,dog_bark,True,children_playing,0.010389208076298161,81.04850006103516,7801.22021484375,23.44278907775879,52.44273376464844,39.12158966064453,29.446823120117188,29.520179748535156,Delta,4,True
123,9,air_conditioner,drilling,False,drilling,0.0,0.0,0.0,0.0,0.0,0.0,0.0,0.0,none,0,False
124,9,drilling,drilling,True,jackhammer,0.0009803645324115635,10.224098205566406,10428.8740234375,2.9451100826263428,6.070531368255615,5.4716410636901855,3.816725254058838,3.8080062866210938,Delta,3,True
125,9,drilling,jackhammer,False,jackhammer,0.0,0.0,0.0,0.0,0.0,0.0,0.0,0.0,none,0,False
126,9,drilling,jackhammer,False,jackhammer,0.0,0.0,0.0,0.0,0.0,0.0,0.0,0.0,none,0,False
127,9,engine_idling,engine_idling,True,jackhammer,0.016508159212045858,38.08518981933594,2307.052490234375,11.299605369567871,22.696500778198242,19.420970916748047,14.601469039916992,14.740838050842285,Delta,4,True
128,9,siren,siren,True,dog_bark,0.01695483547270717,72.97280883789062,4303.95263671875,21.176406860351562,43.79734420776367,37.59910583496094,27.139230728149414,28.42803955078125,Delta,2,True
129,9,car_horn,car_horn,True,dog_bark,0.005454575742065758,58.46003341674805,10717.61328125,16.913856506347656,33.391693115234375,33.92913055419922,21.26662826538086,20.323305130004883,Delta-Delta,2,True
130,9,siren,siren,True,street_music,0.002329520631347334,27.42321014404297,11772.0400390625,6.9028449058532715,18.671405792236328,13.701025009155273,9.207286834716797,9.125215530395508,Delta,4,True
131,9,siren,dog_bark,False,dog_bark,0.0,0.0,0.0,0.0,0.0,0.0,0.0,0.0,none,0,False
132,9,air_conditioner,jackhammer,False,jackhammer,0.0,0.0,0.0,0.0,0.0,0.0,0.0,0.0,none,0,False
133,9,drilling,jackhammer,False,jackhammer,0.0,0.0,0.0,0.0,0.0,0.0,0.0,0.0,none,0,False
134,9,jackhammer,jackhammer,True,engine_idling,0.004058749167795707,9.007644653320312,2219.3154296875,2.592949390411377,5.455836772918701,4.583564281463623,3.31597638130188,3.555751323699951,Delta,1,True
135,9,jackhammer,jackhammer,True,engine_idling,0.0020735317356936965,6.671400547027588,3217.409423828125,1.9747556447982788,4.080321788787842,3.4466159343719482,2.4590933322906494,2.456134796142578,Delta,3,True
136,9,children_playing,children_playing,True,street_music,0.002825369549229876,20.43402862548828,7232.33837890625,5.532644271850586,12.281614303588867,11.019810676574707,7.613870143890381,7.529545783996582,Delta,3,True
137,9,gun_shot,gun_shot,True,engine_idling,0.0028921363945269506,24.660348892211914,8526.689453125,7.4046735763549805,13.939693450927734,13.011028289794922,9.539021492004395,9.935230255126953,Delta,3,True
138,9,jackhammer,jackhammer,True,drilling,0.004415991573189428,11.279796600341797,2554.306640625,3.393018960952759,6.686126708984375,5.823178768157959,4.1695756912231445,4.440965175628662,Delta,1,True
139,9,engine_idling,engine_idling,True,jackhammer,0.00259862057832894,5.4905242919921875,2112.861083984375,1.5706497430801392,3.3736486434936523,2.8446433544158936,1.9887775182724,2.061596632003784,Delta,4,True
140,9,drilling,drilling,True,jackhammer,0.0009939220897161097,4.411067485809326,4438.04150390625,1.3300020694732666,2.588906764984131,2.3097259998321533,1.6816939115524292,1.680250644683838,Delta,2,True
141,9,jackhammer,jackhammer,True,engine_idling,0.0007770040604108314,2.0038325786590576,2578.921630859375,0.6108781099319458,1.1737421751022339,1.029551386833191,0.7584285736083984,0.7932919859886169,Delta,2,True
142,9,drilling,drilling,True,dog_bark,0.0010952851014872213,10.93138599395752,9980.40234375,3.0006356239318848,6.856706142425537,5.614431858062744,4.083698749542236,3.9087772369384766,Delta,1,True
143,9,car_horn,car_horn,True,dog_bark,0.00673484870590733,82.15681457519531,12198.76171875,23.241146087646484,47.65011978149414,46.27223587036133,29.097431182861328,30.842769622802734,Delta,2,True
144,9,children_playing,children_playing,True,dog_bark,0.0007822481827194224,3.920170307159424,5011.4150390625,1.0829014778137207,2.4887375831604004,1.9911311864852905,1.43305504322052,1.4081887006759644,Delta,3,True
145,9,car_horn,car_horn,True,engine_idling,0.0002954005390970187,2.853437662124634,9659.5546875,0.7955862283706665,1.8183317184448242,1.4611984491348267,1.0224370956420898,1.0111083984375,Delta,2,True
146,9,jackhammer,jackhammer,True,engine_idling,0.002253065411359551,15.637430191040039,6940.51318359375,4.5626678466796875,9.380657196044922,8.125840187072754,5.7186737060546875,6.081286907196045,Delta,1,True
147,9,street_music,children_playing,False,children_playing,0.0,0.0,0.0,0.0,0.0,0.0,0.0,0.0,none,0,False
148,9,engine_idling,engine_idling,True,air_conditioner,0.0018886703051436177,11.910651206970215,6306.36865234375,3.5220882892608643,7.040473461151123,6.286658763885498,4.425454616546631,4.558896064758301,Delta,1,True
149,9,engine_idling,engine_idling,True,air_conditioner,0.0023463212023485643,14.8521089553833,6329.95556640625,4.251079082489014,9.185352325439453,7.589465141296387,5.476635932922363,5.5271382331848145,Delta,1,True
150,9,drilling,jackhammer,False,jackhammer,0.0,0.0,0.0,0.0,0.0,0.0,0.0,0.0,none,0,False
151,9,jackhammer,jackhammer,True,engine_idling,0.0003239423714979764,0.828092634677887,2556.296142578125,0.24088218808174133,0.4953227937221527,0.4343634843826294,0.3117963373661041,0.31061217188835144,Delta,2,True
152,9,children_playing,children_playing,True,dog_bark,0.0005191855291395147,2.514435291290283,4843.0380859375,0.7076206803321838,1.5388137102127075,1.3070176839828491,0.9365458488464355,0.9318246841430664,Delta,2,True
153,9,drilling,drilling,True,jackhammer,0.00025451663217407284,1.0605335235595703,4166.853515625,0.30576324462890625,0.643244206905365,0.5575807690620422,0.3900523781776428,0.392988383769989,Delta,1,True
154,9,jackhammer,jackhammer,True,drilling,0.0026892500728653125,7.678099155426025,2855.10791015625,2.2926666736602783,4.544071197509766,3.970947265625,2.884678602218628,2.9930763244628906,Delta,2,True
155,9,street_music,street_music,True,engine_idling,0.00866959956260005,22.72612762451172,2621.3583984375,6.060778617858887,14.608161926269531,11.706538200378418,8.086832046508789,7.9940948486328125,Delta,1,True
156,9,engine_idling,engine_idling,True,siren,0.001662615749154857,3.4617953300476074,2082.137939453125,1.0077147483825684,2.1195127964019775,1.7885260581970215,1.3054991960525513,1.2542128562927246,Delta,2,True
157,9,street_music,street_music,True,children_playing,0.00026678953929772765,1.6651157140731812,6241.30810546875,0.4448252022266388,1.0855265855789185,0.84959477186203,0.5800095796585083,0.5815068483352661,Delta,1,True
158,9,street_music,street_music,True,car_horn,0.002548432025748753,13.792384147644043,5412.10595703125,3.463322401046753,9.481983184814453,6.471568584442139,4.923735618591309,4.7119927406311035,Delta,1,True
159,9,dog_bark,dog_bark,True,children_playing,0.0037096835500924972,35.6782112121582,9617.5888671875,9.63720417022705,23.241840362548828,17.61050796508789,13.009642601013184,12.668669700622559,Delta,1,True
160,9,jackhammer,jackhammer,True,engine_idling,0.0025923919862010187,8.427106857299805,3250.70703125,2.410984516143799,5.163627624511719,4.402554512023926,3.0789451599121094,3.110924482345581,Delta,2,True
161,9,air_conditioner,drilling,False,drilling,0.0,0.0,0.0,0.0,0.0,0.0,0.0,0.0,none,0,False
162,9,air_conditioner,children_playing,False,children_playing,0.0,0.0,0.0,0.0,0.0,0.0,0.0,0.0,none,0,False
163,9,air_conditioner,jackhammer,False,jackhammer,0.0,0.0,0.0,0.0,0.0,0.0,0.0,0.0,none,0,False
164,9,siren,siren,True,dog_bark,0.014194911986817375,60.8407096862793,4286.0927734375,17.701459884643555,36.86518096923828,31.152729034423828,22.294403076171875,23.69969367980957,Delta,2,True
165,9,drilling,jackhammer,False,jackhammer,0.0,0.0,0.0,0.0,0.0,0.0,0.0,0.0,none,0,False
166,9,siren,dog_bark,False,dog_bark,0.0,0.0,0.0,0.0,0.0,0.0,0.0,0.0,none,0,False
167,9,engine_idling,engine_idling,True,jackhammer,0.01451758955258643,33.4029426574707,2300.860107421875,10.025665283203125,19.423091888427734,17.24113655090332,13.10132884979248,13.003252029418945,Delta,4,True
168,9,drilling,jackhammer,False,jackhammer,0.0,0.0,0.0,0.0,0.0,0.0,0.0,0.0,none,0,False
169,9,air_conditioner,children_playing,False,children_playing,0.0,0.0,0.0,0.0,0.0,0.0,0.0,0.0,none,0,False
170,9,children_playing,children_playing,True,dog_bark,0.003438339831868149,24.387632369995117,7092.85107421875,6.831943511962891,14.74394416809082,12.962980270385742,8.979175567626953,9.057197570800781,Delta,4,True
171,9,air_conditioner,dog_bark,False,dog_bark,0.0,0.0,0.0,0.0,0.0,0.0,0.0,0.0,none,0,False
172,9,children_playing,children_playing,True,street_music,0.0012320228651872924,6.115698337554932,4963.94873046875,1.634305477142334,3.9493484497070312,3.055018663406372,2.2101783752441406,2.2170770168304443,Delta,3,True
173,9,siren,siren,True,dog_bark,0.002547123032051249,28.218250274658203,11078.4794921875,8.333268165588379,16.804128646850586,14.822304725646973,10.314179420471191,10.879546165466309,Delta,3,True
174,9,jackhammer,jackhammer,True,engine_idling,0.0016017566570238697,4.784694671630859,2987.154541015625,1.431683897972107,2.9074490070343018,2.4580419063568115,1.7249408960342407,1.8365546464920044,Delta,1,True
175,9,street_music,street_music,True,siren,0.004128361473470485,25.06451416015625,6071.29833984375,6.482014179229736,16.597652435302734,12.595888137817383,8.706541061401367,8.733327865600586,Delta,3,True
176,9,air_conditioner,dog_bark,False,dog_bark,0.0,0.0,0.0,0.0,0.0,0.0,0.0,0.0,none,0,False
177,9,street_music,street_music,True,siren,5.519022495514694e-05,0.3809875547885895,6903.1708984375,0.09971438348293304,0.24325117468833923,0.20342203974723816,0.13395759463310242,0.12927591800689697,Delta,1,True
178,9,air_conditioner,dog_bark,False,dog_bark,0.0,0.0,0.0,0.0,0.0,0.0,0.0,0.0,none,0,False
179,9,air_conditioner,dog_bark,False,dog_bark,0.0,0.0,0.0,0.0,0.0,0.0,0.0,0.0,none,0,False
180,9,children_playing,children_playing,True,street_music,0.0023050136238513524,11.16641902923584,4844.40478515625,2.9869565963745117,7.083862781524658,5.764298439025879,4.03206205368042,4.012631416320801,Delta,4,True
181,9,jackhammer,jackhammer,True,engine_idling,0.0016257564053051173,5.119161605834961,3148.78759765625,1.4733227491378784,3.16078519821167,2.6072404384613037,1.8393555879592896,1.9656147956848145,Delta,3,True
182,9,air_conditioner,jackhammer,False,jackhammer,0.0,0.0,0.0,0.0,0.0,0.0,0.0,0.0,none,0,False
183,9,street_music,street_music,True,children_playing,0.00043500685261841054,2.7703604698181152,6368.54443359375,0.7273664474487305,1.738685965538025,1.4672683477401733,1.0105823278427124,0.9739886522293091,Delta,1,True
184,9,siren,siren,True,dog_bark,0.001433369889714729,15.659745216369629,10925.125,4.657042026519775,9.356402397155762,8.193406105041504,5.686619758605957,6.043820858001709,Delta,1,True
185,9,dog_bark,dog_bark,True,gun_shot,0.006579584871015208,58.02873229980469,8819.5126953125,16.717256546020508,34.819244384765625,29.837947845458984,23.212329864501953,21.127525329589844,Delta,1,True
186,9,gun_shot,gun_shot,True,dog_bark,0.002686018671878106,21.24263572692871,7908.595703125,6.016252517700195,13.717842102050781,10.557109832763672,7.551167011260986,7.642145156860352,Delta,1,True
187,9,siren,siren,True,dog_bark,0.0005440772009890872,3.1467108726501465,5783.57421875,0.9326731562614441,1.8952317237854004,1.6289161443710327,1.1700114011764526,1.1906771659851074,Delta,1,True
188,9,children_playing,children_playing,True,street_music,0.002195289357032966,12.444504737854004,5668.73095703125,3.3945534229278564,7.518582344055176,6.8191962242126465,4.525166988372803,4.453654766082764,Delta,3,True
189,9,engine_idling,engine_idling,True,siren,0.015825428829940157,36.56993103027344,2310.83349609375,10.8693208694458,21.344581604003906,19.503921508789062,13.833268165588379,13.851510047912598,Delta,1,True
190,9,siren,siren,True,dog_bark,0.014847277612598206,64.07621765136719,4315.68798828125,18.499902725219727,38.82920455932617,32.883506774902344,23.779016494750977,24.678760528564453,Delta,2,True
191,9,children_playing,children_playing,True,street_music,0.002856074775808273,18.55257225036621,6495.82861328125,5.0652008056640625,11.340543746948242,9.853864669799805,6.918982028961182,6.705430507659912,Delta,1,True
192,9,air_conditioner,engine_idling,False,engine_idling,0.0,0.0,0.0,0.0,0.0,0.0,0.0,0.0,none,0,False
193,9,dog_bark,dog_bark,True,gun_shot,0.007068263855537441,56.793365478515625,8034.98095703125,16.76679229736328,34.028472900390625,28.210590362548828,22.56957244873047,21.936294555664062,Delta,5,True
194,9,children_playing,children_playing,True,dog_bark,0.0003026718857424152,3.4836623668670654,11509.69921875,0.9154887199401855,2.2887067794799805,1.7107118368148804,1.3092964887619019,1.1911392211914062,Delta,1,True
195,9,jackhammer,jackhammer,True,engine_idling,0.0017741132560826745,6.746642589569092,3802.8251953125,1.9418072700500488,4.060670852661133,3.513275146484375,2.5206356048583984,2.5614092350006104,Delta,1,True
196,9,jackhammer,jackhammer,True,drilling,0.00513494652138772,13.629303932189941,2654.22509765625,4.057469367980957,8.12756633758545,7.143934726715088,4.970911502838135,5.243259906768799,Delta,2,True
197,9,car_horn,car_horn,True,jackhammer,0.001529438965735229,17.18604278564453,11236.828125,4.983348846435547,10.779864311218262,8.9122896194458,6.231327056884766,6.005204677581787,Delta,1,True
198,9,street_music,street_music,True,children_playing,0.0011214287955113914,4.441056251525879,3960.1767578125,1.1436328887939453,2.8492369651794434,2.2690699100494385,1.6329479217529297,1.5753529071807861,Delta,3,True
199,9,drilling,siren,False,siren,0.0,0.0,0.0,0.0,0.0,0.0,0.0,0.0,none,0,False
200,9,drilling,jackhammer,False,jackhammer,0.0,0.0,0.0,0.0,0.0,0.0,0.0,0.0,none,0,False
201,9,children_playing,children_playing,True,dog_bark,0.0014586018823483534,7.25966739654541,4977.14111328125,1.9496914148330688,4.581661701202393,3.689460515975952,2.6831650733947754,2.6642746925354004,Delta,3,True
202,9,gun_shot,gun_shot,True,engine_idling,0.00443484237185019,39.84307861328125,8984.1025390625,11.64993953704834,23.351621627807617,20.3312931060791,15.324859619140625,16.069807052612305,Delta,2,True
203,9,jackhammer,jackhammer,True,engine_idling,0.0012402442066873365,3.4933207035064697,2816.639404296875,1.0472148656845093,2.1229286193847656,1.7599996328353882,1.2922091484069824,1.353662133216858,Delta,2,True
204,9,jackhammer,jackhammer,True,drilling,0.0018482798928160385,13.189173698425293,7135.91796875,3.7951788902282715,8.04864501953125,6.804145812988281,4.892784118652344,4.953232765197754,Delta,1,True
205,9,dog_bark,dog_bark,True,children_playing,0.0012542516727713172,12.01215934753418,9577.15234375,3.3973605632781982,7.278270721435547,6.231612205505371,4.4514241218566895,4.596576690673828,Delta,3,True
206,9,engine_idling,engine_idling,True,dog_bark,0.0026352648074855433,16.492862701416016,6258.52197265625,4.3673810958862305,10.776575088500977,8.010934829711914,6.250015735626221,5.793804168701172,Delta,3,True
207,9,dog_bark,dog_bark,True,air_conditioner,6.650672137264756e-05,0.3186098337173462,4790.64111328125,0.08712228387594223,0.20314344763755798,0.1633061021566391,0.11384235322475433,0.11413022130727768,Delta,1,True
208,9,jackhammer,jackhammer,True,engine_idling,0.0012821754461187105,12.689227104187012,9896.638671875,3.6156628131866455,7.769964218139648,6.759239196777344,4.480728626251221,4.669782638549805,Delta,3,True
209,9,jackhammer,jackhammer,True,engine_idling,0.0013276873069452961,3.520167112350464,2651.3525390625,1.0208755731582642,2.1314592361450195,1.8409442901611328,1.3149138689041138,1.2993066310882568,Delta,3,True
210,9,engine_idling,engine_idling,True,dog_bark,0.0027049606786510565,16.98680305480957,6279.87060546875,4.537646293640137,10.852275848388672,8.689201354980469,6.352144241333008,5.859811305999756,Delta,4,True
211,9,street_music,street_music,True,air_conditioner,0.0038284237405426576,10.227473258972168,2671.4580078125,2.8570094108581543,6.34547233581543,5.338420391082764,3.7386133670806885,3.7010438442230225,Delta,4,True
212,9,engine_idling,engine_idling,True,siren,0.0017091832726370128,3.58437180519104,2097.12548828125,1.0151569843292236,2.18678879737854,1.8813159465789795,1.3339769840240479,1.3100718259811401,Delta,1,True
213,9,drilling,engine_idling,False,engine_idling,0.0,0.0,0.0,0.0,0.0,0.0,0.0,0.0,none,0,False
214,9,jackhammer,jackhammer,True,drilling,0.004633935909722054,12.8530912399292,2773.687744140625,3.8783934116363525,7.620744705200195,6.625644683837891,4.758913040161133,5.053499698638916,Delta,2,True
215,9,children_playing,children_playing,True,dog_bark,6.167249475536217e-05,0.4114348590373993,6671.2861328125,0.11244852095842361,0.2632506787776947,0.2069500982761383,0.14897744357585907,0.14936687052249908,Delta,1,True
216,9,drilling,drilling,True,air_conditioner,0.004231531986389208,30.026601791381836,7095.91748046875,8.358541488647461,18.344987869262695,15.766218185424805,11.200138092041016,11.00800895690918,Delta,3,True
217,9,siren,siren,True,dog_bark,0.015138651204785898,65.1021728515625,4300.39453125,18.907136917114258,39.181400299072266,33.55495834350586,24.109251022338867,25.26736068725586,Delta,2,True
218,9,street_music,street_music,True,children_playing,0.0004884812831423056,2.6648144721984863,5455.30517578125,0.7055349349975586,1.7429399490356445,1.3296715021133423,0.9670233726501465,0.92868572473526,Delta,2,True
219,9,air_conditioner,engine_idling,False,engine_idling,0.0,0.0,0.0,0.0,0.0,0.0,0.0,0.0,none,0,False
220,9,gun_shot,dog_bark,False,dog_bark,0.0,0.0,0.0,0.0,0.0,0.0,0.0,0.0,none,0,False
221,9,gun_shot,gun_shot,True,engine_idling,0.0011880978310249812,8.603594779968262,7241.48681640625,2.543912410736084,4.9254913330078125,4.555010795593262,3.2683112621307373,3.4438207149505615,Delta,2,True
222,9,dog_bark,dog_bark,True,children_playing,0.010377571969504435,77.65900421142578,7483.35009765625,23.223649978637695,47.93276596069336,38.79966354370117,29.567346572875977,28.53753089904785,Delta,2,True
223,9,children_playing,children_playing,True,dog_bark,0.0006151483753768571,3.9441893100738525,6411.76904296875,1.0535027980804443,2.4910600185394287,2.0540525913238525,1.3926359415054321,1.4431962966918945,Delta,1,True
224,9,children_playing,children_playing,True,street_music,0.0034991439808522372,21.31736946105957,6092.1669921875,5.904896259307861,13.720100402832031,10.480860710144043,8.100419044494629,7.473691940307617,Delta,3,True
225,9,siren,dog_bark,False,dog_bark,0.0,0.0,0.0,0.0,0.0,0.0,0.0,0.0,none,0,False
226,9,siren,siren,True,dog_bark,0.0019090434709198268,20.78986930847168,10890.2021484375,6.15388822555542,12.206158638000488,11.109792709350586,7.573948860168457,8.035283088684082,Delta,3,True
227,9,air_conditioner,engine_idling,False,engine_idling,0.0,0.0,0.0,0.0,0.0,0.0,0.0,0.0,none,0,False
228,9,dog_bark,dog_bark,True,gun_shot,0.0074674039124845975,75.66815185546875,10133.126953125,21.487146377563477,47.05549621582031,36.81568145751953,29.048614501953125,29.16394805908203,Delta,1,True
229,9,engine_idling,engine_idling,True,jackhammer,0.016021322145367473,36.810028076171875,2297.56494140625,11.119429588317871,21.552839279174805,18.75777244567871,14.308906555175781,14.498720169067383,Delta,3,True
230,9,jackhammer,jackhammer,True,engine_idling,0.0031560292585257593,10.0256986618042,3176.68115234375,2.832212209701538,6.147271156311035,5.258890628814697,3.6317899227142334,3.722693681716919,Delta,1,True
231,9,engine_idling,engine_idling,True,dog_bark,0.0010427298068566941,8.086795806884766,7755.40869140625,2.3003385066986084,4.9781999588012695,4.159477233886719,2.986161947250366,3.0172533988952637,Delta,1,True
232,9,air_conditioner,dog_bark,False,dog_bark,0.0,0.0,0.0,0.0,0.0,0.0,0.0,0.0,none,0,False
233,9,jackhammer,jackhammer,True,engine_idling,0.002687678960628215,6.890573024749756,2563.763427734375,2.0439834594726562,4.240175724029541,3.514209270477295,2.5455498695373535,2.5482442378997803,Delta,3,True
234,9,air_conditioner,air_conditioner,True,engine_idling,0.0009256991177505428,3.3841121196746826,3655.736572265625,0.9096921682357788,2.1448605060577393,1.661929965019226,1.3183512687683105,1.2345798015594482,Delta,2,True
235,9,engine_idling,engine_idling,True,air_conditioner,0.0012482537659146893,8.299917221069336,6649.22265625,2.4012672901153564,5.100787162780762,4.159153938293457,3.1684863567352295,3.1251630783081055,Delta,1,True
236,9,engine_idling,engine_idling,True,air_conditioner,0.0033453155227566715,21.90420150756836,6547.7236328125,6.423830986022949,13.428430557250977,11.187061309814453,8.231230735778809,8.080979347229004,Delta,1,True
237,9,street_music,street_music,True,siren,0.00017284235081300623,0.9202782511711121,5324.37939453125,0.24358558654785156,0.6036615967750549,0.45721113681793213,0.33017316460609436,0.32421353459358215,Delta,1,True
238,9,gun_shot,gun_shot,True,dog_bark,0.004661812507463104,54.63381576538086,11719.4365234375,16.419313430786133,32.46928405761719,28.181774139404297,20.728925704956055,20.907058715820312,Delta,1,True
239,9,children_playing,children_playing,True,dog_bark,0.001933579938762389,15.750748634338379,8145.89990234375,4.348098278045654,9.661588668823242,8.311761856079102,5.778162956237793,5.775922775268555,Delta,3,True
240,9,dog_bark,children_playing,False,children_playing,0.0,0.0,0.0,0.0,0.0,0.0,0.0,0.0,none,0,False
241,9,jackhammer,jackhammer,True,engine_idling,0.004204037855384191,12.8060884475708,3046.14013671875,3.7331795692443848,7.7208356857299805,6.506252288818359,4.868041515350342,4.941540718078613,Delta,3,True
242,9,street_music,street_music,True,children_playing,0.00011381360836898955,0.5283131003379822,4641.9150390625,0.1412721872329712,0.3286064565181732,0.28235888481140137,0.1927025020122528,0.18524029850959778,Delta,1,True
243,9,air_conditioner,car_horn,False,car_horn,0.0,0.0,0.0,0.0,0.0,0.0,0.0,0.0,none,0,False
244,9,street_music,children_playing,False,children_playing,0.0,0.0,0.0,0.0,0.0,0.0,0.0,0.0,none,0,False
245,9,siren,siren,True,dog_bark,0.014415574297623914,62.10292053222656,4308.04345703125,17.831960678100586,37.691375732421875,31.98263931274414,22.869762420654297,23.92152214050293,Delta,2,True
246,9,siren,siren,True,air_conditioner,0.00246153109245393,19.15165901184082,7780.384765625,4.967405319213867,12.305706977844238,9.80732250213623,6.8462066650390625,6.901182651519775,Delta,3,True
247,9,drilling,drilling,True,engine_idling,0.007654994377692522,11.224557876586914,1466.30517578125,3.230203151702881,6.890389919281006,5.716376781463623,4.158193588256836,4.255760669708252,Delta,3,True
248,9,drilling,drilling,True,jackhammer,0.00032211491302641904,1.6018409729003906,4972.88671875,0.4663064479827881,0.9642611742019653,0.8475132584571838,0.5992984771728516,0.5841366648674011,Delta,2,True
249,9,jackhammer,jackhammer,True,engine_idling,0.004697771609419164,9.640265464782715,2052.09326171875,2.752009630203247,5.960031986236572,4.843527793884277,3.497265338897705,3.761457681655884,Delta,3,True
250,9,engine_idling,engine_idling,True,air_conditioner,0.000790578751289121,5.284135341644287,6683.88232421875,1.4959770441055298,3.262422561645508,2.72773814201355,1.9698303937911987,1.9287174940109253,Delta,1,True
251,9,children_playing,children_playing,True,siren,0.002153814798153007,11.037253379821777,5124.513671875,3.0467963218688965,6.989640235900879,5.637063503265381,4.03020715713501,3.9577603340148926,Delta,1,True
252,9,dog_bark,dog_bark,True,gun_shot,0.00021319406461207225,2.2739999294281006,10666.337890625,0.6139954924583435,1.4136033058166504,1.172209620475769,0.8705834746360779,0.8147513270378113,Delta,3,True
253,9,siren,siren,True,air_conditioner,0.003004895488041536,25.464567184448242,8474.3603515625,7.043288707733154,16.20567512512207,12.751259803771973,9.383694648742676,9.250082969665527,Delta,5,True
254,9,jackhammer,jackhammer,True,engine_idling,0.00027990764447847707,1.1355246305465698,4056.783203125,0.3105050027370453,0.7080302834510803,0.5820437669754028,0.4239444434642792,0.41616347432136536,Delta,1,True
255,9,gun_shot,gun_shot,True,engine_idling,0.004872933614036552,43.555870056152344,8938.326171875,12.925328254699707,24.557567596435547,22.479671478271484,17.395401000976562,17.8616943359375,Delta,3,True
256,9,children_playing,children_playing,True,dog_bark,0.0007447672119982023,4.20280647277832,5643.1142578125,1.1461595296859741,2.670158863067627,2.107865333557129,1.5300965309143066,1.5607237815856934,Delta,1,True
257,9,jackhammer,drilling,False,drilling,0.0,0.0,0.0,0.0,0.0,0.0,0.0,0.0,none,0,False
258,9,siren,siren,True,air_conditioner,0.004175327808615746,35.3753547668457,8472.4736328125,9.363282203674316,22.21741485595703,18.27600860595703,12.85667610168457,13.069988250732422,Delta,4,True
259,9,children_playing,children_playing,True,jackhammer,1.3571152794456237e-05,0.06540632992982864,4819.51171875,0.018415028229355812,0.04060807451605797,0.033422134816646576,0.025164207443594933,0.02322891727089882,Delta,1,True
260,9,engine_idling,engine_idling,True,air_conditioner,0.001180805660396604,7.8923211097717285,6683.84423828125,2.264591693878174,4.762257099151611,4.132749557495117,2.9359402656555176,2.963426113128662,Delta,2,True
261,9,drilling,drilling,True,engine_idling,0.008478486661956896,11.435785293579102,1348.80029296875,3.2258188724517822,7.039737224578857,5.937151908874512,4.208489894866943,4.225188732147217,Delta,4,True
262,9,jackhammer,jackhammer,True,engine_idling,0.005183266919666386,10.624589920043945,2049.786376953125,3.1308271884918213,6.593600273132324,5.317842960357666,3.7700302600860596,4.136627674102783,Delta,2,True
263,9,siren,siren,True,dog_bark,0.01571309704701932,67.91829681396484,4322.400390625,19.42326545715332,41.29818344116211,34.943580627441406,25.016456604003906,26.138376235961914,Delta,2,True
264,9,siren,siren,True,engine_idling,0.0025516901739851914,19.50832176208496,7645.2548828125,5.18433952331543,12.616348266601562,9.903923034667969,6.9622273445129395,6.925654888153076,Delta,3,True
265,9,street_music,street_music,True,siren,0.0017173742219895205,7.479454040527344,4355.16845703125,2.018726348876953,4.814669609069824,3.763742446899414,2.7795019149780273,2.606633186340332,Delta,3,True
266,9,street_music,street_music,True,children_playing,2.1945455311241232e-05,0.10443273186683655,4758.74072265625,0.027918636798858643,0.06642470508813858,0.054400235414505005,0.03797070309519768,0.03624008223414421,Delta,1,True
267,9,dog_bark,dog_bark,True,children_playing,0.0017514847293900863,11.70556926727295,6683.2265625,3.331176519393921,7.36356258392334,5.963329315185547,4.184722900390625,4.316058158874512,Delta,1,True
268,9,dog_bark,dog_bark,True,children_playing,0.00823967364171008,81.08551788330078,9840.865234375,23.804779052734375,49.73455047607422,40.607418060302734,31.170188903808594,30.234498977661133,Delta,1,True
269,9,air_conditioner,drilling,False,drilling,0.0,0.0,0.0,0.0,0.0,0.0,0.0,0.0,none,0,False
270,9,street_music,street_music,True,children_playing,0.004953224891334956,32.96385192871094,6655.0283203125,8.64903450012207,20.053661346435547,18.889850616455078,11.730355262756348,10.73465347290039,Delta,1,True
271,9,drilling,gun_shot,False,gun_shot,0.0,0.0,0.0,0.0,0.0,0.0,0.0,0.0,none,0,False
272,9,drilling,jackhammer,False,jackhammer,0.0,0.0,0.0,0.0,0.0,0.0,0.0,0.0,none,0,False
273,9,gun_shot,gun_shot,True,dog_bark,0.0018153606979942345,19.93242645263672,10979.87109375,5.720901966094971,11.896625518798828,10.70581340789795,7.463303089141846,7.261397361755371,Delta,1,True
274,9,dog_bark,dog_bark,True,children_playing,0.0006909683107936862,5.612375259399414,8122.478515625,1.5697332620620728,3.5641989707946777,2.8087234497070312,2.105576276779175,2.0021989345550537,Delta,3,True
275,9,jackhammer,jackhammer,True,engine_idling,0.0028632976766780416,7.080355644226074,2472.797607421875,2.0173985958099365,4.343639850616455,3.631382465362549,2.6066641807556152,2.685645818710327,Delta,3,True
276,9,dog_bark,dog_bark,True,siren,0.013391926147599344,110.37234497070312,8241.7080078125,32.360652923583984,65.1286392211914,60.61366271972656,39.73666000366211,40.49796676635742,Delta,3,True
277,9,engine_idling,engine_idling,True,jackhammer,0.003358942413827706,20.430627822875977,6082.45849609375,6.054327964782715,12.214632987976074,10.6406831741333,7.6909003257751465,7.693132400512695,Delta,3,True
278,9,engine_idling,engine_idling,True,air_conditioner,0.0009812191926479377,6.5380167961120605,6663.15625,1.862954020500183,4.009542465209961,3.365361452102661,2.4707112312316895,2.4017832279205322,Delta,2,True
279,9,street_music,street_music,True,children_playing,0.008877727463533483,27.72171401977539,3122.61376953125,7.3670973777771,17.087284088134766,14.9148588180542,10.373922348022461,9.600666046142578,Delta,3,True
280,9,street_music,street_music,True,car_horn,0.00013310671544401452,0.8504756093025208,6389.4267578125,0.21209193766117096,0.6008723378181458,0.384015291929245,0.2882009446620941,0.2945346534252167,Delta,1,True
281,9,gun_shot,gun_shot,True,dog_bark,0.0005067041999644142,5.50508975982666,10864.50390625,1.5569229125976562,3.413278102874756,2.797464609146118,2.109844923019409,1.9885388612747192,Delta,1,True
282,9,air_conditioner,air_conditioner,True,engine_idling,0.0012707970625655853,4.655142784118652,3663.167724609375,1.3548229932785034,2.706986427307129,2.3802499771118164,1.8817439079284668,1.8167232275009155,Delta,1,True
283,9,drilling,drilling,True,dog_bark,4.85719427453558e-05,0.608594536781311,12529.7548828125,0.1543581187725067,0.41048792004585266,0.2932933568954468,0.22774042189121246,0.200434148311615,Delta,1,True
284,9,dog_bark,dog_bark,True,children_playing,0.002454426817683806,23.67308807373047,9645.0576171875,6.62852668762207,15.085695266723633,11.689506530761719,8.793050765991211,8.656628608703613,Delta,1,True
285,9,jackhammer,jackhammer,True,engine_idling,0.0014108327577391966,3.614586591720581,2562.0234375,1.0655616521835327,2.1487696170806885,1.862186312675476,1.3729844093322754,1.3999212980270386,Delta,3,True
286,9,children_playing,dog_bark,False,dog_bark,0.0,0.0,0.0,0.0,0.0,0.0,0.0,0.0,none,0,False
287,9,engine_idling,dog_bark,False,dog_bark,0.0,0.0,0.0,0.0,0.0,0.0,0.0,0.0,none,0,False
288,9,dog_bark,dog_bark,True,children_playing,0.0006964636023571498,3.9126570224761963,5617.8916015625,1.1095073223114014,2.4969959259033203,1.901538610458374,1.4753676652908325,1.4318974018096924,Delta,2,True
289,9,air_conditioner,air_conditioner,True,engine_idling,0.001885414425937659,6.896783828735352,3657.967041015625,2.0197465419769287,4.12775993347168,3.3992691040039062,2.7646749019622803,2.6924691200256348,Delta,1,True
290,9,children_playing,children_playing,True,dog_bark,0.002354892778860514,15.597610473632812,6623.49072265625,4.189551830291748,10.103104591369629,7.7439775466918945,5.618090629577637,5.668178558349609,Delta,3,True
291,9,engine_idling,engine_idling,True,street_music,0.0003262264746726592,2.5194215774536133,7722.921875,0.6390503644943237,1.6927882432937622,1.206653118133545,0.9020012617111206,0.8966322541236877,Delta,2,True
292,9,street_music,street_music,True,children_playing,0.006614093050397021,23.1110782623291,3494.21728515625,6.130495548248291,14.492383003234863,12.28813648223877,8.421323776245117,8.036966323852539,Delta,3,True
293,9,jackhammer,jackhammer,True,engine_idling,0.0028612283777183895,7.3409647941589355,2565.6689453125,2.1763691902160645,4.333642959594727,3.8765077590942383,2.733189582824707,2.8062586784362793,Delta,3,True
294,9,car_horn,car_horn,True,dog_bark,0.003836632457429173,44.19528579711914,11519.291015625,12.165532112121582,26.253725051879883,24.669363021850586,16.357376098632812,15.486249923706055,Delta,1,True
295,9,engine_idling,engine_idling,True,air_conditioner,0.0009273696126151515,6.182163715362549,6666.3427734375,1.8015179634094238,3.776949405670166,3.1767332553863525,2.3396615982055664,2.2677481174468994,Delta,2,True
296,9,dog_bark,dog_bark,True,gun_shot,0.011280171402547098,99.23690032958984,8797.4638671875,28.356393814086914,62.978878021240234,47.866703033447266,38.79753112792969,35.792030334472656,Delta,1,True
297,9,jackhammer,jackhammer,True,engine_idling,0.001075645601211109,2.538511276245117,2359.988525390625,0.7511232495307922,1.5420063734054565,1.2907514572143555,0.9511972069740295,0.9650149941444397,Delta,4,True
298,9,air_conditioner,drilling,False,drilling,0.0,0.0,0.0,0.0,0.0,0.0,0.0,0.0,none,0,False
299,9,drilling,jackhammer,False,jackhammer,0.0,0.0,0.0,0.0,0.0,0.0,0.0,0.0,none,0,False
300,9,street_music,street_music,True,children_playing,0.0030315169174330134,19.64670753479004,6480.8173828125,5.181341648101807,11.997425079345703,10.95960807800293,7.044081211090088,6.743627071380615,Delta,3,True
301,9,street_music,street_music,True,car_horn,0.0034937809466338296,17.627058029174805,5045.26708984375,4.645320415496826,11.802106857299805,8.475098609924316,6.264108657836914,6.227207660675049,Delta,3,True
302,9,siren,siren,True,street_music,0.0021765204410427222,16.525165557861328,7592.4697265625,4.382243633270264,10.375571250915527,8.791860580444336,5.981367588043213,5.757692813873291,Delta,3,True
303,9,engine_idling,engine_idling,True,jackhammer,0.0148454197858342,33.799686431884766,2276.775390625,10.142416954040527,19.681705474853516,17.36440658569336,13.037094116210938,13.442179679870605,Delta,3,True
304,9,street_music,children_playing,False,children_playing,0.0,0.0,0.0,0.0,0.0,0.0,0.0,0.0,none,0,False
305,9,jackhammer,jackhammer,True,engine_idling,0.0067982728405405705,14.229907035827637,2093.1650390625,4.15960693359375,8.486002922058105,7.330501556396484,5.155364990234375,5.732507705688477,Delta,3,True
306,9,drilling,drilling,True,jackhammer,0.0011137161126276852,8.240668296813965,7399.25390625,2.389617919921875,5.048864841461182,4.219149112701416,3.091329336166382,3.0577385425567627,Delta,3,True
307,9,siren,siren,True,air_conditioner,0.0021735647594111895,17.44347381591797,8025.28369140625,4.668055534362793,11.301036834716797,9.006368637084961,6.077949047088623,6.05924654006958,Delta,4,True
308,9,engine_idling,engine_idling,True,air_conditioner,0.0014539051587328412,9.976664543151855,6861.9775390625,2.9556429386138916,5.945672035217285,5.079660415649414,3.7725207805633545,3.925827741622925,Delta,3,True
309,9,siren,siren,True,dog_bark,0.016597874637676206,71.12999725341797,4285.48828125,20.519468307495117,42.61127471923828,36.7884407043457,26.32720375061035,27.860301971435547,Delta,2,True
310,9,dog_bark,dog_bark,True,children_playing,0.0005869166113057646,5.937865734100342,10117.0517578125,1.683397889137268,3.8123669624328613,2.9306528568267822,2.1521553993225098,2.160968065261841,Delta,1,True
311,9,children_playing,children_playing,True,dog_bark,0.0008367444882428245,4.338849067687988,5185.39306640625,1.2291016578674316,2.8098814487457275,2.121189832687378,1.5477112531661987,1.5889079570770264,Delta,2,True
312,9,drilling,drilling,True,engine_idling,0.002249445499383113,5.861380577087402,2605.7001953125,1.7203130722045898,3.5861170291900635,2.9935855865478516,2.1590750217437744,2.216508626937866,Delta,3,True
313,9,car_horn,car_horn,True,dog_bark,0.0016241817316207483,19.024532318115234,11713.302734375,5.6227216720581055,11.564034461975098,9.85368537902832,7.159238338470459,6.945583343505859,Delta,1,True
314,9,jackhammer,jackhammer,True,engine_idling,0.0003114758634603328,1.222802758216858,3925.834716796875,0.3508220613002777,0.7694047689437866,0.6088906526565552,0.4572353959083557,0.4476323425769806,Delta,1,True
315,9,dog_bark,dog_bark,True,children_playing,0.007755507189841673,55.86491775512695,7203.2578125,15.624841690063477,34.512611389160156,28.43789291381836,20.971948623657227,20.906862258911133,Delta,3,True
316,9,jackhammer,drilling,False,drilling,0.0,0.0,0.0,0.0,0.0,0.0,0.0,0.0,none,0,False
317,9,jackhammer,jackhammer,True,engine_idling,0.0022554001933792448,12.60573673248291,5589.13525390625,3.636812210083008,7.592761039733887,6.441766262054443,4.726894855499268,4.918159008026123,Delta,2,True
318,9,street_music,street_music,True,children_playing,0.0014991569430298527,8.780476570129395,5856.94287109375,2.2550010681152344,5.696335792541504,4.563437461853027,3.161170482635498,2.957285165786743,Delta,1,True
319,9,gun_shot,gun_shot,True,dog_bark,0.004699252829339678,53.981712341308594,11487.296875,15.832477569580078,32.614990234375,27.7115478515625,20.460052490234375,20.324283599853516,Delta,1,True
320,9,siren,siren,True,dog_bark,0.013598646858811547,58.432090759277344,4296.90478515625,16.639150619506836,35.42951965332031,30.2435245513916,21.445558547973633,22.530292510986328,Delta,2,True
321,9,drilling,drilling,True,gun_shot,0.0038551911392490624,6.370569705963135,1652.46533203125,1.7705163955688477,3.952544689178467,3.268986940383911,2.3329856395721436,2.386990785598755,Delta,3,True
322,9,siren,siren,True,jackhammer,0.003548557626285249,30.079681396484375,8476.59375,8.346182823181152,18.997697830200195,15.313111305236816,11.05087661743164,10.844478607177734,Delta,4,True
323,9,engine_idling,engine_idling,True,air_conditioner,0.0016045303916944083,10.8981294631958,6792.09912109375,3.1906378269195557,6.528305530548096,5.588587284088135,4.1513895988464355,4.183772087097168,Delta,3,True
324,9,street_music,children_playing,False,children_playing,0.0,0.0,0.0,0.0,0.0,0.0,0.0,0.0,none,0,False
325,9,engine_idling,engine_idling,True,jackhammer,0.014591607307452875,32.955875396728516,2258.550048828125,9.900847434997559,19.32234764099121,16.883249282836914,12.71381950378418,12.962430953979492,Delta,5,True
326,9,jackhammer,jackhammer,True,engine_idling,0.006218076130087093,13.303478240966797,2139.484619140625,3.8603384494781494,7.969656467437744,7.002871513366699,4.765346527099609,5.178431987762451,Delta,2,True
327,9,siren,siren,True,jackhammer,0.0025428673111682083,19.500356674194336,7668.64892578125,5.369335174560547,12.635272979736328,9.703433990478516,7.153263092041016,6.8160295486450195,Delta,3,True
328,9,air_conditioner,drilling,False,drilling,0.0,0.0,0.0,0.0,0.0,0.0,0.0,0.0,none,0,False
329,9,children_playing,children_playing,True,dog_bark,0.004631247664999403,33.53287887573242,7240.5712890625,9.26994800567627,20.725963592529297,17.300220489501953,12.722673416137695,12.156989097595215,Delta,3,True
330,9,drilling,drilling,True,jackhammer,0.002548039561275623,7.900721073150635,3100.705810546875,2.3368165493011475,4.650817394256592,4.19341516494751,2.93401837348938,3.0228116512298584,Delta,2,True
331,9,dog_bark,dog_bark,True,children_playing,0.0015535895471544131,14.244929313659668,9169.04296875,3.989617347717285,8.911958694458008,7.382198333740234,5.226528167724609,5.075872898101807,Delta,1,True
332,9,drilling,drilling,True,jackhammer,0.0032743167098149167,14.846044540405273,4534.08935546875,4.244230270385742,8.822083473205566,7.863387107849121,5.474447250366211,5.723633289337158,Delta,3,True
333,9,dog_bark,dog_bark,True,children_playing,0.0034911846483913905,24.48415184020996,7013.1357421875,6.973781585693359,14.984646797180176,12.766304016113281,9.143333435058594,8.928682327270508,Delta,1,True
334,9,jackhammer,jackhammer,True,engine_idling,0.002829432296010474,6.66253662109375,2354.7255859375,2.012035369873047,3.97104811668396,3.376915454864502,2.522968292236328,2.608248472213745,Delta,3,True
335,9,jackhammer,jackhammer,True,engine_idling,0.0026618958695029367,7.140953540802002,2682.656982421875,2.068979024887085,4.342926979064941,3.63592529296875,2.721085548400879,2.6883578300476074,Delta,3,True
336,9,engine_idling,engine_idling,True,air_conditioner,0.0006408099622168854,4.292724609375,6698.904296875,1.256461262702942,2.6222541332244873,2.1788675785064697,1.6188298463821411,1.6138463020324707,Delta,2,True
337,9,street_music,street_music,True,car_horn,0.008844906136212635,29.959558486938477,3387.21044921875,7.788114547729492,20.376802444458008,14.230706214904785,10.664079666137695,10.2698974609375,Delta,1,True
338,9,street_music,street_music,True,children_playing,0.0006686574372259589,4.110557556152344,6147.47900390625,1.1273895502090454,2.609191417694092,2.1116905212402344,1.467069149017334,1.4853509664535522,Delta,1,True
339,9,car_horn,car_horn,True,jackhammer,0.0011801033311767402,12.705378532409668,10766.3271484375,3.5049614906311035,7.825198650360107,6.446078777313232,5.116929054260254,4.491464138031006,Delta,3,True
340,9,engine_idling,engine_idling,True,dog_bark,0.0006435429208497425,4.84119176864624,7522.7177734375,1.4126462936401367,2.918407917022705,2.459043264389038,1.8692363500595093,1.8394354581832886,Delta,3,True
341,9,street_music,street_music,True,children_playing,0.007513909126237827,21.76844596862793,2897.086669921875,5.7053704261779785,13.85876750946045,11.401293754577637,8.032478332519531,7.398533821105957,Delta,2,True
342,9,jackhammer,jackhammer,True,drilling,0.000975691077760383,9.313220024108887,9545.2548828125,2.7877776622772217,5.667559623718262,4.734198093414307,3.5185937881469727,3.471311330795288,Delta,1,True
343,9,air_conditioner,dog_bark,False,dog_bark,0.0,0.0,0.0,0.0,0.0,0.0,0.0,0.0,none,0,False
344,9,jackhammer,jackhammer,True,engine_idling,0.0010050282503119106,2.5535058975219727,2540.73046875,0.7479239702224731,1.5254133939743042,1.322946310043335,0.9773846864700317,0.963664174079895,Delta,3,True
345,9,drilling,drilling,True,jackhammer,0.0023535523475151678,23.504138946533203,9986.6650390625,7.121376037597656,13.695683479309082,12.766610145568848,8.790349006652832,8.596643447875977,Delta,3,True
346,9,children_playing,children_playing,True,dog_bark,0.002841182849630846,13.397794723510742,4715.5693359375,3.6335813999176025,8.571141242980957,6.739518165588379,4.8280348777771,4.909430503845215,Delta,1,True
347,9,engine_idling,engine_idling,True,air_conditioner,0.0012009096876031387,9.723766326904297,8097.00048828125,2.710493803024292,6.155724048614502,4.835034370422363,3.6243197917938232,3.5775234699249268,Delta,1,True
348,9,air_conditioner,air_conditioner,True,engine_idling,0.0021555416753435966,7.879438400268555,3655.43310546875,2.267204999923706,4.6822967529296875,3.99768328666687,3.134161949157715,3.0359485149383545,Delta,1,True
349,9,street_music,street_music,True,dog_bark,0.0004160518235634199,2.310983419418335,5554.556640625,0.6135018467903137,1.4687579870224,1.2062631845474243,0.8350213766098022,0.8091222047805786,Delta,2,True
350,9,street_music,air_conditioner,False,air_conditioner,0.0,0.0,0.0,0.0,0.0,0.0,0.0,0.0,none,0,False
351,9,engine_idling,engine_idling,True,air_conditioner,0.0005777186794736274,3.8600270748138428,6681.49951171875,1.1024006605148315,2.321223258972168,2.031005620956421,1.459958791732788,1.4282788038253784,Delta,1,True
352,9,air_conditioner,drilling,False,drilling,0.0,0.0,0.0,0.0,0.0,0.0,0.0,0.0,none,0,False
353,9,air_conditioner,car_horn,False,car_horn,0.0,0.0,0.0,0.0,0.0,0.0,0.0,0.0,none,0,False
354,9,siren,siren,True,dog_bark,0.00432263325412758,36.29166793823242,8395.7314453125,10.760587692260742,21.782756805419922,18.47245979309082,13.477416038513184,14.28054428100586,Delta,3,True
355,9,jackhammer,jackhammer,True,engine_idling,0.002596496340420024,6.342211723327637,2442.603759765625,1.862549066543579,3.879861354827881,3.194003105163574,2.374943494796753,2.420583963394165,Delta,4,True
356,9,children_playing,children_playing,True,dog_bark,0.0018552315932670429,12.627864837646484,6806.62451171875,3.5543265342712402,7.8305745124816895,6.433074951171875,4.644972324371338,4.748856544494629,Delta,2,True
357,9,dog_bark,children_playing,False,children_playing,0.0,0.0,0.0,0.0,0.0,0.0,0.0,0.0,none,0,False
358,9,street_music,street_music,True,siren,0.0005617542461623769,2.4163548946380615,4301.44482421875,0.6324260830879211,1.5570883750915527,1.2688151597976685,0.8481077551841736,0.8277106881141663,Delta,1,True
359,9,siren,siren,True,engine_idling,0.0014708657099198822,11.224684715270996,7631.345703125,3.044198513031006,7.12498664855957,5.689160346984863,4.109569549560547,4.087279796600342,Delta,3,True
360,9,siren,siren,True,dog_bark,0.014052676840234757,60.58556365966797,4311.318359375,17.34209632873535,36.71746063232422,31.081518173217773,22.482074737548828,23.456039428710938,Delta,2,True
361,9,street_music,street_music,True,dog_bark,0.0019376395276649906,11.863163948059082,6122.482421875,3.2738637924194336,7.420773506164551,6.224973201751709,4.315732955932617,4.191987037658691,Delta,4,True
362,9,street_music,children_playing,False,children_playing,0.0,0.0,0.0,0.0,0.0,0.0,0.0,0.0,none,0,False
363,9,siren,siren,True,dog_bark,0.015221711035012261,65.56608581542969,4307.40576171875,19.012758255004883,39.52207946777344,33.732826232910156,24.24493980407715,25.489423751831055,Delta,2,True
364,9,drilling,drilling,True,gun_shot,0.008562849114615715,20.221498489379883,2361.53857421875,5.837168216705322,12.290237426757812,10.302395820617676,7.632541179656982,7.706589698791504,Delta,3,True
365,9,siren,siren,True,engine_idling,0.0027539781421584454,21.544294357299805,7822.97216796875,6.13986349105835,12.869061470031738,11.472711563110352,8.032626152038574,8.04361629486084,Delta,4,True
366,9,siren,siren,True,dog_bark,0.014850607609177871,63.66324234008789,4286.91162109375,18.322864532470703,38.44761276245117,32.69987869262695,23.6884708404541,24.670568466186523,Delta,2,True
367,9,street_music,street_music,True,children_playing,0.0006561542298773767,2.9882378578186035,4554.169921875,0.7823483347892761,1.9600642919540405,1.5265730619430542,1.0533990859985352,1.0176293849945068,Delta,1,True
368,9,engine_idling,engine_idling,True,air_conditioner,0.0010245926942606608,6.710437774658203,6549.37109375,1.9540982246398926,4.1085710525512695,3.472726583480835,2.498793840408325,2.455059051513672,Delta,2,True
369,9,engine_idling,engine_idling,True,air_conditioner,0.0013902899939923223,9.190086364746094,6610.19384765625,2.7048213481903076,5.442021369934082,4.781556606292725,3.5575380325317383,3.4650659561157227,Delta,1,True
370,9,siren,siren,True,dog_bark,0.01765768903538411,76.10554504394531,4310.05126953125,22.0169620513916,45.73375701904297,39.18167495727539,28.112899780273438,29.836088180541992,Delta,2,True
371,9,siren,siren,True,engine_idling,0.0035134873296097744,27.381725311279297,7793.318359375,7.711755275726318,16.41951560974121,14.456802368164062,10.166902542114258,10.407795906066895,Delta,4,True
372,9,jackhammer,engine_idling,False,engine_idling,0.0,0.0,0.0,0.0,0.0,0.0,0.0,0.0,none,0,False
373,9,drilling,drilling,True,gun_shot,0.0046908934603293335,9.05484676361084,1930.30322265625,2.5948498249053955,5.555563926696777,4.574707984924316,3.365809917449951,3.4836881160736084,Delta,3,True
374,9,street_music,children_playing,False,children_playing,0.0,0.0,0.0,0.0,0.0,0.0,0.0,0.0,none,0,False
375,9,drilling,jackhammer,False,jackhammer,0.0,0.0,0.0,0.0,0.0,0.0,0.0,0.0,none,0,False
376,9,dog_bark,dog_bark,True,children_playing,0.008420892131100925,69.57920837402344,8262.6884765625,20.33473777770996,42.72258377075195,35.00727462768555,26.805505752563477,25.66128158569336,Delta,1,True
377,9,dog_bark,dog_bark,True,children_playing,0.00985094950625781,72.3187255859375,7341.294921875,21.196735382080078,45.56430435180664,35.44392776489258,27.28452491760254,26.530595779418945,Delta,2,True
378,9,gun_shot,gun_shot,True,dog_bark,0.0005763396478736051,5.856319427490234,10161.2294921875,1.6164391040802002,3.6741793155670166,3.0469167232513428,2.1132397651672363,2.1058309078216553,Delta,1,True
379,9,children_playing,children_playing,True,dog_bark,0.0007619868648869046,7.906927108764648,10376.7236328125,2.1664838790893555,4.978435039520264,4.0390729904174805,2.9122157096862793,2.871570587158203,Delta,3,True
380,9,siren,siren,True,engine_idling,0.0004947553476537354,4.009411334991455,8103.826171875,1.083420753479004,2.549325466156006,2.0478880405426025,1.4664084911346436,1.4346843957901,Delta,1,True
381,9,dog_bark,dog_bark,True,children_playing,0.0002452196978094326,1.509393334388733,6155.26953125,0.4408964216709137,0.9460050463676453,0.7821270227432251,0.543255627155304,0.5311342477798462,Delta,1,True
382,9,drilling,drilling,True,jackhammer,0.0033664115558126426,29.911460876464844,8885.265625,9.2161226272583,16.54168701171875,16.290048599243164,11.576871871948242,11.693653106689453,Delta,3,True
383,9,air_conditioner,dog_bark,False,dog_bark,0.0,0.0,0.0,0.0,0.0,0.0,0.0,0.0,none,0,False
384,9,engine_idling,engine_idling,True,dog_bark,0.0007950607432092573,4.570639610290527,5748.79296875,1.3749034404754639,2.7823221683502197,2.3448739051818848,1.696905255317688,1.6973942518234253,Delta,1,True
385,9,drilling,drilling,True,jackhammer,0.0001563598506068219,0.4243905246257782,2714.191162109375,0.12919612228870392,0.24634170532226562,0.2261117696762085,0.15691328048706055,0.1642654538154602,Delta,1,True
386,9,drilling,jackhammer,False,jackhammer,0.0,0.0,0.0,0.0,0.0,0.0,0.0,0.0,none,0,False
387,9,air_conditioner,car_horn,False,car_horn,0.0,0.0,0.0,0.0,0.0,0.0,0.0,0.0,none,0,False
388,9,gun_shot,gun_shot,True,dog_bark,0.0036829421553517716,33.074989318847656,8980.5888671875,9.045256614685059,20.245908737182617,17.831634521484375,12.018401145935059,11.825069427490234,Delta,1,True
389,9,street_music,street_music,True,children_playing,0.004523131010806235,30.39371109008789,6719.61767578125,7.714140892028809,19.2071590423584,16.080747604370117,11.271647453308105,10.474455833435059,Delta,1,True
390,9,jackhammer,jackhammer,True,engine_idling,0.0018173678489614871,4.50339937210083,2477.97900390625,1.3091332912445068,2.7375435829162598,2.317080497741699,1.6877188682556152,1.6897852420806885,Delta,3,True
391,9,street_music,street_music,True,children_playing,0.003950225313104703,22.930971145629883,5804.97802734375,6.08254861831665,14.25436019897461,12.632967948913574,7.969255447387695,7.908495903015137,Delta,4,True
392,9,dog_bark,dog_bark,True,children_playing,0.001522734064909497,12.663542747497559,8316.3193359375,3.506373167037964,7.892590522766113,6.321903228759766,4.801708221435547,4.770201206207275,Delta,3,True
393,9,air_conditioner,street_music,False,street_music,0.0,0.0,0.0,0.0,0.0,0.0,0.0,0.0,none,0,False
394,9,engine_idling,engine_idling,True,air_conditioner,0.00043834072114210817,2.897321939468384,6609.74853515625,0.8492509722709656,1.7556309700012207,1.4842222929000854,1.0883628129959106,1.0970674753189087,Delta,3,True
395,9,children_playing,children_playing,True,street_music,0.0034592822772298707,19.151897430419922,5536.37890625,5.190543174743652,11.719218254089355,9.936605453491211,7.507449150085449,6.885885238647461,Delta,3,True
396,9,engine_idling,engine_idling,True,air_conditioner,0.001563349531507344,12.290603637695312,7861.7119140625,3.5388262271881104,7.766347885131836,5.981472492218018,4.583269119262695,4.6298065185546875,Delta,1,True
397,9,drilling,drilling,True,gun_shot,0.0008600669662870756,10.679075241088867,12416.5625,3.2950594425201416,6.3072733879089355,5.534654140472412,4.151247501373291,3.9418632984161377,Delta,3,True
398,9,jackhammer,jackhammer,True,engine_idling,0.001605471519578467,4.107502460479736,2558.43994140625,1.2057429552078247,2.423588514328003,2.1681647300720215,1.5584286451339722,1.5538153648376465,Delta,1,True
399,9,street_music,street_music,True,engine_idling,0.00803785900192846,22.18229103088379,2759.726318359375,5.88843297958374,13.809455871582031,11.903666496276855,8.060333251953125,7.7468132972717285,Delta,4,True
400,9,jackhammer,jackhammer,True,engine_idling,0.0010332419506442134,2.614001989364624,2529.903076171875,0.744404673576355,1.5838093757629395,1.359931468963623,1.0058915615081787,0.9535117745399475,Delta,3,True
401,9,engine_idling,engine_idling,True,air_conditioner,0.000996768580471295,7.938399791717529,7964.13525390625,2.295292615890503,5.01421594619751,3.8885135650634766,2.9494009017944336,2.9644486904144287,Delta,1,True
402,9,air_conditioner,air_conditioner,True,engine_idling,0.001156765794603101,4.23248291015625,3658.8935546875,1.2092491388320923,2.5370352268218994,2.155444860458374,1.6697826385498047,1.6065375804901123,Delta,1,True
403,9,drilling,jackhammer,False,jackhammer,0.0,0.0,0.0,0.0,0.0,0.0,0.0,0.0,none,0,False
404,9,air_conditioner,engine_idling,False,engine_idling,0.0,0.0,0.0,0.0,0.0,0.0,0.0,0.0,none,0,False
405,9,jackhammer,jackhammer,True,drilling,0.006020715543526032,13.30471420288086,2209.82275390625,3.916755437850952,7.8015217781066895,7.320159912109375,4.7939910888671875,4.923779010772705,Delta,2,True
406,9,gun_shot,gun_shot,True,engine_idling,0.0043369007702660865,35.60866165161133,8210.6240234375,10.584729194641113,19.980926513671875,18.76141929626465,13.802330017089844,14.635838508605957,Delta,2,True
407,9,dog_bark,dog_bark,True,drilling,0.004708564709765528,56.4171257019043,11981.8095703125,15.299822807312012,37.798828125,26.77273941040039,20.27226448059082,19.80685806274414,Delta,5,True
408,9,air_conditioner,dog_bark,False,dog_bark,0.0,0.0,0.0,0.0,0.0,0.0,0.0,0.0,none,0,False
409,9,engine_idling,engine_idling,True,air_conditioner,0.0004166619611746368,2.703396797180176,6488.2255859375,0.750024139881134,1.7062257528305054,1.3741095066070557,0.9690911173820496,1.0036420822143555,Delta,3,True
410,9,jackhammer,jackhammer,True,engine_idling,0.002842996807079605,6.852825164794922,2410.423095703125,2.0054314136505127,4.188483238220215,3.5021121501922607,2.514902114868164,2.6089346408843994,Delta,3,True
411,9,air_conditioner,drilling,False,drilling,0.0,0.0,0.0,0.0,0.0,0.0,0.0,0.0,none,0,False
412,9,drilling,drilling,True,jackhammer,0.002118120924029463,20.44704246520996,9653.3876953125,6.057690620422363,11.425309181213379,11.438887596130371,7.732334136962891,7.759582996368408,Delta-Delta,3,True
413,9,drilling,drilling,True,jackhammer,0.0005869748630168012,2.0958878993988037,3570.660400390625,0.6125147342681885,1.2626338005065918,1.0846039056777954,0.8021519780158997,0.776861846446991,Delta,1,True
414,9,dog_bark,dog_bark,True,children_playing,0.0005587085474854066,3.4979121685028076,6260.7099609375,0.9727572202682495,2.2194182872772217,1.7479374408721924,1.333116888999939,1.237266182899475,Delta,2,True
415,9,dog_bark,dog_bark,True,engine_idling,0.0010527179121308664,6.762187480926514,6423.55126953125,1.8607313632965088,4.177544593811035,3.6138243675231934,2.491953134536743,2.354447603225708,Delta,1,True
416,9,children_playing,children_playing,True,dog_bark,0.0001506503764335746,1.4328845739364624,9511.32421875,0.40254712104797363,0.902470588684082,0.7449304461479187,0.5190424919128418,0.5023289918899536,Delta,1,True
417,9,street_music,children_playing,False,children_playing,0.0,0.0,0.0,0.0,0.0,0.0,0.0,0.0,none,0,False
418,9,gun_shot,dog_bark,False,dog_bark,0.0,0.0,0.0,0.0,0.0,0.0,0.0,0.0,none,0,False
419,9,dog_bark,drilling,False,drilling,0.0,0.0,0.0,0.0,0.0,0.0,0.0,0.0,none,0,False
420,9,dog_bark,dog_bark,True,children_playing,0.015250786707479223,85.18465423583984,5585.5908203125,24.239322662353516,54.85184860229492,41.628631591796875,30.994808197021484,31.0891170501709,Delta,2,True
421,9,siren,siren,True,street_music,0.0031550119090663683,25.94291114807129,8222.76171875,6.772885322570801,16.26586151123047,13.840860366821289,9.308991432189941,9.184646606445312,Delta,3,True
422,9,drilling,drilling,True,engine_idling,0.008462630125355468,15.274996757507324,1804.9940185546875,4.42093563079834,9.64107894897461,7.7249956130981445,5.551784992218018,5.50750207901001,Delta,4,True
423,9,siren,siren,True,dog_bark,0.01712280964920263,73.50267028808594,4292.67578125,21.200836181640625,44.36994171142578,37.75177764892578,27.158184051513672,28.6655216217041,Delta,2,True
424,9,jackhammer,engine_idling,False,engine_idling,0.0,0.0,0.0,0.0,0.0,0.0,0.0,0.0,none,0,False
425,9,siren,siren,True,dog_bark,0.014321818279567095,61.81810760498047,4316.35888671875,17.909292221069336,37.150814056396484,31.974945068359375,22.817106246948242,24.031957626342773,Delta,2,True
426,9,air_conditioner,dog_bark,False,dog_bark,0.0,0.0,0.0,0.0,0.0,0.0,0.0,0.0,none,0,False
427,9,siren,siren,True,engine_idling,0.0023366611869381554,17.866886138916016,7646.33154296875,5.137653827667236,11.106595039367676,9.120201110839844,6.515902996063232,6.621076583862305,Delta,3,True
428,9,engine_idling,engine_idling,True,air_conditioner,0.0015177970063815847,10.195770263671875,6717.4794921875,3.05198335647583,6.15268087387085,5.181725978851318,3.848843812942505,3.888413190841675,Delta,3,True
429,9,siren,siren,True,engine_idling,0.0018768831919209713,14.571192741394043,7763.50537109375,4.108185291290283,8.888094902038574,7.6512603759765625,5.379783630371094,5.381485462188721,Delta,4,True
430,9,engine_idling,engine_idling,True,air_conditioner,0.0012124250069301987,8.19214916229248,6756.82958984375,2.369863271713257,5.002182483673096,4.177333354949951,3.078911304473877,3.089242696762085,Delta,1,True
431,9,jackhammer,engine_idling,False,engine_idling,0.0,0.0,0.0,0.0,0.0,0.0,0.0,0.0,none,0,False
432,9,dog_bark,dog_bark,True,children_playing,0.010288133327947549,84.69221496582031,8232.029296875,23.676227569580078,54.69107437133789,41.87918472290039,31.56650733947754,29.509048461914062,Delta,1,True
433,9,drilling,drilling,True,engine_idling,0.006896519248061766,13.4263334274292,1946.8275146484375,3.756356954574585,8.329418182373047,6.912715435028076,5.0018720626831055,4.896185874938965,Delta,4,True
434,9,drilling,jackhammer,False,jackhammer,0.0,0.0,0.0,0.0,0.0,0.0,0.0,0.0,none,0,False
435,9,siren,siren,True,engine_idling,0.001149583247723993,9.3433837890625,8127.626953125,2.5294759273529053,5.886423110961914,4.852705001831055,3.3281326293945312,3.409601926803589,Delta,1,True
436,9,air_conditioner,drilling,False,drilling,0.0,0.0,0.0,0.0,0.0,0.0,0.0,0.0,none,0,False
437,9,dog_bark,dog_bark,True,children_playing,0.002264148099788759,14.41424560546875,6366.2998046875,4.311953544616699,8.907469749450684,7.382658958435059,5.430957317352295,5.082869529724121,Delta,1,True
438,9,dog_bark,dog_bark,True,children_playing,0.0006839030537087107,6.054636478424072,8853.0625,1.6783828735351562,3.8747000694274902,2.9789206981658936,2.2772607803344727,2.183682918548584,Delta,1,True
439,9,street_music,street_music,True,car_horn,0.0005341487621108374,3.085359573364258,5776.2177734375,0.8083322048187256,2.0599117279052734,1.4790287017822266,1.137048363685608,1.0688316822052002,Delta,1,True
440,9,street_music,street_music,True,children_playing,0.0015373707273261487,10.026627540588379,6521.93212890625,2.5246524810791016,6.415309906005859,5.3721466064453125,3.5866000652313232,3.358501672744751,Delta,3,True
441,9,children_playing,children_playing,True,street_music,0.0026574573929077244,21.26481056213379,8001.9384765625,5.716793060302734,13.253607749938965,11.2553071975708,7.785998344421387,7.519883155822754,Delta,1,True
442,9,drilling,jackhammer,False,jackhammer,0.0,0.0,0.0,0.0,0.0,0.0,0.0,0.0,none,0,False
443,9,air_conditioner,drilling,False,drilling,0.0,0.0,0.0,0.0,0.0,0.0,0.0,0.0,none,0,False
444,9,air_conditioner,drilling,False,drilling,0.0,0.0,0.0,0.0,0.0,0.0,0.0,0.0,none,0,False
445,9,street_music,street_music,True,children_playing,0.0022740019513270006,13.323135375976562,5858.8935546875,3.561161756515503,8.506811141967773,7.049665451049805,4.784393310546875,4.457579612731934,Delta,4,True
446,9,street_music,street_music,True,children_playing,0.002587368800697508,17.401073455810547,6725.3935546875,4.549882411956787,10.908388137817383,9.412986755371094,6.206419944763184,5.998253345489502,Delta,2,True
447,9,jackhammer,jackhammer,True,engine_idling,0.0019935468078601747,4.780805587768555,2398.140625,1.3889086246490479,3.0058720111846924,2.359544277191162,1.7405025959014893,1.8152053356170654,Delta,3,True
448,9,air_conditioner,engine_idling,False,engine_idling,0.0,0.0,0.0,0.0,0.0,0.0,0.0,0.0,none,0,False
449,9,children_playing,siren,False,siren,0.0,0.0,0.0,0.0,0.0,0.0,0.0,0.0,none,0,False
450,9,engine_idling,engine_idling,True,air_conditioner,0.00040861855489158187,2.6597063541412354,6509.02001953125,0.7724553942680359,1.5725774765014648,1.3879789113998413,1.008440613746643,1.030005693435669,Delta,3,True
451,9,street_music,street_music,True,dog_bark,0.0005362594861311866,3.248072385787964,6056.904296875,0.8652544021606445,2.128535509109497,1.6379575729370117,1.1310538053512573,1.1438781023025513,Delta,2,True
452,9,air_conditioner,air_conditioner,True,engine_idling,0.0014831430459991773,5.4264912605285645,3658.778076171875,1.5359383821487427,3.204909086227417,2.6887447834014893,2.2395753860473633,2.1380395889282227,Delta,1,True
453,9,car_horn,car_horn,True,siren,0.009067533769451805,37.40497589111328,4125.154296875,10.21198844909668,22.85138511657715,20.694772720336914,12.996920585632324,13.24644660949707,Delta,3,True
454,9,engine_idling,engine_idling,True,air_conditioner,0.0017405195997877733,13.161210060119629,7561.65576171875,3.729985475540161,8.36296558380127,6.40540885925293,4.88803768157959,4.944013595581055,Delta,1,True
455,9,jackhammer,jackhammer,True,engine_idling,0.0006145466709853606,1.5757800340652466,2564.134033203125,0.466746985912323,0.933955729007721,0.8233156800270081,0.5892000794410706,0.6065895557403564,Delta,1,True
456,9,street_music,engine_idling,False,engine_idling,0.0,0.0,0.0,0.0,0.0,0.0,0.0,0.0,none,0,False
457,9,children_playing,children_playing,True,street_music,0.0019780232888465875,13.67037296295166,6911.12841796875,3.912569999694824,8.377731323242188,7.105149269104004,5.007538318634033,5.081920146942139,Delta,4,True
458,9,dog_bark,dog_bark,True,children_playing,0.005740178103753289,37.71367645263672,6570.123046875,10.48387622833252,24.047809600830078,19.046260833740234,13.552297592163086,13.699926376342773,Delta,1,True
459,9,dog_bark,dog_bark,True,siren,0.00313393204220716,16.840518951416016,5373.60693359375,4.991233825683594,10.26923656463623,8.498173713684082,6.249325752258301,6.477689266204834,Delta,1,True
460,9,children_playing,children_playing,True,dog_bark,0.002119844502350591,12.508772850036621,5900.79736328125,3.429438829421997,7.8164520263671875,6.439251899719238,4.606853485107422,4.574316024780273,Delta,2,True
461,9,air_conditioner,engine_idling,False,engine_idling,0.0,0.0,0.0,0.0,0.0,0.0,0.0,0.0,none,0,False
462,9,car_horn,car_horn,True,street_music,0.0028114783259437022,10.499411582946777,3734.480712890625,2.748027801513672,7.062928676605225,4.90083646774292,3.8331637382507324,3.753624200820923,Delta,1,True
463,9,street_music,street_music,True,engine_idling,0.001738701554803953,10.798280715942383,6210.54296875,3.0107641220092773,6.914831161499023,5.45134973526001,3.9391772747039795,3.806434154510498,Delta,1,True
464,9,car_horn,car_horn,True,engine_idling,0.00011970720570694861,1.3474926948547363,11256.5712890625,0.3478204011917114,0.8386644124984741,0.7088446617126465,0.5186527967453003,0.4689757525920868,Delta,2,True
465,9,jackhammer,jackhammer,True,engine_idling,0.0031488581221521235,7.88823938369751,2505.111083984375,2.284172773361206,4.832047939300537,4.046624183654785,2.990885019302368,2.887495279312134,Delta,4,True
466,9,dog_bark,dog_bark,True,children_playing,0.009038202788312303,99.7369384765625,11035.041015625,27.55923843383789,64.35407257080078,48.47077560424805,38.31172561645508,35.061302185058594,Delta,1,True
467,9,jackhammer,jackhammer,True,engine_idling,0.004971802990058372,13.477168083190918,2710.720458984375,3.967132091522217,8.09390926361084,6.8190107345581055,5.164034366607666,5.217123031616211,Delta,2,True
468,9,children_playing,children_playing,True,dog_bark,0.001835404319576871,14.461633682250977,7879.26318359375,4.075254440307617,9.084696769714355,7.369595527648926,5.287801742553711,5.265703201293945,Delta,1,True
469,9,children_playing,dog_bark,False,dog_bark,0.0,0.0,0.0,0.0,0.0,0.0,0.0,0.0,none,0,False
470,9,air_conditioner,drilling,False,drilling,0.0,0.0,0.0,0.0,0.0,0.0,0.0,0.0,none,0,False
471,9,engine_idling,engine_idling,True,siren,0.011608715468227416,27.766746520996094,2391.887939453125,8.142732620239258,16.40213394165039,14.902975082397461,10.258554458618164,10.407766342163086,Delta,1,True
472,9,air_conditioner,drilling,False,drilling,0.0,0.0,0.0,0.0,0.0,0.0,0.0,0.0,none,0,False
473,9,dog_bark,dog_bark,True,children_playing,0.004562066431734043,17.5676212310791,3850.803466796875,5.075594425201416,11.160001754760742,8.757695198059082,6.4329915046691895,6.342983245849609,Delta,2,True
474,9,drilling,drilling,True,engine_idling,0.007978398446651744,14.258572578430176,1787.147216796875,3.9869449138641357,8.898118019104004,7.318559646606445,5.183842182159424,5.272675514221191,Delta,4,True
475,9,drilling,drilling,True,jackhammer,0.0009952861539278212,13.201454162597656,13263.978515625,3.9454445838928223,7.47749662399292,7.1839728355407715,5.166752338409424,4.949151515960693,Delta,4,True
476,9,engine_idling,engine_idling,True,dog_bark,0.004388381759433793,28.904502868652344,6586.59716796875,8.232434272766113,18.60886001586914,14.483794212341309,10.224806785583496,10.347979545593262,Delta,4,True
477,9,siren,siren,True,dog_bark,0.01594533701395821,68.55848693847656,4299.5947265625,19.926837921142578,41.177913665771484,35.24176788330078,25.339801788330078,26.897560119628906,Delta,2,True
478,9,street_music,street_music,True,dog_bark,0.0005938334262577741,3.575120210647583,6020.4091796875,0.9427973628044128,2.219069480895996,1.8739254474639893,1.357041835784912,1.2709009647369385,Delta,3,True
479,9,children_playing,children_playing,True,dog_bark,0.0003603086790433621,2.0810718536376953,5775.802734375,0.5770094394683838,1.3662806749343872,1.0011605024337769,0.7568999528884888,0.7456390261650085,Delta,3,True
480,9,siren,siren,True,engine_idling,0.0001661200929888153,0.8874412775039673,5342.1669921875,0.24862201511859894,0.5566139221191406,0.4416765868663788,0.33090153336524963,0.3336854577064514,Delta,2,True
481,9,air_conditioner,dog_bark,False,dog_bark,0.0,0.0,0.0,0.0,0.0,0.0,0.0,0.0,none,0,False
482,9,siren,engine_idling,False,engine_idling,0.0,0.0,0.0,0.0,0.0,0.0,0.0,0.0,none,0,False
483,9,engine_idling,engine_idling,True,air_conditioner,0.0008282816195675657,5.535504341125488,6683.11865234375,1.6046695709228516,3.3594751358032227,2.8500072956085205,2.0904722213745117,2.0707857608795166,Delta,2,True
484,9,siren,siren,True,dog_bark,0.014097411410268306,60.38933181762695,4283.7177734375,17.419784545898438,36.48473358154297,31.17710304260254,22.17101287841797,23.424795150756836,Delta,2,True
485,9,gun_shot,gun_shot,True,dog_bark,0.0032804705557716507,33.4053840637207,10183.107421875,9.484841346740723,21.02515411376953,17.162797927856445,12.125975608825684,11.928933143615723,Delta,1,True
486,9,street_music,street_music,True,children_playing,0.0009870225172947196,4.293472766876221,4349.923828125,1.1752008199691772,2.7285971641540527,2.2103896141052246,1.5712449550628662,1.5009773969650269,Delta,1,True
487,9,engine_idling,engine_idling,True,air_conditioner,0.000994334461906686,6.599948883056641,6637.55419921875,1.9105197191238403,4.088252067565918,3.354743480682373,2.45461106300354,2.432286262512207,Delta,1,True
488,9,engine_idling,engine_idling,True,dog_bark,0.004695547005942404,30.846969604492188,6569.4091796875,8.706003189086914,19.66843605041504,15.415814399719238,11.098471641540527,11.316812515258789,Delta,4,True
489,9,children_playing,children_playing,True,dog_bark,5.000549117110424e-06,0.05237250402569771,10473.3505859375,0.014762792736291885,0.030920155346393585,0.02833876758813858,0.019843904301524162,0.01928774081170559,Delta,1,True
490,9,street_music,siren,False,siren,0.0,0.0,0.0,0.0,0.0,0.0,0.0,0.0,none,0,False
491,9,drilling,drilling,True,engine_idling,0.007298956941783415,10.497308731079102,1438.1929931640625,2.905033588409424,6.726738929748535,5.176141738891602,3.7885940074920654,3.919102668762207,Delta,4,True
492,9,car_horn,car_horn,True,dog_bark,0.005569791050251637,53.44956970214844,9596.3330078125,15.016039848327637,31.63151741027832,29.48996353149414,19.552631378173828,19.464296340942383,Delta,2,True
493,9,engine_idling,engine_idling,True,jackhammer,0.014251090311101073,32.71934127807617,2295.91845703125,9.661032676696777,18.991477966308594,16.953868865966797,12.893021583557129,12.762435913085938,Delta,4,True
494,9,dog_bark,dog_bark,True,siren,0.005659803042582721,22.747356414794922,4019.107421875,6.778512001037598,13.974601745605469,11.509759902954102,8.51654052734375,8.437918663024902,Delta,1,True
495,9,dog_bark,gun_shot,False,gun_shot,0.0,0.0,0.0,0.0,0.0,0.0,0.0,0.0,none,0,False
496,9,dog_bark,dog_bark,True,children_playing,0.006236353254495871,27.897010803222656,4473.2890625,7.878654956817627,17.660057067871094,13.583122253417969,10.435674667358398,10.530330657958984,Delta,4,True
497,9,drilling,jackhammer,False,jackhammer,0.0,0.0,0.0,0.0,0.0,0.0,0.0,0.0,none,0,False
498,9,air_conditioner,drilling,False,drilling,0.0,0.0,0.0,0.0,0.0,0.0,0.0,0.0,none,0,False
499,9,street_music,children_playing,False,children_playing,0.0,0.0,0.0,0.0,0.0,0.0,0.0,0.0,none,0,False
500,9,dog_bark,dog_bark,True,gun_shot,0.011454172242866052,115.08444213867188,10047.3818359375,33.47818374633789,72.45555877685547,54.81499481201172,44.26401138305664,43.7017936706543,Delta,1,True
501,9,jackhammer,jackhammer,True,engine_idling,0.002107442131859977,5.2652177810668945,2498.392578125,1.5550100803375244,3.2192625999450684,2.692246913909912,1.9711698293685913,1.9511809349060059,Delta,3,True
502,9,dog_bark,dog_bark,True,gun_shot,0.00023237201300698452,2.112846612930298,9092.517578125,0.6149921417236328,1.2453328371047974,1.117876410484314,0.7973459362983704,0.806004524230957,Delta,2,True
503,9,air_conditioner,air_conditioner,True,drilling,0.00028664890973326715,0.9325186610221863,3253.173583984375,0.26312512159347534,0.5863792300224304,0.472117155790329,0.33632779121398926,0.3471376299858093,Delta,1,True
504,9,children_playing,children_playing,True,dog_bark,0.0017039130284635324,14.032061576843262,8235.1982421875,4.084558010101318,8.586795806884766,7.212693214416504,5.113467693328857,5.320863723754883,Delta,3,True
505,9,air_conditioner,engine_idling,False,engine_idling,0.0,0.0,0.0,0.0,0.0,0.0,0.0,0.0,none,0,False
506,9,street_music,street_music,True,engine_idling,0.0008779721999084245,4.236158847808838,4824.93505859375,1.1464815139770508,2.6873693466186523,2.2135658264160156,1.5127683877944946,1.490075707435608,Delta,2,True
507,9,dog_bark,dog_bark,True,children_playing,0.015607704184858615,105.17829895019531,6738.87060546875,29.972394943237305,67.18415832519531,51.489959716796875,39.304832458496094,38.135719299316406,Delta,1,True
508,9,drilling,drilling,True,dog_bark,0.0008771281830777759,8.07822036743164,9209.8515625,2.2469494342803955,5.138673305511475,4.0701985359191895,2.967733860015869,2.9032630920410156,Delta,1,True
509,9,street_music,children_playing,False,children_playing,0.0,0.0,0.0,0.0,0.0,0.0,0.0,0.0,none,0,False
510,9,car_horn,car_horn,True,dog_bark,0.004364349419048569,55.244876861572266,12658.2158203125,15.495183944702148,29.076101303100586,33.93963623046875,20.985963821411133,19.343381881713867,Delta-Delta,2,True
511,9,engine_idling,engine_idling,True,jackhammer,0.0007850008985705607,3.4931232929229736,4449.83349609375,0.9922024607658386,2.1873207092285156,1.7485066652297974,1.3108758926391602,1.2874009609222412,Delta,4,True
512,9,dog_bark,dog_bark,True,children_playing,0.011578683876459972,117.3572769165039,10135.6318359375,34.632591247558594,73.82241821289062,56.617820739746094,46.6607666015625,41.722412109375,Delta,3,True
513,9,air_conditioner,engine_idling,False,engine_idling,0.0,0.0,0.0,0.0,0.0,0.0,0.0,0.0,none,0,False
514,9,engine_idling,engine_idling,True,air_conditioner,0.0004121314386925655,2.6623501777648926,6459.9541015625,0.769618570804596,1.6520854234695435,1.306020736694336,0.9933038949966431,1.0363719463348389,Delta,2,True
515,9,street_music,street_music,True,children_playing,0.003975179778395104,27.156225204467773,6831.44580078125,6.915753364562988,17.05451774597168,14.708236694335938,9.931344985961914,9.154918670654297,Delta,1,True
516,9,children_playing,children_playing,True,dog_bark,0.0033513670429125555,20.95337677001953,6252.18798828125,5.818587779998779,12.99832534790039,10.620368003845215,7.923328876495361,7.788468837738037,Delta,3,True
517,9,jackhammer,jackhammer,True,engine_idling,0.00722682568688452,18.44864273071289,2552.80029296875,5.389455318450928,11.128156661987305,9.520698547363281,7.080981731414795,6.832736968994141,Delta,1,True
518,9,air_conditioner,drilling,False,drilling,0.0,0.0,0.0,0.0,0.0,0.0,0.0,0.0,none,0,False
519,9,air_conditioner,drilling,False,drilling,0.0,0.0,0.0,0.0,0.0,0.0,0.0,0.0,none,0,False
520,9,engine_idling,engine_idling,True,siren,0.010623560075215175,25.862916946411133,2434.48681640625,7.636631488800049,15.3231782913208,13.914454460144043,9.675514221191406,9.409832000732422,Delta,1,True
521,9,dog_bark,dog_bark,True,children_playing,0.000598574461168531,5.2653608322143555,8796.5009765625,1.5160375833511353,3.22597074508667,2.7246317863464355,1.948394775390625,1.9490784406661987,Delta,2,True
522,9,dog_bark,dog_bark,True,children_playing,0.011701879967918214,50.071407318115234,4278.919921875,14.047149658203125,31.834821701049805,24.628040313720703,18.687395095825195,18.455575942993164,Delta,1,True
523,9,siren,siren,True,dog_bark,0.014625553536100561,63.15229034423828,4317.94189453125,18.279319763183594,38.06452560424805,32.537376403808594,23.398584365844727,24.474384307861328,Delta,2,True
524,9,siren,siren,True,children_playing,0.0011562674520049227,6.283608436584473,5434.39013671875,1.6778348684310913,4.099170684814453,3.1513724327087402,2.230138063430786,2.227271556854248,Delta,2,True
525,9,engine_idling,engine_idling,True,dog_bark,0.004111835450823429,27.045013427734375,6577.35791015625,7.910705089569092,16.766088485717773,13.834397315979004,10.08591079711914,9.728086471557617,Delta,4,True
526,9,dog_bark,drilling,False,drilling,0.0,0.0,0.0,0.0,0.0,0.0,0.0,0.0,none,0,False
527,9,drilling,drilling,True,jackhammer,0.00020445029250766176,2.535679578781128,12402.42578125,0.7126214504241943,1.515078067779541,1.3490291833877563,0.9503019452095032,0.9504878520965576,Delta,3,True
528,9,drilling,drilling,True,engine_idling,0.002676646600955991,3.4836313724517822,1301.490966796875,0.9724356532096863,2.1457271575927734,1.785849690437317,1.322139024734497,1.2839784622192383,Delta,2,True
529,9,siren,siren,True,dog_bark,0.0006270172528436421,3.381354331970215,5392.76123046875,1.0238251686096191,2.0501861572265625,1.6908587217330933,1.2840248346328735,1.293967604637146,Delta,2,True
530,9,engine_idling,engine_idling,True,dog_bark,0.0036318734632735795,23.96704864501953,6599.0869140625,6.617521286010742,15.061182022094727,12.392012596130371,8.811054229736328,8.52009391784668,Delta,4,True
531,9,air_conditioner,dog_bark,False,dog_bark,0.0,0.0,0.0,0.0,0.0,0.0,0.0,0.0,none,0,False
532,9,siren,siren,True,dog_bark,0.014560662184207799,62.682498931884766,4304.9208984375,18.11007308959961,37.631343841552734,32.562278747558594,23.030532836914062,24.378175735473633,Delta,1,True
533,9,dog_bark,air_conditioner,False,air_conditioner,0.0,0.0,0.0,0.0,0.0,0.0,0.0,0.0,none,0,False
534,9,drilling,gun_shot,False,gun_shot,0.0,0.0,0.0,0.0,0.0,0.0,0.0,0.0,none,0,False
535,9,drilling,drilling,True,engine_idling,0.004774455057377445,6.4956560134887695,1360.5020751953125,1.8301808834075928,4.190265655517578,3.1940090656280518,2.3279075622558594,2.3800859451293945,Delta,3,True
536,9,engine_idling,engine_idling,True,jackhammer,0.011996598246106573,28.64726448059082,2387.948974609375,8.741835594177246,16.90121841430664,14.54157543182373,10.989007949829102,11.241851806640625,Delta,2,True
537,9,car_horn,car_horn,True,dog_bark,0.0012917018338483095,12.982686996459961,10050.8388671875,3.462625026702881,8.150657653808594,6.722286701202393,4.7660369873046875,4.714117527008057,Delta,2,True
538,9,car_horn,car_horn,True,dog_bark,0.0020591034668435006,19.571645736694336,9504.935546875,5.519417762756348,11.670005798339844,10.62398624420166,7.281704425811768,7.106614112854004,Delta,1,True
539,9,children_playing,children_playing,True,dog_bark,0.0006958231359478381,7.121689319610596,10234.9130859375,2.0183346271514893,4.549472332000732,3.474973678588867,2.708223819732666,2.556788444519043,Delta,2,True
540,9,dog_bark,dog_bark,True,children_playing,0.007007920417392294,30.286514282226562,4321.7548828125,8.568624496459961,19.363094329833984,14.952818870544434,11.18218994140625,10.967860221862793,Delta,4,True
541,9,dog_bark,dog_bark,True,engine_idling,0.004709621047995196,19.405126571655273,4120.31591796875,5.4470367431640625,11.897826194763184,10.153549194335938,7.277460098266602,7.0195770263671875,Delta,1,True
542,9,street_music,street_music,True,children_playing,0.0009172666406727162,3.772901773452759,4113.20068359375,0.969990611076355,2.4114279747009277,1.9650906324386597,1.3687822818756104,1.3205201625823975,Delta,3,True
543,9,children_playing,children_playing,True,dog_bark,0.0028075135363897752,18.86822509765625,6720.61767578125,5.0910491943359375,12.440767288208008,9.337298393249512,6.5984721183776855,6.6778364181518555,Delta,3,True
544,9,engine_idling,engine_idling,True,air_conditioner,0.0002687246246727373,1.7284085750579834,6431.89501953125,0.48846882581710815,1.073082685470581,0.8787071704864502,0.639807403087616,0.6448318958282471,Delta,2,True
545,9,air_conditioner,engine_idling,False,engine_idling,0.0,0.0,0.0,0.0,0.0,0.0,0.0,0.0,none,0,False
546,9,engine_idling,engine_idling,True,air_conditioner,0.00217585678832087,16.64995574951172,7652.1376953125,4.750339984893799,10.64231014251709,8.127683639526367,6.253755569458008,6.018953323364258,Delta,1,True
547,9,drilling,drilling,True,jackhammer,0.00014092945314610466,1.7968792915344238,12750.2041015625,0.5257471799850464,1.1068739891052246,0.9316461682319641,0.6807699799537659,0.6291124224662781,Delta,2,True
548,9,dog_bark,dog_bark,True,siren,0.009902958790326629,79.75048065185547,8053.197265625,23.48626136779785,47.92985153198242,41.832096099853516,29.192895889282227,30.15152931213379,Delta,4,True
549,9,jackhammer,jackhammer,True,engine_idling,0.004035925271192358,10.423227310180664,2582.611572265625,3.139031410217285,6.297126293182373,5.292730331420898,3.9602277278900146,3.9293715953826904,Delta,3,True
550,9,engine_idling,engine_idling,True,jackhammer,0.0017214190543694144,7.293075084686279,4236.66455078125,2.1232385635375977,4.485784530639648,3.7305116653442383,2.736143112182617,2.6749463081359863,Delta,3,True
551,9,car_horn,car_horn,True,siren,0.009906734442349711,41.5126953125,4190.35107421875,11.790597915649414,25.197084426879883,22.725833892822266,14.370318412780762,15.047361373901367,Delta,3,True
552,9,street_music,street_music,True,dog_bark,0.0001286275442227127,0.7591838836669922,5902.1875,0.19767843186855316,0.4978422522544861,0.37737593054771423,0.27394768595695496,0.26828449964523315,Delta,1,True
553,9,street_music,street_music,True,children_playing,0.003675984846039636,17.378137588500977,4727.47802734375,4.618719100952148,10.98219108581543,9.281661033630371,6.268009185791016,5.883995532989502,Delta,1,True
554,9,dog_bark,children_playing,False,children_playing,0.0,0.0,0.0,0.0,0.0,0.0,0.0,0.0,none,0,False
555,9,air_conditioner,engine_idling,False,engine_idling,0.0,0.0,0.0,0.0,0.0,0.0,0.0,0.0,none,0,False
556,9,street_music,street_music,True,children_playing,0.0008349495195120709,4.828672885894775,5783.19140625,1.3193185329437256,2.9938583374023438,2.53596830368042,1.7991362810134888,1.7158868312835693,Delta,2,True
557,9,jackhammer,jackhammer,True,engine_idling,0.003050420229291918,8.31796646118164,2726.826416015625,2.435554027557373,5.0585832595825195,4.264248371124268,3.1014297008514404,3.14081072807312,Delta,3,True
558,9,drilling,engine_idling,False,engine_idling,0.0,0.0,0.0,0.0,0.0,0.0,0.0,0.0,none,0,False
559,9,car_horn,car_horn,True,dog_bark,0.0009089180501084049,10.767172813415527,11846.142578125,2.8220624923706055,6.753805637359619,5.832963943481445,3.710604429244995,3.816020965576172,Delta,3,True
560,9,street_music,street_music,True,siren,0.00408832910645208,24.9808406829834,6110.28125,6.3379693031311035,16.568988800048828,12.979146957397461,8.462495803833008,8.322797775268555,Delta,3,True
561,9,children_playing,children_playing,True,dog_bark,0.0019929186834806534,12.124523162841797,6083.80224609375,3.18271541595459,7.839817523956299,6.114051818847656,4.504520893096924,4.211803913116455,Delta,2,True
562,9,children_playing,children_playing,True,dog_bark,0.001874267561335997,14.931713104248047,7966.6923828125,4.342402935028076,9.195388793945312,7.571403980255127,5.655913352966309,5.498084545135498,Delta,1,True
563,9,gun_shot,gun_shot,True,dog_bark,0.004600346582177107,36.35053253173828,7901.6943359375,11.002593994140625,22.091760635375977,18.48611068725586,13.552437782287598,13.669432640075684,Delta,1,True
564,9,car_horn,car_horn,True,dog_bark,0.001192690277762421,9.111984252929688,7639.85791015625,2.550604820251465,5.607176780700684,4.715470314025879,3.3290834426879883,3.4298384189605713,Delta,3,True
565,9,children_playing,children_playing,True,dog_bark,0.0006168601004357646,5.1634840965271,8370.591796875,1.4821821451187134,3.1496124267578125,2.6704599857330322,1.9389647245407104,1.9114669561386108,Delta,3,True
566,9,siren,siren,True,dog_bark,0.013653422442763062,58.606475830078125,4292.4384765625,16.88092041015625,35.313514709472656,30.332569122314453,21.44874382019043,22.8603572845459,Delta,2,True
567,9,engine_idling,engine_idling,True,siren,0.013212879224996804,30.16173553466797,2282.752685546875,8.831612586975098,17.4445858001709,16.32115936279297,11.382572174072266,11.466306686401367,Delta,1,True
568,9,siren,siren,True,jackhammer,0.0035496318295873976,30.15278434753418,8494.623046875,8.056781768798828,18.971153259277344,15.611649513244629,11.067286491394043,10.870400428771973,Delta,4,True
569,9,drilling,drilling,True,engine_idling,0.006634803399358005,12.10714340209961,1824.7930908203125,3.4397807121276855,7.435054779052734,6.1541643142700195,4.467179775238037,4.652027130126953,Delta,3,True
570,9,siren,siren,True,dog_bark,0.016203854929729627,69.94071960449219,4316.30126953125,20.054000854492188,42.505794525146484,35.88288116455078,25.866453170776367,26.947053909301758,Delta,2,True
571,9,air_conditioner,dog_bark,False,dog_bark,0.0,0.0,0.0,0.0,0.0,0.0,0.0,0.0,none,0,False
572,9,engine_idling,engine_idling,True,air_conditioner,0.005015717323547106,33.00267791748047,6579.85205078125,9.57314395904541,19.881160736083984,17.475223541259766,12.213193893432617,12.1542329788208,Delta,4,True
573,9,street_music,street_music,True,car_horn,0.0030191726984672112,19.763038635253906,6545.845703125,5.173996448516846,13.21871566772461,9.65882396697998,7.065009117126465,6.772426605224609,Delta,2,True
574,9,engine_idling,engine_idling,True,air_conditioner,0.004569615349468293,29.922664642333984,6548.18017578125,8.780826568603516,18.17181968688965,15.948999404907227,10.70221996307373,10.915121078491211,Delta,5,True
575,9,street_music,street_music,True,air_conditioner,0.0009153113018160567,3.9806110858917236,4348.9150390625,1.0736441612243652,2.491903781890869,2.103696346282959,1.437312126159668,1.4112284183502197,Delta,2,True
576,9,drilling,drilling,True,engine_idling,0.008560517196866627,13.58579158782959,1587.029296875,3.8654448986053467,8.444965362548828,6.85922908782959,5.038506984710693,5.087146759033203,Delta,4,True
577,9,car_horn,car_horn,True,engine_idling,0.0001759578168935695,0.8137691617012024,4624.796875,0.219302237033844,0.5114288330078125,0.4275805652141571,0.3058282434940338,0.2760639488697052,Delta,1,True
578,9,engine_idling,engine_idling,True,jackhammer,0.01673572291433555,39.56472396850586,2364.088134765625,11.685261726379395,23.13985824584961,20.617406845092773,15.027621269226074,15.571192741394043,Delta,3,True
579,9,street_music,street_music,True,children_playing,0.002044785023485384,8.50851821899414,4161.08203125,2.2771151065826416,5.425145626068115,4.454394817352295,3.0290093421936035,2.95988130569458,Delta,1,True
580,9,gun_shot,gun_shot,True,dog_bark,0.0018840398902252545,21.42699432373047,11372.8984375,5.985377788543701,13.274006843566895,11.026646614074707,7.878318786621094,7.964746475219727,Delta,1,True
581,9,dog_bark,dog_bark,True,gun_shot,0.0018149927441048013,14.383151054382324,7924.6328125,3.9288995265960693,8.945570945739746,7.485105991363525,5.489471912384033,5.0253777503967285,Delta,1,True
582,9,children_playing,dog_bark,False,dog_bark,0.0,0.0,0.0,0.0,0.0,0.0,0.0,0.0,none,0,False
583,9,dog_bark,dog_bark,True,children_playing,0.0011780581189785226,10.30587100982666,8748.185546875,3.0243937969207764,6.403414249420166,5.182918071746826,3.914959192276001,3.7243459224700928,Delta,1,True
584,9,dog_bark,dog_bark,True,children_playing,0.004434974586681918,32.521514892578125,7332.96533203125,9.440926551818848,20.444429397583008,16.176883697509766,12.046507835388184,11.988879203796387,Delta,2,True
585,9,children_playing,children_playing,True,air_conditioner,0.0006402744592611163,5.281426429748535,8248.69140625,1.4088364839553833,3.3903541564941406,2.6584298610687256,1.9648058414459229,1.8671984672546387,Delta,3,True
586,9,air_conditioner,drilling,False,drilling,0.0,0.0,0.0,0.0,0.0,0.0,0.0,0.0,none,0,False
587,9,drilling,engine_idling,False,engine_idling,0.0,0.0,0.0,0.0,0.0,0.0,0.0,0.0,none,0,False
588,9,jackhammer,jackhammer,True,engine_idling,0.003985570249146376,10.983146667480469,2755.727783203125,3.311682939529419,6.559808254241943,5.745824337005615,4.107060432434082,4.092523574829102,Delta,1,True
589,9,dog_bark,dog_bark,True,children_playing,0.002426207106585521,25.928022384643555,10686.6484375,7.3236470222473145,16.153213500976562,13.298768997192383,9.86232852935791,9.142069816589355,Delta,4,True
590,9,drilling,drilling,True,jackhammer,0.009800251011103527,16.743803024291992,1708.507568359375,5.180009365081787,9.84906005859375,8.73453426361084,6.386763095855713,6.279778480529785,Delta,3,True
591,9,dog_bark,dog_bark,True,gun_shot,0.005388737884728899,31.274761199951172,5803.7265625,9.038151741027832,18.765684127807617,16.000883102416992,12.315786361694336,11.686092376708984,Delta,1,True
592,9,children_playing,children_playing,True,dog_bark,0.0001993707542222497,2.1989901065826416,11029.65234375,0.6150083541870117,1.3790810108184814,1.1263173818588257,0.8079261183738708,0.7963181734085083,Delta,1,True
593,9,air_conditioner,engine_idling,False,engine_idling,0.0,0.0,0.0,0.0,0.0,0.0,0.0,0.0,none,0,False
594,9,dog_bark,children_playing,False,children_playing,0.0,0.0,0.0,0.0,0.0,0.0,0.0,0.0,none,0,False
595,9,street_music,children_playing,False,children_playing,0.0,0.0,0.0,0.0,0.0,0.0,0.0,0.0,none,0,False
596,9,drilling,drilling,True,air_conditioner,0.0009219850195262733,2.7871217727661133,3022.957763671875,0.8118467926979065,1.6972259283065796,1.4368833303451538,1.0270336866378784,1.0530644655227661,Delta,3,True
597,9,car_horn,car_horn,True,siren,0.009901617164579874,41.69198226928711,4210.62353515625,11.67274284362793,25.569921493530273,22.75655746459961,14.352470397949219,14.976428031921387,Delta,3,True
598,9,car_horn,car_horn,True,siren,0.009252259838040972,38.54130935668945,4165.6103515625,10.422295570373535,23.5845947265625,21.435129165649414,13.432587623596191,13.441582679748535,Delta,3,True
599,9,dog_bark,dog_bark,True,children_playing,0.002850405316167943,27.973735809326172,9813.9501953125,7.8265485763549805,17.407175064086914,13.953258514404297,10.335383415222168,10.805170059204102,Delta,1,True
600,9,street_music,street_music,True,car_horn,0.002148861928040897,11.159914016723633,5193.40673828125,2.7621161937713623,7.868297100067139,5.11246395111084,3.812623977661133,3.7856180667877197,Delta,1,True
601,9,dog_bark,dog_bark,True,siren,0.0067427652236395665,37.0703239440918,5497.79248046875,11.11937141418457,21.96186065673828,19.306791305541992,13.984272956848145,14.139768600463867,Delta,2,True
602,9,air_conditioner,engine_idling,False,engine_idling,0.0,0.0,0.0,0.0,0.0,0.0,0.0,0.0,none,0,False
603,9,siren,dog_bark,False,dog_bark,0.0,0.0,0.0,0.0,0.0,0.0,0.0,0.0,none,0,False
604,9,drilling,engine_idling,False,engine_idling,0.0,0.0,0.0,0.0,0.0,0.0,0.0,0.0,none,0,False
605,9,drilling,drilling,True,engine_idling,0.006044527315533698,15.009099960327148,2483.089111328125,4.227163791656494,8.987435340881348,8.157976150512695,5.436397075653076,5.524779796600342,Delta,4,True
606,9,jackhammer,jackhammer,True,engine_idling,0.0025515037440964907,6.634304046630859,2600.154541015625,1.9821298122406006,3.950338125228882,3.429699182510376,2.515082359313965,2.5281434059143066,Delta,4,True
607,9,children_playing,children_playing,True,street_music,0.0023870155572547924,16.48638916015625,6906.6953125,4.020440578460693,11.36868953704834,7.981851577758789,5.592421054840088,5.604003429412842,Delta,2,True
608,9,dog_bark,dog_bark,True,children_playing,8.219571949096692e-05,0.3962608277797699,4820.9423828125,0.1149781197309494,0.24554112553596497,0.19987893104553223,0.14982523024082184,0.14530326426029205,Delta,2,True
609,9,engine_idling,engine_idling,True,jackhammer,0.015202156185555435,35.53580093383789,2337.550048828125,10.555118560791016,20.81494140625,18.114036560058594,13.816803932189941,14.110231399536133,Delta,4,True
610,9,drilling,drilling,True,engine_idling,0.004917157287980492,8.24370002746582,1676.5174560546875,2.3913841247558594,5.039886474609375,4.250504970550537,3.060333013534546,3.067080497741699,Delta,3,True
611,9,siren,siren,True,children_playing,0.0022746257138558453,18.02323341369629,7923.60400390625,4.986505508422852,11.379106521606445,9.065228462219238,6.34854793548584,6.9285807609558105,Delta,2,True
612,9,siren,siren,True,dog_bark,0.0012758082841024384,6.454339027404785,5059.01953125,1.8983572721481323,3.9393839836120605,3.220646858215332,2.441222906112671,2.490753412246704,Delta,2,True
613,9,siren,siren,True,dog_bark,0.015299018502582687,65.56689453125,4285.69287109375,18.83738899230957,39.77594757080078,33.5885009765625,24.39344024658203,25.274829864501953,Delta,2,True
614,9,street_music,street_music,True,dog_bark,0.0003330480082113561,1.9588496685028076,5881.58349609375,0.5268714427947998,1.2253469228744507,1.0461832284927368,0.7222323417663574,0.6647590398788452,Delta,3,True
615,9,siren,siren,True,dog_bark,0.01428105017005116,61.51970291137695,4307.78564453125,17.62158203125,37.300296783447266,31.84188461303711,22.445049285888672,23.77301025390625,Delta,2,True
616,9,car_horn,car_horn,True,dog_bark,0.0007732954752776748,9.163166999816895,11849.5029296875,2.440871238708496,5.819296360015869,4.943116664886475,3.334221839904785,2.930891275405884,Delta,3,True
617,9,engine_idling,engine_idling,True,dog_bark,0.003957709284294691,26.004465103149414,6570.5849609375,7.292628288269043,16.455617904663086,13.443519592285156,9.349653244018555,9.171599388122559,Delta,3,True
618,9,dog_bark,air_conditioner,False,air_conditioner,0.0,0.0,0.0,0.0,0.0,0.0,0.0,0.0,none,0,False
619,9,air_conditioner,dog_bark,False,dog_bark,0.0,0.0,0.0,0.0,0.0,0.0,0.0,0.0,none,0,False
620,9,siren,siren,True,dog_bark,0.001172476728225162,6.306711673736572,5378.96533203125,1.8382995128631592,3.859377384185791,3.1167471408843994,2.398606538772583,2.456226110458374,Delta,3,True
621,9,dog_bark,dog_bark,True,children_playing,0.005789557797183661,47.88142395019531,8270.3076171875,13.812597274780273,30.16396713256836,23.660995483398438,18.111797332763672,17.438417434692383,Delta,2,True
622,9,drilling,drilling,True,engine_idling,0.004854615098710112,6.578525543212891,1355.1075439453125,1.892529845237732,3.999953031539917,3.3757593631744385,2.4849324226379395,2.474885940551758,Delta,3,True
623,9,siren,siren,True,children_playing,0.0015782028746383879,12.231585502624512,7750.3251953125,3.42214298248291,7.600021839141846,6.290347576141357,4.418783664703369,4.587611198425293,Delta,1,True
624,9,engine_idling,engine_idling,True,jackhammer,0.015051147886146757,35.85335922241211,2382.101318359375,10.66004467010498,21.150646209716797,18.260343551635742,14.012823104858398,13.952691078186035,Delta,4,True
625,9,dog_bark,dog_bark,True,drilling,0.0025968363177708616,13.968395233154297,5379.0048828125,3.7572062015533447,9.0718355178833,7.033318996429443,4.903131008148193,5.01926326751709,Delta,1,True
626,9,air_conditioner,drilling,False,drilling,0.0,0.0,0.0,0.0,0.0,0.0,0.0,0.0,none,0,False
627,9,dog_bark,dog_bark,True,children_playing,0.0013401857961839007,11.491474151611328,8574.5380859375,3.3177621364593506,7.12533712387085,5.770489692687988,4.351561069488525,4.247514247894287,Delta,1,True
628,9,dog_bark,dog_bark,True,children_playing,0.006969520281724784,75.98421478271484,10902.359375,21.185728073120117,46.80659866333008,39.026241302490234,29.109203338623047,27.63176918029785,Delta,1,True
629,9,car_horn,car_horn,True,dog_bark,0.005956702851194003,64.04364776611328,10751.5263671875,18.3011417388916,36.04660415649414,36.86377716064453,23.76746368408203,23.312414169311523,Delta-Delta,2,True
630,9,drilling,jackhammer,False,jackhammer,0.0,0.0,0.0,0.0,0.0,0.0,0.0,0.0,none,0,False
631,9,drilling,engine_idling,False,engine_idling,0.0,0.0,0.0,0.0,0.0,0.0,0.0,0.0,none,0,False
632,9,children_playing,children_playing,True,dog_bark,0.000965311211237807,7.4502177238464355,7717.94384765625,1.9731462001800537,4.896029949188232,3.6683104038238525,2.6693735122680664,2.6569292545318604,Delta,3,True
633,9,jackhammer,jackhammer,True,engine_idling,0.0019348956097869012,5.167306423187256,2670.586669921875,1.4742966890335083,3.1982600688934326,2.6605334281921387,1.9058444499969482,1.8941904306411743,Delta,3,True
634,9,street_music,street_music,True,car_horn,0.0021074438477983993,13.37879753112793,6348.35302734375,3.414107084274292,9.009759902954102,6.327887058258057,4.922099590301514,4.678793907165527,Delta,2,True
635,9,air_conditioner,drilling,False,drilling,0.0,0.0,0.0,0.0,0.0,0.0,0.0,0.0,none,0,False
636,9,air_conditioner,jackhammer,False,jackhammer,0.0,0.0,0.0,0.0,0.0,0.0,0.0,0.0,none,0,False
637,9,car_horn,car_horn,True,siren,0.013852930886031728,59.403011322021484,4288.11865234375,16.182723999023438,36.043827056884766,32.666255950927734,20.834104537963867,21.599428176879883,Delta,3,True
638,9,gun_shot,gun_shot,True,dog_bark,0.003608718168655404,26.55385398864746,7358.2509765625,7.784749507904053,16.47018814086914,13.463122367858887,10.028412818908691,9.561017990112305,Delta,1,True
639,9,children_playing,children_playing,True,dog_bark,0.0033460671703334044,21.57590675354004,6448.13916015625,6.292444705963135,13.17238712310791,11.137726783752441,8.163727760314941,7.8560590744018555,Delta,4,True
640,9,dog_bark,dog_bark,True,gun_shot,0.00725851476939603,78.43313598632812,10805.6728515625,25.07087516784668,47.64613342285156,36.67515182495117,30.37944793701172,31.385936737060547,Delta,1,True
641,9,children_playing,children_playing,True,dog_bark,0.0012096009223156194,8.642321586608887,7144.77099609375,2.3795955181121826,5.394338130950928,4.506734848022461,3.195323944091797,3.0671842098236084,Delta,2,True
642,9,street_music,street_music,True,engine_idling,0.002037856846267699,9.996298789978027,4905.2998046875,2.8232674598693848,6.208520889282227,5.18514347076416,3.665527820587158,3.617680549621582,Delta,1,True
643,9,air_conditioner,dog_bark,False,dog_bark,0.0,0.0,0.0,0.0,0.0,0.0,0.0,0.0,none,0,False
644,9,siren,siren,True,street_music,0.005402684666979526,68.28797149658203,12639.63671875,17.345813751220703,44.37879943847656,35.38310241699219,23.984098434448242,23.784257888793945,Delta,4,True
645,9,drilling,drilling,True,air_conditioner,0.004364736099500147,10.406394004821777,2384.19775390625,2.8664796352386475,6.5206193923950195,5.180478096008301,3.81618595123291,4.01960563659668,Delta,3,True
646,9,air_conditioner,dog_bark,False,dog_bark,0.0,0.0,0.0,0.0,0.0,0.0,0.0,0.0,none,0,False
647,9,children_playing,children_playing,True,dog_bark,0.002840198746594018,18.505393981933594,6515.52783203125,5.077512741088867,11.27556037902832,9.683782577514648,6.9981489181518555,6.839625835418701,Delta,2,True
648,9,children_playing,dog_bark,False,dog_bark,0.0,0.0,0.0,0.0,0.0,0.0,0.0,0.0,none,0,False
649,9,siren,siren,True,dog_bark,0.014257610898094667,61.577632904052734,4318.9306640625,17.776575088500977,37.253440856933594,31.717247009277344,22.636247634887695,23.866199493408203,Delta,2,True
650,9,engine_idling,engine_idling,True,jackhammer,0.015633089989504616,35.39065933227539,2263.830078125,10.595342636108398,20.6727294921875,18.162792205810547,13.656298637390137,14.017640113830566,Delta,1,True
651,9,children_playing,dog_bark,False,dog_bark,0.0,0.0,0.0,0.0,0.0,0.0,0.0,0.0,none,0,False
652,9,air_conditioner,jackhammer,False,jackhammer,0.0,0.0,0.0,0.0,0.0,0.0,0.0,0.0,none,0,False
653,9,drilling,engine_idling,False,engine_idling,0.0,0.0,0.0,0.0,0.0,0.0,0.0,0.0,none,0,False
654,9,drilling,drilling,True,jackhammer,0.0009283515630325759,10.772241592407227,11603.623046875,3.086989641189575,6.218182563781738,5.982537746429443,4.049450397491455,3.9569034576416016,Delta,3,True
655,9,children_playing,children_playing,True,dog_bark,7.997750049511039e-06,0.06056657060980797,7572.951171875,0.017193172127008438,0.03788493946194649,0.030177107080817223,0.022598886862397194,0.022717133164405823,Delta,1,True
656,9,jackhammer,jackhammer,True,engine_idling,0.0019912991803859733,5.263630390167236,2643.314697265625,1.6276460886001587,3.0847203731536865,2.7136502265930176,2.0518219470977783,1.9917830228805542,Delta,3,True
657,9,street_music,street_music,True,children_playing,0.0009281636864543085,5.5396647453308105,5968.41357421875,1.4369598627090454,3.436110258102417,2.951221227645874,2.0312864780426025,1.9950811862945557,Delta,1,True
658,9,children_playing,children_playing,True,dog_bark,0.0005887041179917368,4.28835391998291,7284.39599609375,1.1814895868301392,2.5841987133026123,2.2456393241882324,1.65347158908844,1.5934605598449707,Delta,2,True
659,9,children_playing,children_playing,True,dog_bark,0.002187030839013195,15.368001937866211,7026.87939453125,4.178546905517578,9.827473640441895,7.791901111602783,5.704451084136963,5.374151229858398,Delta,3,True
660,9,street_music,children_playing,False,children_playing,0.0,0.0,0.0,0.0,0.0,0.0,0.0,0.0,none,0,False
661,9,siren,siren,True,children_playing,0.004490850167468966,32.969425201416016,7341.46630859375,9.36724853515625,19.88409423828125,17.25872230529785,12.2859525680542,12.451995849609375,Delta,2,True
662,9,children_playing,children_playing,True,dog_bark,0.002271049718716296,18.03415298461914,7940.888671875,4.797764301300049,11.697433471679688,8.954899787902832,6.689897537231445,6.3590240478515625,Delta,1,True
663,9,children_playing,children_playing,True,dog_bark,0.0016894766642137806,7.931404113769531,4694.59228515625,2.222226619720459,4.9742631912231445,4.022522449493408,2.9582314491271973,2.8798906803131104,Delta,4,True
664,9,siren,siren,True,children_playing,0.0010394285150272379,9.167813301086426,8820.0517578125,2.547147274017334,5.621320724487305,4.78719425201416,3.3472838401794434,3.4409384727478027,Delta,1,True
665,9,car_horn,car_horn,True,dog_bark,0.001383501966806753,13.360017776489258,9656.6669921875,3.808912754058838,8.216485977172852,7.036203384399414,4.842229843139648,4.849355697631836,Delta,3,True
666,9,dog_bark,drilling,False,drilling,0.0,0.0,0.0,0.0,0.0,0.0,0.0,0.0,none,0,False
667,9,street_music,children_playing,False,children_playing,0.0,0.0,0.0,0.0,0.0,0.0,0.0,0.0,none,0,False
668,9,jackhammer,jackhammer,True,engine_idling,0.004195206576754142,11.19798755645752,2669.23388671875,3.3180463314056396,6.685652256011963,5.826030254364014,4.226535797119141,4.228629112243652,Delta,3,True
669,9,street_music,car_horn,False,car_horn,0.0,0.0,0.0,0.0,0.0,0.0,0.0,0.0,none,0,False
670,9,drilling,jackhammer,False,jackhammer,0.0,0.0,0.0,0.0,0.0,0.0,0.0,0.0,none,0,False
671,9,drilling,drilling,True,jackhammer,0.0014220300098270382,15.63925552368164,10997.837890625,4.384000778198242,9.345843315124512,8.322137832641602,5.950510025024414,5.775424480438232,Delta,4,True
672,9,street_music,street_music,True,engine_idling,0.004708729343618387,12.558822631835938,2667.13623046875,3.4255008697509766,7.992494583129883,6.35847806930542,4.580538272857666,4.5495524406433105,Delta,4,True
673,9,drilling,engine_idling,False,engine_idling,0.0,0.0,0.0,0.0,0.0,0.0,0.0,0.0,none,0,False
674,9,street_music,street_music,True,car_horn,7.022153372249746e-05,0.6749939322471619,9612.349609375,0.17049022018909454,0.4543508291244507,0.32438144087791443,0.2457573115825653,0.2334420531988144,Delta,1,True
675,9,children_playing,children_playing,True,dog_bark,0.00038944954159518715,4.122443199157715,10585.3076171875,1.1259769201278687,2.626420021057129,2.1196372509002686,1.5191423892974854,1.4240697622299194,Delta,2,True
676,9,car_horn,car_horn,True,engine_idling,0.0004343685015271629,4.484955310821533,10325.2314453125,1.2530555725097656,2.681303024291992,2.5488100051879883,1.613952875137329,1.5013370513916016,Delta,3,True
677,9,siren,siren,True,dog_bark,0.017562255288971373,75.26063537597656,4285.36279296875,21.822134017944336,45.3082160949707,38.5730094909668,28.174938201904297,29.213329315185547,Delta,2,True
678,9,street_music,street_music,True,air_conditioner,0.001103956926163364,6.39000940322876,5788.27783203125,1.8505769968032837,3.8428146839141846,3.464538812637329,2.349057674407959,2.262577772140503,Delta,2,True
679,9,air_conditioner,engine_idling,False,engine_idling,0.0,0.0,0.0,0.0,0.0,0.0,0.0,0.0,none,0,False
680,9,dog_bark,dog_bark,True,children_playing,0.005937961187195448,25.733671188354492,4333.75537109375,7.210174560546875,16.49883460998535,12.996582984924316,9.23322582244873,9.157510757446289,Delta,3,True
681,9,engine_idling,engine_idling,True,jackhammer,0.01504500044913558,34.716224670410156,2307.492431640625,10.213183403015137,20.645145416259766,17.70780372619629,13.188490867614746,13.681464195251465,Delta,3,True
682,9,children_playing,dog_bark,False,dog_bark,0.0,0.0,0.0,0.0,0.0,0.0,0.0,0.0,none,0,False
683,9,children_playing,dog_bark,False,dog_bark,0.0,0.0,0.0,0.0,0.0,0.0,0.0,0.0,none,0,False
684,9,drilling,drilling,True,air_conditioner,0.0022502628282462392,5.511505126953125,2449.271728515625,1.5079491138458252,3.3303589820861816,2.879310131072998,2.039501428604126,2.13576602935791,Delta,3,True
685,9,children_playing,children_playing,True,air_conditioner,0.002816030561341188,13.557857513427734,4814.52783203125,3.669767379760742,8.2509765625,7.279750823974609,4.967832565307617,4.959388256072998,Delta,4,True
686,9,air_conditioner,dog_bark,False,dog_bark,0.0,0.0,0.0,0.0,0.0,0.0,0.0,0.0,none,0,False
687,9,siren,siren,True,dog_bark,0.007577720130144236,92.45694732666016,12201.15625,26.467378616333008,55.43169403076172,49.553470611572266,33.52251052856445,34.58015060424805,Delta,2,True
688,9,drilling,drilling,True,jackhammer,0.0006147961640322502,7.75280237197876,12610.3623046875,2.196073293685913,4.79981803894043,3.9405710697174072,2.920424222946167,2.861464023590088,Delta,4,True
689,9,gun_shot,gun_shot,True,jackhammer,0.007535470246184946,69.92986297607422,9280.0927734375,21.246978759765625,39.59431838989258,38.07368469238281,26.675912857055664,26.642662048339844,Delta,1,True
690,9,siren,siren,True,street_music,0.006963327589098125,68.6130599975586,9853.4873046875,18.28605079650879,41.821876525878906,37.823707580566406,24.39423179626465,24.466129302978516,Delta,3,True
691,9,air_conditioner,dog_bark,False,dog_bark,0.0,0.0,0.0,0.0,0.0,0.0,0.0,0.0,none,0,False
692,9,drilling,drilling,True,air_conditioner,0.004423805500167602,10.200882911682129,2305.90673828125,2.8310952186584473,6.447393417358398,5.19999885559082,3.6561789512634277,3.7505204677581787,Delta,4,True
693,9,dog_bark,dog_bark,True,children_playing,0.002466925430187581,24.88544273376465,10087.634765625,6.84657621383667,16.382604598999023,12.058975219726562,9.079190254211426,8.72750473022461,Delta,1,True
694,9,children_playing,children_playing,True,dog_bark,0.002991734560190797,14.876877784729004,4972.65966796875,4.401103973388672,9.067082405090332,7.718143939971924,5.480592250823975,5.4893693923950195,Delta,3,True
695,9,street_music,street_music,True,children_playing,0.002034067260403651,11.35305404663086,5581.45458984375,3.0159904956817627,7.05263090133667,6.06743860244751,4.2636871337890625,3.8811349868774414,Delta,1,True
696,9,engine_idling,engine_idling,True,jackhammer,0.016884251956707765,37.35226058959961,2212.25439453125,10.973626136779785,21.852005004882812,18.932092666625977,14.626897811889648,14.996350288391113,Delta,1,True
697,9,street_music,street_music,True,car_horn,0.0016801239442328962,9.793323516845703,5828.92919921875,2.528691530227661,6.542263031005859,4.733453273773193,3.566850423812866,3.403775215148926,Delta,3,True
698,9,air_conditioner,drilling,False,drilling,0.0,0.0,0.0,0.0,0.0,0.0,0.0,0.0,none,0,False
699,9,car_horn,car_horn,True,dog_bark,0.00058538634147449,6.45044469833374,11019.1240234375,1.677203893661499,4.098252296447754,3.2753067016601562,2.4216537475585938,2.325404644012451,Delta,2,True
700,9,dog_bark,dog_bark,True,gun_shot,0.00285716292313834,17.62348175048828,6168.17529296875,4.893854141235352,11.19136905670166,8.865029335021973,6.598968505859375,6.265412330627441,Delta,5,True
701,9,street_music,street_music,True,siren,0.0002143885901454218,0.7231076955795288,3372.88330078125,0.19895558059215546,0.4545573890209198,0.371998131275177,0.2712133824825287,0.2544398903846741,Delta,2,True
702,9,dog_bark,dog_bark,True,children_playing,0.0074413997123840316,68.47420501708984,9201.791015625,19.462602615356445,43.03053283691406,33.91604995727539,25.915523529052734,25.226655960083008,Delta,1,True
703,9,street_music,children_playing,False,children_playing,0.0,0.0,0.0,0.0,0.0,0.0,0.0,0.0,none,0,False
704,9,drilling,engine_idling,False,engine_idling,0.0,0.0,0.0,0.0,0.0,0.0,0.0,0.0,none,0,False
705,9,street_music,children_playing,False,children_playing,0.0,0.0,0.0,0.0,0.0,0.0,0.0,0.0,none,0,False
706,9,engine_idling,engine_idling,True,air_conditioner,0.0022640078891826647,14.327337265014648,6328.30712890625,4.099911689758301,8.913111686706543,7.245789527893066,5.299905776977539,5.331912994384766,Delta,1,True
707,9,dog_bark,air_conditioner,False,air_conditioner,0.0,0.0,0.0,0.0,0.0,0.0,0.0,0.0,none,0,False
708,9,children_playing,children_playing,True,dog_bark,0.0006400652292113524,4.879482269287109,7623.4140625,1.309974193572998,3.2104756832122803,2.417813539505005,1.7435252666473389,1.703073501586914,Delta,3,True
709,9,dog_bark,dog_bark,True,gun_shot,5.402994017004941e-06,0.04719104245305061,8734.2392578125,0.013511687517166138,0.027972839772701263,0.024295009672641754,0.01860109344124794,0.018047191202640533,Delta,1,True
710,9,siren,siren,True,dog_bark,0.0003749128498841041,4.380871295928955,11685.0390625,1.220969796180725,2.717048168182373,2.3333282470703125,1.5514748096466064,1.5708023309707642,Delta,3,True
711,9,children_playing,children_playing,True,dog_bark,0.002239075134462886,10.64410400390625,4753.794921875,2.967841625213623,6.5739426612854,5.424921989440918,3.9277491569519043,4.051563262939453,Delta,1,True
712,9,engine_idling,engine_idling,True,air_conditioner,0.001994067785366143,11.869991302490234,5952.65185546875,3.487006664276123,7.2624006271362305,6.09153413772583,4.341380596160889,4.476680755615234,Delta,2,True
713,9,gun_shot,gun_shot,True,dog_bark,0.0021528833932106264,21.019935607910156,9763.6201171875,5.804601192474365,13.308464050292969,10.914427757263184,7.515674591064453,7.444393157958984,Delta,1,True
714,9,siren,siren,True,dog_bark,0.0008336379099697488,8.861357688903809,10629.744140625,2.4505727291107178,5.184178352355957,4.850221157073975,3.400006055831909,3.249300956726074,Delta,2,True
715,9,drilling,engine_idling,False,engine_idling,0.0,0.0,0.0,0.0,0.0,0.0,0.0,0.0,none,0,False
716,9,dog_bark,dog_bark,True,children_playing,0.00013708695662940204,0.6432682275772095,4692.41015625,0.17610275745391846,0.40347060561180115,0.3254825174808502,0.237883523106575,0.23972035944461823,Delta,1,True
717,9,street_music,street_music,True,children_playing,0.0034733654922636708,22.764198303222656,6553.93115234375,5.806639194488525,14.305514335632324,12.380297660827637,8.080113410949707,7.828405380249023,Delta,2,True
718,9,engine_idling,engine_idling,True,jackhammer,0.016947127996920497,38.64065170288086,2280.07080078125,11.277469635009766,22.926305770874023,19.582183837890625,14.992353439331055,15.23386287689209,Delta,3,True
719,9,gun_shot,gun_shot,True,jackhammer,0.004099665837052076,36.1116943359375,8808.4482421875,11.156827926635742,20.514692306518555,19.041622161865234,14.065523147583008,14.082070350646973,Delta,1,True
720,9,engine_idling,engine_idling,True,dog_bark,0.0022398269287465804,14.882822036743164,6644.63037109375,4.172915458679199,9.49100399017334,7.442724227905273,5.38723087310791,5.439633846282959,Delta,1,True
721,9,children_playing,dog_bark,False,dog_bark,0.0,0.0,0.0,0.0,0.0,0.0,0.0,0.0,none,0,False
722,9,drilling,drilling,True,air_conditioner,0.003368466558406227,9.129115104675293,2710.16943359375,2.6085329055786133,5.494381427764893,4.800550937652588,3.360732316970825,3.4652931690216064,Delta,4,True
723,9,children_playing,children_playing,True,siren,0.002785056131767451,15.291898727416992,5490.69677734375,4.146962642669678,9.886326789855957,7.671760559082031,5.426276206970215,5.532180309295654,Delta,2,True
724,9,siren,siren,True,dog_bark,0.0063142200427383915,68.78044128417969,10892.943359375,19.482688903808594,42.0252799987793,35.65708541870117,24.871633529663086,26.36330795288086,Delta,3,True
725,9,air_conditioner,dog_bark,False,dog_bark,0.0,0.0,0.0,0.0,0.0,0.0,0.0,0.0,none,0,False
726,9,air_conditioner,dog_bark,False,dog_bark,0.0,0.0,0.0,0.0,0.0,0.0,0.0,0.0,none,0,False
727,9,dog_bark,dog_bark,True,siren,0.010933449187568126,120.20968627929688,10994.671875,37.25706481933594,70.71044921875,62.540977478027344,45.93912124633789,45.17229080200195,Delta,3,True
728,9,drilling,drilling,True,air_conditioner,0.005181202765820598,20.956867218017578,4044.7880859375,5.858811378479004,13.001811027526855,10.847306251525879,7.633702754974365,7.738217353820801,Delta,3,True
729,9,siren,siren,True,dog_bark,0.009582228410371724,59.95909118652344,6257.322265625,17.875661849975586,35.34126281738281,31.42392349243164,22.148990631103516,23.42024040222168,Delta,3,True
730,9,air_conditioner,children_playing,False,children_playing,0.0,0.0,0.0,0.0,0.0,0.0,0.0,0.0,none,0,False
731,9,drilling,jackhammer,False,jackhammer,0.0,0.0,0.0,0.0,0.0,0.0,0.0,0.0,none,0,False
732,9,engine_idling,engine_idling,True,dog_bark,0.0025302949634549952,16.590866088867188,6556.89013671875,4.741068363189697,10.463164329528809,8.523807525634766,5.971932888031006,5.914560317993164,Delta,1,True
733,9,children_playing,dog_bark,False,dog_bark,0.0,0.0,0.0,0.0,0.0,0.0,0.0,0.0,none,0,False
734,9,engine_idling,engine_idling,True,jackhammer,0.016045417840353047,37.533111572265625,2339.179443359375,11.159578323364258,22.211769104003906,18.966571807861328,14.592729568481445,14.770137786865234,Delta,4,True
735,9,gun_shot,gun_shot,True,engine_idling,0.0006173255467328771,6.528398513793945,10575.29296875,1.9166709184646606,3.8517754077911377,3.490368604660034,2.424536943435669,2.459498882293701,Delta,3,True
736,9,children_playing,children_playing,True,engine_idling,0.00010866726981524069,0.7055199146270752,6492.478515625,0.19448788464069366,0.446995347738266,0.3614295423030853,0.25950726866722107,0.24930435419082642,Delta,1,True
737,9,children_playing,children_playing,True,dog_bark,0.0007328248939057633,4.187425136566162,5714.0869140625,1.194780945777893,2.5853970050811768,2.1550300121307373,1.5838284492492676,1.5066803693771362,Delta,2,True
738,9,drilling,engine_idling,False,engine_idling,0.0,0.0,0.0,0.0,0.0,0.0,0.0,0.0,none,0,False
739,9,air_conditioner,jackhammer,False,jackhammer,0.0,0.0,0.0,0.0,0.0,0.0,0.0,0.0,none,0,False
740,9,children_playing,children_playing,True,dog_bark,0.0033777786647001245,23.120819091796875,6844.9775390625,6.3298020362854,14.577817916870117,11.745015144348145,8.600268363952637,8.371564865112305,Delta,4,True
741,9,street_music,engine_idling,False,engine_idling,0.0,0.0,0.0,0.0,0.0,0.0,0.0,0.0,none,0,False
742,9,car_horn,car_horn,True,dog_bark,0.0017553822127731385,18.980527877807617,10812.7607421875,5.271745681762695,10.264888763427734,11.346830368041992,7.167325973510742,6.85420036315918,Delta-Delta,2,True
743,9,drilling,drilling,True,engine_idling,0.002801087632177048,6.082204818725586,2171.37255859375,1.6732021570205688,3.7829430103302,3.158045530319214,2.261620283126831,2.1896979808807373,Delta,3,True
744,9,children_playing,children_playing,True,siren,0.002053944415478917,12.40453052520752,6039.3701171875,3.4419522285461426,7.8193817138671875,6.365966796875,4.432347297668457,4.5509748458862305,Delta,1,True
745,9,dog_bark,children_playing,False,children_playing,0.0,0.0,0.0,0.0,0.0,0.0,0.0,0.0,none,0,False
746,9,air_conditioner,air_conditioner,True,children_playing,0.00010217866263662733,0.8613855838775635,8430.1904296875,0.2374381273984909,0.5420719385147095,0.44587913155555725,0.3115466833114624,0.30967187881469727,Delta,2,True
747,9,children_playing,children_playing,True,engine_idling,0.0004895904474878414,2.3717331886291504,4844.32080078125,0.6281326413154602,1.5226234197616577,1.2026137113571167,0.8738385438919067,0.8380405306816101,Delta,2,True
748,9,children_playing,dog_bark,False,dog_bark,0.0,0.0,0.0,0.0,0.0,0.0,0.0,0.0,none,0,False
749,9,car_horn,car_horn,True,dog_bark,0.00010319704754303167,1.1953239440917969,11582.927734375,0.33259886503219604,0.7215280532836914,0.6131168007850647,0.4598380923271179,0.4584881365299225,Delta,1,True
750,9,street_music,street_music,True,engine_idling,0.0047942562820363546,12.73659610748291,2656.636474609375,3.3900513648986816,8.2059965133667,6.556731700897217,4.539672374725342,4.448673725128174,Delta,1,True
751,9,dog_bark,children_playing,False,children_playing,0.0,0.0,0.0,0.0,0.0,0.0,0.0,0.0,none,0,False
752,9,drilling,drilling,True,jackhammer,0.003955389217361211,19.811565399169922,5008.75244140625,5.78769588470459,11.74263858795166,10.505902290344238,7.519455432891846,7.361720085144043,Delta,3,True
753,9,children_playing,children_playing,True,street_music,0.002880678809450467,20.438508987426758,7095.0322265625,5.428341388702393,12.926063537597656,10.689821243286133,7.505692958831787,7.111604690551758,Delta,3,True
754,9,drilling,engine_idling,False,engine_idling,0.0,0.0,0.0,0.0,0.0,0.0,0.0,0.0,none,0,False
755,9,air_conditioner,children_playing,False,children_playing,0.0,0.0,0.0,0.0,0.0,0.0,0.0,0.0,none,0,False
756,9,engine_idling,engine_idling,True,jackhammer,0.013675368866091997,32.20832824707031,2355.207275390625,9.555706977844238,19.3022518157959,16.425241470336914,12.216670989990234,12.427886009216309,Delta,3,True
757,9,children_playing,children_playing,True,siren,0.0006747922516316452,3.5601370334625244,5275.90087890625,0.9986003637313843,2.1814329624176025,1.8819729089736938,1.3108190298080444,1.287887692451477,Delta,3,True
758,9,engine_idling,engine_idling,True,dog_bark,0.0023642288839541173,15.606487274169922,6601.08984375,4.284083843231201,9.691938400268555,8.202404975891113,5.691826343536377,5.621304035186768,Delta,1,True
759,9,children_playing,children_playing,True,dog_bark,0.0002962428008417062,2.3505892753601074,7934.67138671875,0.6518227458000183,1.4844964742660522,1.208173394203186,0.8389906287193298,0.8562003374099731,Delta,2,True
760,9,children_playing,dog_bark,False,dog_bark,0.0,0.0,0.0,0.0,0.0,0.0,0.0,0.0,none,0,False
761,9,air_conditioner,dog_bark,False,dog_bark,0.0,0.0,0.0,0.0,0.0,0.0,0.0,0.0,none,0,False
762,9,siren,siren,True,dog_bark,0.011898811689579484,66.53888702392578,5592.0615234375,19.848249435424805,39.42790222167969,34.52386474609375,24.531436920166016,26.17676544189453,Delta,3,True
763,9,street_music,street_music,True,car_horn,0.0011574738829294184,7.439837455749512,6427.650390625,1.8738338947296143,5.177842140197754,3.3641321659088135,2.634678363800049,2.602106809616089,Delta,1,True
764,9,drilling,drilling,True,air_conditioner,0.002636623152626711,10.301496505737305,3907.07958984375,2.8392136096954346,6.271719932556152,5.550952911376953,3.755868911743164,3.7155892848968506,Delta,4,True
765,9,dog_bark,dog_bark,True,children_playing,0.0029678656279334315,12.279309272766113,4137.4208984375,3.381051778793335,7.763382911682129,6.1974005699157715,4.5398478507995605,4.479042053222656,Delta,1,True
766,9,air_conditioner,dog_bark,False,dog_bark,0.0,0.0,0.0,0.0,0.0,0.0,0.0,0.0,none,0,False
767,9,street_music,street_music,True,siren,0.0025215510600704386,15.873456954956055,6295.1162109375,4.054065227508545,10.427077293395996,8.129654884338379,5.511546611785889,5.5080671310424805,Delta,2,True
768,9,air_conditioner,dog_bark,False,dog_bark,0.0,0.0,0.0,0.0,0.0,0.0,0.0,0.0,none,0,False
769,9,car_horn,car_horn,True,dog_bark,0.0007155727552661909,7.167763710021973,10016.8203125,1.9674779176712036,4.591810703277588,3.7979371547698975,2.5241763591766357,2.3717825412750244,Delta,1,True
770,9,car_horn,car_horn,True,dog_bark,0.0031074804119848682,26.831148147583008,8634.3740234375,7.748213768005371,16.393600463867188,14.192998886108398,9.722859382629395,9.754507064819336,Delta,1,True
771,9,drilling,drilling,True,air_conditioner,0.00245135873937892,7.812222957611084,3186.89501953125,2.188556671142578,4.761751651763916,4.056298732757568,2.8867695331573486,2.9630675315856934,Delta,3,True
772,9,children_playing,children_playing,True,street_music,0.0007055654632855519,4.011206150054932,5685.09423828125,1.105202078819275,2.4450457096099854,2.1397790908813477,1.4837270975112915,1.452568531036377,Delta,2,True
773,9,children_playing,children_playing,True,dog_bark,0.0017003010573515586,10.44261646270752,6141.6279296875,2.895612955093384,6.60375452041626,5.2741780281066895,3.7773046493530273,3.868992805480957,Delta,1,True
774,9,air_conditioner,jackhammer,False,jackhammer,0.0,0.0,0.0,0.0,0.0,0.0,0.0,0.0,none,0,False
775,9,engine_idling,engine_idling,True,jackhammer,0.012978669705859263,30.0707950592041,2316.939697265625,8.927250862121582,17.631444931030273,15.380963325500488,11.618335723876953,11.921802520751953,Delta,3,True
776,9,children_playing,children_playing,True,dog_bark,0.0003084205876426039,2.6523330211639404,8599.7275390625,0.7198511362075806,1.6831865310668945,1.3026727437973022,1.0001825094223022,0.9930996298789978,Delta,1,True
777,9,children_playing,children_playing,True,engine_idling,0.00025459875371862026,1.7194623947143555,6753.61669921875,0.4810587763786316,1.0830975770950317,0.879796028137207,0.6326642036437988,0.6145961284637451,Delta,1,True
778,9,engine_idling,engine_idling,True,dog_bark,0.001341022938023072,8.904488563537598,6640.07177734375,2.4381840229034424,5.907220840454102,4.412792682647705,3.105375289916992,3.0551319122314453,Delta,4,True
779,9,dog_bark,dog_bark,True,car_horn,0.005097183674921719,47.65132522583008,9348.5595703125,14.177347183227539,27.392976760864258,26.1676082611084,18.49920082092285,17.097139358520508,Delta,1,True
780,9,air_conditioner,dog_bark,False,dog_bark,0.0,0.0,0.0,0.0,0.0,0.0,0.0,0.0,none,0,False
781,9,gun_shot,gun_shot,True,engine_idling,0.004414101006907343,34.3333625793457,7778.10986328125,9.859660148620605,20.63226318359375,17.88855743408203,13.044454574584961,12.873167991638184,Delta,1,True
782,9,drilling,drilling,True,gun_shot,0.0008580010993172845,10.248015403747559,11944.05859375,2.8816263675689697,6.353341102600098,5.206695556640625,3.895934581756592,3.750349521636963,Delta,4,True
783,9,engine_idling,engine_idling,True,jackhammer,0.015170366980055236,34.36824417114258,2265.4853515625,10.121017456054688,19.73650360107422,17.84295082092285,13.428078651428223,13.803167343139648,Delta,3,True
784,9,air_conditioner,jackhammer,False,jackhammer,0.0,0.0,0.0,0.0,0.0,0.0,0.0,0.0,none,0,False
785,9,gun_shot,gun_shot,True,dog_bark,0.00432098334753899,34.71953582763672,8035.1005859375,9.871867179870605,21.73806381225586,17.82288360595703,12.511576652526855,12.698594093322754,Delta,1,True
786,9,drilling,engine_idling,False,engine_idling,0.0,0.0,0.0,0.0,0.0,0.0,0.0,0.0,none,0,False
787,9,drilling,drilling,True,air_conditioner,0.010028331413438766,22.340049743652344,2227.693603515625,6.560512065887451,13.247123718261719,11.757716178894043,8.34892463684082,8.520730972290039,Delta,3,True
788,9,children_playing,children_playing,True,jackhammer,0.00017277586798521895,1.4626275300979614,8465.4619140625,0.38197582960128784,0.9486973881721497,0.7235749363899231,0.559233546257019,0.5069954991340637,Delta,1,True
789,9,street_music,children_playing,False,children_playing,0.0,0.0,0.0,0.0,0.0,0.0,0.0,0.0,none,0,False
790,9,children_playing,dog_bark,False,dog_bark,0.0,0.0,0.0,0.0,0.0,0.0,0.0,0.0,none,0,False
791,9,drilling,drilling,True,engine_idling,0.0014538841316446172,6.89719295501709,4743.97705078125,1.9974238872528076,4.218756675720215,3.5148720741271973,2.6165528297424316,2.5657341480255127,Delta,2,True
792,9,air_conditioner,engine_idling,False,engine_idling,0.0,0.0,0.0,0.0,0.0,0.0,0.0,0.0,none,0,False
793,9,air_conditioner,air_conditioner,True,children_playing,6.345364146389665e-06,0.04581527039408684,7220.2744140625,0.012239462696015835,0.029199089854955673,0.02374297007918358,0.017082154750823975,0.015528013929724693,Delta,1,True
794,9,children_playing,dog_bark,False,dog_bark,0.0,0.0,0.0,0.0,0.0,0.0,0.0,0.0,none,0,False
795,9,children_playing,children_playing,True,dog_bark,0.0011222918776661811,5.462098121643066,4866.9140625,1.5055561065673828,3.3715929985046387,2.797714948654175,2.0426065921783447,2.0495669841766357,Delta,1,True
796,9,drilling,jackhammer,False,jackhammer,0.0,0.0,0.0,0.0,0.0,0.0,0.0,0.0,none,0,False
797,9,gun_shot,dog_bark,False,dog_bark,0.0,0.0,0.0,0.0,0.0,0.0,0.0,0.0,none,0,False
798,9,drilling,drilling,True,air_conditioner,0.012630521805667401,24.943424224853516,1974.85302734375,7.291528224945068,14.919245719909668,13.097869873046875,9.234972953796387,9.464946746826172,Delta,4,True
799,9,drilling,engine_idling,False,engine_idling,0.0,0.0,0.0,0.0,0.0,0.0,0.0,0.0,none,0,False
800,9,street_music,siren,False,siren,0.0,0.0,0.0,0.0,0.0,0.0,0.0,0.0,none,0,False
801,9,drilling,engine_idling,False,engine_idling,0.0,0.0,0.0,0.0,0.0,0.0,0.0,0.0,none,0,False
802,9,air_conditioner,jackhammer,False,jackhammer,0.0,0.0,0.0,0.0,0.0,0.0,0.0,0.0,none,0,False
803,9,children_playing,dog_bark,False,dog_bark,0.0,0.0,0.0,0.0,0.0,0.0,0.0,0.0,none,0,False
804,9,dog_bark,dog_bark,True,children_playing,0.005652506111200232,46.52259826660156,8230.4375,13.101360321044922,28.947912216186523,23.6979923248291,17.26224136352539,17.179780960083008,Delta,1,True
805,9,street_music,children_playing,False,children_playing,0.0,0.0,0.0,0.0,0.0,0.0,0.0,0.0,none,0,False
806,9,children_playing,children_playing,True,dog_bark,0.0015127709442246664,9.452232360839844,6248.29052734375,2.724346160888672,5.813002586364746,4.8513898849487305,3.591538667678833,3.420013427734375,Delta,1,True
807,9,engine_idling,engine_idling,True,siren,0.013230615954683188,30.33542823791504,2292.820556640625,8.937582015991211,17.972814559936523,15.986532211303711,11.514115333557129,11.366251945495605,Delta,1,True
808,9,engine_idling,engine_idling,True,dog_bark,0.0019894397207858893,13.174516677856445,6622.224609375,3.528071165084839,8.481895446777344,6.797379970550537,4.645726203918457,4.625029563903809,Delta,1,True
809,10,drilling,drilling,True,gun_shot,0.0005980907818345885,7.431253433227539,12424.958984375,2.0238089561462402,4.582191467285156,3.950563907623291,2.6862905025482178,2.703355312347412,Delta,3,True
810,9,engine_idling,engine_idling,True,jackhammer,0.002098331633084633,10.689309120178223,5094.1943359375,3.1063334941864014,6.496475696563721,5.467499256134033,4.055811405181885,4.00807523727417,Delta,4,True
811,9,street_music,street_music,True,children_playing,8.005116749402413e-05,0.49134257435798645,6137.8564453125,0.13328270614147186,0.31057122349739075,0.25836285948753357,0.17808209359645844,0.16951154172420502,Delta,1,True
812,9,children_playing,children_playing,True,dog_bark,0.002904421380667372,16.336807250976562,5624.80615234375,4.471209526062012,10.274083137512207,8.491913795471191,5.863121032714844,5.9037251472473145,Delta,1,True
813,10,dog_bark,dog_bark,True,drilling,0.00016536545800384183,1.6605808734893799,10041.884765625,0.4618752598762512,1.014714002609253,0.8808240294456482,0.6021227240562439,0.6133129596710205,Delta,2,True
814,9,engine_idling,engine_idling,True,jackhammer,0.01367915105905914,31.303638458251953,2288.419677734375,9.249185562133789,18.23666763305664,16.186120986938477,12.032715797424316,12.450603485107422,Delta,3,True
815,9,drilling,drilling,True,air_conditioner,0.003338836780136073,11.808838844299316,3536.812255859375,3.1425507068634033,7.367427825927734,6.042888641357422,4.288459300994873,4.515160083770752,Delta,4,True
816,9,dog_bark,dog_bark,True,children_playing,0.0027660236517953137,27.945409774780273,10103.0986328125,7.90264892578125,17.766311645507812,13.636261940002441,10.368325233459473,10.459563255310059,Delta,1,True
817,9,air_conditioner,dog_bark,False,dog_bark,0.0,0.0,0.0,0.0,0.0,0.0,0.0,0.0,none,0,False
818,10,street_music,street_music,True,siren,0.0022838589999936466,6.75769567489624,2958.8935546875,1.835511565208435,4.3724493980407715,3.354398012161255,2.4281511306762695,2.455836296081543,Delta,2,True
819,10,siren,dog_bark,False,dog_bark,0.0,0.0,0.0,0.0,0.0,0.0,0.0,0.0,none,0,False
820,10,air_conditioner,air_conditioner,True,engine_idling,0.003698624506549435,12.580831527709961,3401.4892578125,3.69046950340271,7.618237018585205,6.413245677947998,4.601259231567383,4.931420803070068,Delta,2,True
821,10,dog_bark,dog_bark,True,gun_shot,0.006710442365761692,78.44420623779297,11689.87109375,22.758277893066406,47.82814025878906,38.9315071105957,30.88604736328125,29.63802719116211,Delta,1,True
822,10,drilling,drilling,True,air_conditioner,0.002534650771912029,11.975401878356934,4724.67529296875,3.3748562335968018,7.455084800720215,6.080721855163574,4.481265068054199,4.402884006500244,Delta,3,True
823,10,gun_shot,gun_shot,True,dog_bark,0.005635549876606847,65.91815185546875,11696.8447265625,19.741880416870117,36.44866943359375,36.180877685546875,26.48015022277832,24.83347511291504,Delta,1,True
824,10,jackhammer,jackhammer,True,engine_idling,0.002283822700948418,4.044069290161133,1770.7457275390625,1.1692713499069214,2.4324700832366943,2.083070993423462,1.5135115385055542,1.5622059106826782,Delta,2,True
825,10,children_playing,children_playing,True,dog_bark,0.001729358184552092,12.928869247436523,7476.1083984375,3.6399219036102295,8.059224128723145,6.530135631561279,4.760509967803955,4.863168239593506,Delta,3,True
826,10,street_music,street_music,True,car_horn,0.005249045899597314,19.27033805847168,3671.207763671875,4.9430341720581055,13.207853317260742,8.988906860351562,6.947786808013916,6.587318420410156,Delta,1,True
827,10,children_playing,children_playing,True,dog_bark,0.002351807179566777,16.11370086669922,6851.625,4.434868335723877,10.119935035705566,8.279608726501465,6.048842430114746,5.69471549987793,Delta,1,True
828,10,dog_bark,dog_bark,True,gun_shot,0.0016005753195587977,16.218490600585938,10132.9130859375,4.64169979095459,9.748929023742676,8.194565773010254,6.428070545196533,6.162909507751465,Delta,4,True
829,10,car_horn,car_horn,True,dog_bark,0.004869476040345038,54.743553161621094,11242.185546875,16.239980697631836,32.51072311401367,30.05055809020996,20.037132263183594,19.278223037719727,Delta,1,True
830,10,jackhammer,jackhammer,True,engine_idling,0.0027896759958455013,4.6697258949279785,1673.9312744140625,1.327802062034607,2.847860336303711,2.440401315689087,1.7060571908950806,1.751222848892212,Delta,3,True
831,10,jackhammer,jackhammer,True,engine_idling,0.0006835036531565875,3.995462656021118,5845.5615234375,1.142730951309204,2.441359519958496,2.0494468212127686,1.489777684211731,1.5092980861663818,Delta,2,True
832,10,street_music,car_horn,False,car_horn,0.0,0.0,0.0,0.0,0.0,0.0,0.0,0.0,none,0,False
833,10,gun_shot,gun_shot,True,jackhammer,0.003753687094050112,45.0256233215332,11995.0390625,13.451324462890625,26.682708740234375,23.56049919128418,17.174528121948242,16.862384796142578,Delta,3,True
834,10,siren,siren,True,dog_bark,0.0018864293218079065,24.53314781188965,13005.0712890625,6.866971969604492,14.652799606323242,13.193374633789062,9.168341636657715,9.04941177368164,Delta,2,True
835,10,street_music,street_music,True,children_playing,0.002393774458700014,9.448606491088867,3947.158203125,2.5558900833129883,5.953949451446533,4.914639472961426,3.4440720081329346,3.3583877086639404,Delta,1,True
836,10,siren,children_playing,False,children_playing,0.0,0.0,0.0,0.0,0.0,0.0,0.0,0.0,none,0,False
837,10,children_playing,children_playing,True,dog_bark,0.0019750342743619777,13.298349380493164,6733.224609375,3.7122557163238525,8.35129165649414,6.743346214294434,4.922445774078369,4.859833717346191,Delta,1,True
838,10,jackhammer,jackhammer,True,engine_idling,0.0006582666728385005,1.0584393739700317,1607.9188232421875,0.30888456106185913,0.6319451928138733,0.5540756583213806,0.39784032106399536,0.40031588077545166,Delta,2,True
839,10,dog_bark,dog_bark,True,children_playing,0.014127542611927817,115.15983581542969,8151.44140625,32.2619743347168,74.95927429199219,54.23574447631836,43.4498405456543,42.102909088134766,Delta,2,True
840,10,street_music,jackhammer,False,jackhammer,0.0,0.0,0.0,0.0,0.0,0.0,0.0,0.0,none,0,False
841,10,dog_bark,dog_bark,True,drilling,8.2258565500698e-05,1.1524864435195923,14010.5341796875,0.30051615834236145,0.7428128719329834,0.5674434304237366,0.42320388555526733,0.4301750659942627,Delta,1,True
842,10,children_playing,dog_bark,False,dog_bark,0.0,0.0,0.0,0.0,0.0,0.0,0.0,0.0,none,0,False
843,10,drilling,drilling,True,jackhammer,0.0031071888963612585,35.38066482543945,11386.7119140625,10.606524467468262,20.675765991210938,18.756956100463867,13.643777847290039,13.1844482421875,Delta,4,True
844,10,street_music,street_music,True,children_playing,0.00021737312217178374,0.7571293711662292,3483.08642578125,0.1990254670381546,0.4818020164966583,0.3970385789871216,0.2719282805919647,0.264416366815567,Delta,1,True
845,10,dog_bark,dog_bark,True,children_playing,0.012148260560193202,84.42208862304688,6949.31494140625,24.29261016845703,52.401466369628906,42.0030632019043,32.4517936706543,31.203659057617188,Delta,1,True
846,10,dog_bark,street_music,False,street_music,0.0,0.0,0.0,0.0,0.0,0.0,0.0,0.0,none,0,False
847,10,jackhammer,jackhammer,True,drilling,0.004848857695021812,23.066404342651367,4757.080078125,6.731382369995117,13.62996768951416,12.539905548095703,8.46868896484375,8.485492706298828,Delta,1,True
848,10,air_conditioner,children_playing,False,children_playing,0.0,0.0,0.0,0.0,0.0,0.0,0.0,0.0,none,0,False
849,10,gun_shot,gun_shot,True,dog_bark,0.004007709329052041,35.2993049621582,8807.8505859375,10.193365097045898,22.11811637878418,17.670591354370117,12.855268478393555,13.244518280029297,Delta,1,True
850,10,street_music,street_music,True,car_horn,0.0015539551269625727,6.486204147338867,4173.9970703125,1.6191505193710327,4.524822235107422,3.022676467895508,2.3032424449920654,2.1292450428009033,Delta,2,True
851,10,children_playing,children_playing,True,dog_bark,0.001303146888209624,9.03766918182373,6935.26513671875,2.498464345932007,5.6121015548706055,4.572575092315674,3.4224159717559814,3.364532709121704,Delta,3,True
852,10,jackhammer,jackhammer,True,engine_idling,0.002973538458252426,14.224056243896484,4783.54541015625,4.199211120605469,8.332242965698242,7.523397445678711,5.289931297302246,5.538886070251465,Delta,1,True
853,10,dog_bark,dog_bark,True,children_playing,0.015198455035664936,108.42159271240234,7133.724609375,31.06993293762207,69.59435272216797,51.90896224975586,41.14707565307617,39.48298645019531,Delta,2,True
854,10,dog_bark,street_music,False,street_music,0.0,0.0,0.0,0.0,0.0,0.0,0.0,0.0,none,0,False
855,10,street_music,drilling,False,drilling,0.0,0.0,0.0,0.0,0.0,0.0,0.0,0.0,none,0,False
856,10,air_conditioner,children_playing,False,children_playing,0.0,0.0,0.0,0.0,0.0,0.0,0.0,0.0,none,0,False
857,10,children_playing,children_playing,True,dog_bark,0.001662726849300496,13.577150344848633,8165.5927734375,3.880218982696533,8.068398475646973,7.175745010375977,5.15824031829834,5.107357978820801,Delta,4,True
858,10,jackhammer,jackhammer,True,engine_idling,0.0007428614360145222,1.257214903831482,1692.3948974609375,0.36513781547546387,0.7799842357635498,0.6353517174720764,0.4552101492881775,0.4774935841560364,Delta,2,True
859,10,siren,siren,True,dog_bark,0.0010264938078637386,13.410019874572754,13063.9072265625,3.877239942550659,8.033263206481934,7.067039489746094,4.9896650314331055,5.042076587677002,Delta,3,True
860,10,children_playing,dog_bark,False,dog_bark,0.0,0.0,0.0,0.0,0.0,0.0,0.0,0.0,none,0,False
861,10,children_playing,children_playing,True,dog_bark,0.00011145855829512208,0.6960287094116211,6244.73095703125,0.19131894409656525,0.45261791348457336,0.34553053975105286,0.25223109126091003,0.24490447342395782,Delta,1,True
862,10,dog_bark,dog_bark,True,children_playing,0.010686508730536672,86.14765167236328,8061.3466796875,23.89145851135254,55.23921203613281,41.78106689453125,32.43352508544922,31.648923873901367,Delta,2,True
863,10,street_music,street_music,True,siren,0.0010028502540440657,3.547513484954834,3537.430908203125,0.951630711555481,2.278211832046509,1.7928417921066284,1.2916487455368042,1.2674245834350586,Delta,1,True
864,10,drilling,drilling,True,air_conditioner,0.0031211222181798943,14.50324535369873,4646.8046875,3.9686026573181152,8.919212341308594,7.5368876457214355,5.390250205993652,5.402080535888672,Delta,4,True
865,10,jackhammer,jackhammer,True,engine_idling,0.004494792687349293,7.752659797668457,1724.8092041015625,2.17899489402771,4.69990873336792,3.954113721847534,2.951014757156372,2.9871513843536377,Delta,1,True
866,10,street_music,children_playing,False,children_playing,0.0,0.0,0.0,0.0,0.0,0.0,0.0,0.0,none,0,False
867,10,children_playing,children_playing,True,dog_bark,0.0002771650289381988,2.4610698223114014,8879.4384765625,0.6531438827514648,1.6300228834152222,1.1430081129074097,0.9354555606842041,0.889802873134613,Delta,1,True
868,10,jackhammer,jackhammer,True,engine_idling,0.0022255619322200655,3.590502977371216,1613.3017578125,1.0422433614730835,2.181673526763916,1.8350069522857666,1.355672836303711,1.356702446937561,Delta,2,True
869,10,siren,dog_bark,False,dog_bark,0.0,0.0,0.0,0.0,0.0,0.0,0.0,0.0,none,0,False
870,10,children_playing,dog_bark,False,dog_bark,0.0,0.0,0.0,0.0,0.0,0.0,0.0,0.0,none,0,False
871,10,air_conditioner,air_conditioner,True,engine_idling,0.0026876331028910867,8.878893852233887,3303.61083984375,2.5669596195220947,5.407740592956543,4.5050482749938965,3.3512353897094727,3.387563467025757,Delta,1,True
872,10,gun_shot,gun_shot,True,dog_bark,0.0005038147894039696,6.313716411590576,12531.8203125,1.7360522747039795,4.080502510070801,3.173645496368408,2.2859768867492676,2.2138020992279053,Delta,1,True
873,10,drilling,drilling,True,air_conditioner,0.002692787936321128,12.456905364990234,4626.025390625,3.481034755706787,7.718583583831787,6.413091659545898,4.571924209594727,4.631425857543945,Delta,4,True
874,10,siren,siren,True,dog_bark,0.0013207355360120754,11.988862037658691,9077.4130859375,3.4929416179656982,7.260143280029297,6.213357925415039,4.364050388336182,4.601274490356445,Delta,2,True
875,10,jackhammer,jackhammer,True,engine_idling,0.0003332779676957493,0.6892624497413635,2068.130859375,0.2022893726825714,0.40915846824645996,0.36478981375694275,0.2509795129299164,0.26587358117103577,Delta,2,True
876,10,children_playing,dog_bark,False,dog_bark,0.0,0.0,0.0,0.0,0.0,0.0,0.0,0.0,none,0,False
877,10,dog_bark,dog_bark,True,children_playing,0.0038699005274306446,21.86993408203125,5651.291015625,6.289236068725586,13.530484199523926,11.01380729675293,8.332381248474121,8.058100700378418,Delta,1,True
878,10,siren,dog_bark,False,dog_bark,0.0,0.0,0.0,0.0,0.0,0.0,0.0,0.0,none,0,False
879,10,children_playing,children_playing,True,dog_bark,0.0019538824632493257,11.468568801879883,5869.630859375,3.225064277648926,7.340396404266357,5.762713432312012,4.153164863586426,4.097311496734619,Delta,1,True
880,10,jackhammer,jackhammer,True,engine_idling,0.0020796276670126475,3.3602962493896484,1615.8162841796875,0.9513622522354126,2.1260905265808105,1.7010515928268433,1.2360312938690186,1.2020360231399536,Delta,3,True
881,10,siren,siren,True,car_horn,0.004267607362487593,55.39948654174805,12981.392578125,14.683611869812012,33.84136199951172,29.70757484436035,20.751771926879883,19.876649856567383,Delta,4,True
882,10,street_music,children_playing,False,children_playing,0.0,0.0,0.0,0.0,0.0,0.0,0.0,0.0,none,0,False
883,10,air_conditioner,air_conditioner,True,drilling,0.0004651657680594592,1.5071760416030884,3240.083740234375,0.4294320046901703,0.9278972744941711,0.7814981937408447,0.5609939098358154,0.5483800172805786,Delta,2,True
884,10,car_horn,car_horn,True,dog_bark,0.0025679979449095337,25.49418830871582,9927.6513671875,6.4682135581970215,15.51443099975586,14.88675594329834,8.733372688293457,8.33852481842041,Delta,2,True
885,10,street_music,street_music,True,car_horn,5.9549552915376944e-05,0.3047817647457123,5118.1201171875,0.08232533931732178,0.1939636915922165,0.15222732722759247,0.11512747406959534,0.10984104871749878,Delta,1,True
886,10,street_music,street_music,True,siren,0.0008026208424369916,6.3892107009887695,7960.4345703125,1.7367048263549805,4.053101062774658,3.3292901515960693,2.3010265827178955,2.2359213829040527,Delta,2,True
887,10,jackhammer,jackhammer,True,engine_idling,0.0009692306846748952,1.4708878993988037,1517.5828857421875,0.4311939775943756,0.8945778012275696,0.7544753551483154,0.5458713173866272,0.5568705201148987,Delta,2,True
888,10,air_conditioner,children_playing,False,children_playing,0.0,0.0,0.0,0.0,0.0,0.0,0.0,0.0,none,0,False
889,10,street_music,car_horn,False,car_horn,0.0,0.0,0.0,0.0,0.0,0.0,0.0,0.0,none,0,False
890,10,jackhammer,jackhammer,True,engine_idling,0.0007488282953359905,8.97200870513916,11981.396484375,2.5625834465026855,5.514236927032471,4.617827415466309,3.312318801879883,3.350748300552368,Delta,4,True
891,10,engine_idling,engine_idling,True,jackhammer,5.226328328017691e-05,0.48511090874671936,9282.0595703125,0.13428235054016113,0.29828453063964844,0.2582118809223175,0.17127688229084015,0.17977216839790344,Delta,2,True
892,10,dog_bark,street_music,False,street_music,0.0,0.0,0.0,0.0,0.0,0.0,0.0,0.0,none,0,False
893,10,dog_bark,dog_bark,True,children_playing,0.013485913921281876,94.63804626464844,7017.5478515625,26.51933479309082,59.94218826293945,46.708675384521484,35.83518600463867,34.55658721923828,Delta,3,True
894,10,air_conditioner,children_playing,False,children_playing,0.0,0.0,0.0,0.0,0.0,0.0,0.0,0.0,none,0,False
895,10,children_playing,children_playing,True,dog_bark,0.0005038702553881614,3.105584144592285,6163.4599609375,0.8450036644935608,1.9377751350402832,1.6140875816345215,1.1285101175308228,1.138786792755127,Delta,2,True
896,10,children_playing,dog_bark,False,dog_bark,0.0,0.0,0.0,0.0,0.0,0.0,0.0,0.0,none,0,False
897,10,jackhammer,jackhammer,True,drilling,0.0016686791836495716,16.720300674438477,10020.0810546875,4.817451000213623,9.882713317871094,9.29026985168457,6.111204624176025,5.9191789627075195,Delta,1,True
898,10,gun_shot,gun_shot,True,drilling,0.002738735059847456,28.409711837768555,10373.296875,8.335880279541016,17.617719650268555,14.613743782043457,10.40924072265625,10.262895584106445,Delta,3,True
899,10,jackhammer,jackhammer,True,engine_idling,0.00020659433959432916,0.3067183494567871,1484.640625,0.08844354003667831,0.18767786026000977,0.15644238889217377,0.11288697272539139,0.11752966046333313,Delta,1,True
900,10,gun_shot,gun_shot,True,dog_bark,0.004478728369562151,38.13893508911133,8515.572265625,11.24050521850586,23.657272338867188,19.212724685668945,14.206107139587402,14.057759284973145,Delta,2,True
901,10,siren,siren,True,car_horn,0.004153019127076361,52.88831329345703,12734.9072265625,13.973001480102539,31.991939544677734,28.86721420288086,19.986318588256836,18.592350006103516,Delta,4,True
902,10,gun_shot,gun_shot,True,dog_bark,0.010798686615666764,95.68247985839844,8860.56640625,30.608598709106445,52.60385513305664,50.06510543823242,37.121299743652344,39.58004379272461,Delta,2,True
903,10,drilling,drilling,True,children_playing,0.0015087413630103523,6.176328182220459,4093.69580078125,1.7904831171035767,3.927448034286499,2.9406180381774902,2.385437488555908,2.2756993770599365,Delta,1,True
904,10,dog_bark,dog_bark,True,children_playing,0.00889263996462422,73.93022155761719,8313.6416015625,21.144784927368164,46.884578704833984,35.82194900512695,28.01099395751953,27.433277130126953,Delta,3,True
905,10,drilling,drilling,True,gun_shot,0.0016792237984811257,22.05528450012207,13134.2138671875,5.804204940795898,14.914299964904785,10.1478271484375,8.005969047546387,7.952138423919678,Delta,5,True
906,10,children_playing,children_playing,True,dog_bark,0.0003947899937560767,3.1936559677124023,8089.505859375,0.8712860345840454,2.030768871307373,1.5621438026428223,1.1637927293777466,1.2335193157196045,Delta,3,True
907,10,street_music,street_music,True,children_playing,0.000479417261783911,2.3053982257843018,4808.7509765625,0.6369032859802246,1.4200750589370728,1.1793837547302246,0.8737872838973999,0.8591578006744385,Delta,1,True
908,10,drilling,drilling,True,jackhammer,0.0021857367504482237,21.89040756225586,10015.1162109375,6.785080909729004,12.293414115905762,12.161688804626465,8.315483093261719,8.06043815612793,Delta,3,True
909,10,dog_bark,dog_bark,True,gun_shot,0.0019849253246715048,21.418941497802734,10790.8046875,6.253859519958496,13.191210746765137,11.121776580810547,7.883289813995361,7.733829021453857,Delta,1,True
910,10,dog_bark,dog_bark,True,drilling,0.00025579563566638516,3.405064821243286,13311.6611328125,0.9784537553787231,2.0675158500671387,1.7421107292175293,1.3064048290252686,1.2731176614761353,Delta,1,True
911,10,jackhammer,jackhammer,True,engine_idling,0.0037601848624809454,6.024357318878174,1602.1439208984375,1.7582306861877441,3.7433340549468994,3.0555613040924072,2.179544687271118,2.258779764175415,Delta,2,True
912,10,children_playing,children_playing,True,dog_bark,0.0010314419041412657,7.735201358795166,7499.40576171875,2.2716987133026123,4.6449971199035645,3.9534740447998047,2.9037654399871826,3.005814552307129,Delta,4,True
913,10,siren,dog_bark,False,dog_bark,0.0,0.0,0.0,0.0,0.0,0.0,0.0,0.0,none,0,False
914,10,jackhammer,jackhammer,True,engine_idling,0.0011152653369221777,2.034360647201538,1824.1046142578125,0.5955781936645508,1.220726728439331,1.049883484840393,0.7672359943389893,0.7764211893081665,Delta,2,True
915,10,drilling,drilling,True,air_conditioner,0.003088827029459576,13.634041786193848,4413.98681640625,3.7188034057617188,8.58023738861084,7.014045715332031,4.845088481903076,5.075963497161865,Delta,4,True
916,10,siren,siren,True,dog_bark,0.003540601618904724,28.02806282043457,7916.1865234375,8.303730964660645,16.81093978881836,14.332643508911133,10.457281112670898,10.919397354125977,Delta,2,True
917,10,air_conditioner,air_conditioner,True,engine_idling,0.0013775849172577386,4.60417366027832,3342.206787109375,1.3653314113616943,2.85861873626709,2.262946605682373,1.7515987157821655,1.724400281906128,Delta,2,True
918,10,gun_shot,gun_shot,True,dog_bark,0.007266692185452704,68.92903900146484,9485.6142578125,21.424348831176758,39.5301513671875,35.497100830078125,27.47708511352539,26.730918884277344,Delta,1,True
919,10,drilling,drilling,True,jackhammer,0.0017943142243297334,12.116697311401367,6752.8291015625,3.5395400524139404,7.13293981552124,6.438049793243408,4.595030784606934,4.5655670166015625,Delta,3,True
920,10,air_conditioner,air_conditioner,True,engine_idling,0.00288844883752588,10.132696151733398,3508.006103515625,2.9451568126678467,6.21433687210083,4.992453098297119,3.878251314163208,3.9260902404785156,Delta,1,True
921,10,gun_shot,gun_shot,True,drilling,0.00295726684421956,31.991594314575195,10817.9599609375,9.297029495239258,18.81903839111328,16.644241333007812,12.673579216003418,12.050761222839355,Delta,3,True
922,10,children_playing,children_playing,True,dog_bark,0.0014317003213963804,9.267436027526855,6473.02783203125,2.584817409515381,6.013538837432861,4.5823493003845215,3.3582820892333984,3.281075954437256,Delta,2,True
923,10,car_horn,car_horn,True,gun_shot,0.0021057436528424075,19.578231811523438,9297.5380859375,5.5931806564331055,11.831907272338867,10.344877243041992,7.180336952209473,7.311340808868408,Delta,6,True
924,10,siren,dog_bark,False,dog_bark,0.0,0.0,0.0,0.0,0.0,0.0,0.0,0.0,none,0,False
925,10,children_playing,children_playing,True,dog_bark,0.002241916861649129,14.836434364318848,6617.7451171875,4.11229944229126,9.727310180664062,7.284117698669434,5.302675247192383,5.235598087310791,Delta,4,True
926,10,drilling,drilling,True,siren,0.004103230864501505,17.136913299560547,4176.44384765625,4.6707305908203125,10.83730411529541,8.772204399108887,6.336487293243408,6.108051776885986,Delta,4,True
927,10,engine_idling,engine_idling,True,jackhammer,0.016819655852273453,38.98724365234375,2317.957275390625,11.492877960205078,23.234355926513672,19.799327850341797,14.999394416809082,15.201587677001953,Delta,3,True
928,10,jackhammer,engine_idling,False,engine_idling,0.0,0.0,0.0,0.0,0.0,0.0,0.0,0.0,none,0,False
929,10,street_music,street_music,True,car_horn,0.007921038234265309,29.151859283447266,3680.307861328125,7.665256500244141,19.7386531829834,13.7144136428833,10.510604858398438,10.144081115722656,Delta,3,True
930,10,jackhammer,jackhammer,True,engine_idling,0.005153045086524482,9.802299499511719,1902.234375,2.7560958862304688,5.9662981033325195,5.091193675994873,3.6254656314849854,3.7186074256896973,Delta,3,True
931,10,air_conditioner,air_conditioner,True,drilling,0.0017013274141467578,5.592591762542725,3287.193115234375,1.5248991250991821,3.502429723739624,2.9356894493103027,2.033477544784546,1.982786774635315,Delta,3,True
932,10,siren,siren,True,children_playing,0.010162135706959985,36.09959030151367,3552.362548828125,9.960942268371582,22.705322265625,18.211795806884766,13.190729141235352,13.51900863647461,Delta,3,True
933,10,children_playing,children_playing,True,street_music,0.001956446718123647,12.038379669189453,6153.185546875,3.1811442375183105,7.795958042144775,5.987488269805908,4.385390758514404,4.352499961853027,Delta,1,True
934,10,car_horn,car_horn,True,engine_idling,0.0003532417928928254,1.3772631883621216,3898.9248046875,0.39707043766975403,0.8350358605384827,0.7078629732131958,0.5120063424110413,0.5279049277305603,Delta,1,True
935,10,siren,siren,True,dog_bark,0.00220865437314019,19.189285278320312,8688.224609375,5.543363571166992,11.75697135925293,9.863643646240234,6.916600704193115,7.358165740966797,Delta,3,True
936,10,street_music,street_music,True,car_horn,0.0011011345737176113,5.654477119445801,5135.13720703125,1.450676441192627,3.7678439617156982,2.750385284423828,2.0243403911590576,2.002357006072998,Delta,1,True
937,10,jackhammer,jackhammer,True,engine_idling,0.0015130094252740723,2.7654945850372314,1827.810546875,0.815031886100769,1.6894649267196655,1.356563925743103,1.0734412670135498,1.066231369972229,Delta,1,True
938,10,street_music,street_music,True,car_horn,0.0010575371995027495,3.0822577476501465,2914.56201171875,0.8027104139328003,2.077023506164551,1.4514018297195435,1.1328970193862915,1.0732744932174683,Delta,2,True
939,10,street_music,street_music,True,air_conditioner,0.00046243385699142937,1.6408767700195312,3548.34912109375,0.4528499245643616,1.0424469709396362,0.8267138600349426,0.6222179532051086,0.5745406150817871,Delta,2,True
940,10,car_horn,car_horn,True,jackhammer,0.004235125166926687,45.09328842163086,10647.451171875,13.203689575195312,27.35232162475586,24.318410873413086,16.806644439697266,15.397061347961426,Delta,5,True
941,10,drilling,street_music,False,street_music,0.0,0.0,0.0,0.0,0.0,0.0,0.0,0.0,none,0,False
942,10,dog_bark,dog_bark,True,engine_idling,0.0039475772298584715,36.07251739501953,9137.8876953125,9.870152473449707,23.08492660522461,17.78879737854004,13.416069030761719,13.208348274230957,Delta,1,True
943,10,drilling,drilling,True,jackhammer,0.0007970229278566701,3.7249205112457275,4673.54248046875,1.1686182022094727,2.169664144515991,1.9428411722183228,1.4261934757232666,1.4118292331695557,Delta,2,True
944,10,jackhammer,jackhammer,True,engine_idling,0.0034355607346560524,5.835090637207031,1698.4390869140625,1.720464825630188,3.468545913696289,3.025728940963745,2.1810765266418457,2.268334150314331,Delta,3,True
945,10,children_playing,children_playing,True,dog_bark,0.0006806584295115064,4.468587398529053,6565.09521484375,1.205265998840332,2.8982996940612793,2.2255728244781494,1.6018942594528198,1.6112807989120483,Delta,2,True
946,10,gun_shot,gun_shot,True,jackhammer,0.002290788660450557,19.78407859802246,8636.361328125,5.910133361816406,11.645123481750488,10.540580749511719,7.469200134277344,7.347001075744629,Delta,3,True
947,10,jackhammer,engine_idling,False,engine_idling,0.0,0.0,0.0,0.0,0.0,0.0,0.0,0.0,none,0,False
948,10,children_playing,children_playing,True,street_music,0.0017399286574807183,11.592944145202637,6662.884765625,3.179356575012207,7.211647033691406,5.953275680541992,4.278666019439697,4.304847717285156,Delta,3,True
949,10,drilling,drilling,True,engine_idling,0.0020335047416343436,5.044515609741211,2480.7001953125,1.434923768043518,3.1069982051849365,2.6020946502685547,1.817385196685791,1.9133492708206177,Delta,3,True
950,10,drilling,drilling,True,engine_idling,0.0017925606268227872,4.528137683868408,2526.072265625,1.2779560089111328,2.7042603492736816,2.4021713733673096,1.6839079856872559,1.7180984020233154,Delta,3,True
951,10,drilling,street_music,False,street_music,0.0,0.0,0.0,0.0,0.0,0.0,0.0,0.0,none,0,False
952,10,jackhammer,engine_idling,False,engine_idling,0.0,0.0,0.0,0.0,0.0,0.0,0.0,0.0,none,0,False
953,10,jackhammer,engine_idling,False,engine_idling,0.0,0.0,0.0,0.0,0.0,0.0,0.0,0.0,none,0,False
954,10,street_music,street_music,True,children_playing,0.0024024011861904617,7.246150493621826,3016.211669921875,1.8875209093093872,4.65681791305542,3.816465139389038,2.530895471572876,2.507422685623169,Delta,1,True
955,10,street_music,children_playing,False,children_playing,0.0,0.0,0.0,0.0,0.0,0.0,0.0,0.0,none,0,False
956,10,children_playing,dog_bark,False,dog_bark,0.0,0.0,0.0,0.0,0.0,0.0,0.0,0.0,none,0,False
957,10,street_music,air_conditioner,False,air_conditioner,0.0,0.0,0.0,0.0,0.0,0.0,0.0,0.0,none,0,False
958,10,siren,siren,True,dog_bark,0.002795645116727049,29.77353858947754,10649.970703125,8.74681568145752,18.098419189453125,15.369732856750488,10.66362476348877,11.509231567382812,Delta,2,True
959,10,engine_idling,engine_idling,True,dog_bark,0.00021257160351429078,2.592113494873047,12194.072265625,0.6838898658752441,1.7078901529312134,1.296560287475586,0.9117193818092346,0.9067292809486389,Delta,3,True
960,10,car_horn,engine_idling,False,engine_idling,0.0,0.0,0.0,0.0,0.0,0.0,0.0,0.0,none,0,False
961,10,dog_bark,dog_bark,True,children_playing,0.002036775873426651,12.462711334228516,6118.8427734375,3.596942663192749,7.823997497558594,6.2432146072387695,4.621621131896973,4.563896179199219,Delta,1,True
962,10,siren,siren,True,children_playing,0.007130703721845392,25.198646545410156,3533.8232421875,7.022465705871582,15.846549987792969,12.65365982055664,9.321760177612305,9.355924606323242,Delta,3,True
963,10,air_conditioner,air_conditioner,True,drilling,0.00019888082030346667,0.6552981734275818,3294.928955078125,0.18015988171100616,0.40878134965896606,0.3420262932777405,0.2366890162229538,0.23843705654144287,Delta,2,True
964,10,air_conditioner,air_conditioner,True,drilling,0.00032420129170646235,1.0633302927017212,3279.845947265625,0.3020561933517456,0.6673209071159363,0.5501428246498108,0.3901624083518982,0.3731383681297302,Delta,2,True
965,10,engine_idling,engine_idling,True,jackhammer,0.001367518311024971,5.588650703430176,4086.7099609375,1.6206653118133545,3.3523826599121094,2.933328866958618,2.027805805206299,2.1567516326904297,Delta,3,True
966,10,dog_bark,dog_bark,True,gun_shot,0.001987353398164428,24.991506576538086,12575.2705078125,7.4530110359191895,14.01253604888916,13.52780818939209,9.921902656555176,9.551502227783203,Delta,1,True
967,10,engine_idling,engine_idling,True,siren,0.006071816530763135,33.51459503173828,5519.6982421875,10.169200897216797,19.399141311645508,18.050519943237305,12.792170524597168,12.410795211791992,Delta,1,True
968,10,dog_bark,dog_bark,True,car_horn,0.0070399907762440294,70.48095703125,10011.5126953125,19.71122932434082,44.13759231567383,35.98870849609375,26.585935592651367,25.077999114990234,Delta,1,True
969,10,engine_idling,engine_idling,True,jackhammer,0.015406379239521931,36.35209655761719,2359.54833984375,10.934715270996094,21.341411590576172,18.876266479492188,13.990450859069824,13.942916870117188,Delta,3,True
970,10,dog_bark,dog_bark,True,gun_shot,0.006665920109311947,59.994537353515625,9000.1884765625,17.40719985961914,36.7380485534668,30.11409568786621,23.00196075439453,22.59869384765625,Delta,1,True
971,10,children_playing,children_playing,True,dog_bark,0.0013235932351944727,8.940982818603516,6755.08349609375,2.567307710647583,5.71004056930542,4.441669464111328,3.2552103996276855,3.228114366531372,Delta,4,True
972,10,street_music,street_music,True,air_conditioner,0.0012105492366431794,2.880499839782715,2379.498291015625,0.7944977283477783,1.760481595993042,1.532031774520874,1.0473145246505737,1.0596072673797607,Delta,1,True
973,10,drilling,drilling,True,siren,0.004342029381065102,16.115482330322266,3711.50927734375,4.4388017654418945,10.101778030395508,8.235166549682617,5.9173197746276855,5.926820278167725,Delta,4,True
974,10,air_conditioner,air_conditioner,True,engine_idling,0.004373501601811243,15.091736793518066,3450.7216796875,4.536314487457275,8.90813159942627,7.591167449951172,5.748548984527588,6.095566272735596,Delta,1,True
975,10,engine_idling,engine_idling,True,jackhammer,0.001907066143367839,7.800216197967529,4090.16552734375,2.2262179851531982,4.898365497589111,3.926698684692383,2.8574860095977783,2.882561206817627,Delta,4,True
976,10,dog_bark,street_music,False,street_music,0.0,0.0,0.0,0.0,0.0,0.0,0.0,0.0,none,0,False
977,10,drilling,drilling,True,siren,0.00528276862782493,18.81375503540039,3561.34375,5.184237957000732,11.812170028686523,9.551350593566895,6.856173038482666,7.022697448730469,Delta,4,True
978,10,dog_bark,dog_bark,True,gun_shot,0.003283977570059905,32.06853485107422,9765.150390625,9.40381908416748,19.13920783996582,16.560077667236328,12.340107917785645,12.129934310913086,Delta,1,True
979,10,children_playing,children_playing,True,dog_bark,0.0015053999951566593,9.401956558227539,6245.4873046875,2.6767053604125977,5.771763324737549,4.804058074951172,3.6194541454315186,3.4262752532958984,Delta,3,True
980,10,dog_bark,dog_bark,True,children_playing,0.00887897949032694,74.29721069335938,8367.7646484375,20.985225677490234,47.92931365966797,35.96260070800781,27.81968116760254,26.743839263916016,Delta,2,True
981,10,jackhammer,jackhammer,True,engine_idling,0.0016391679475745815,2.7547411918640137,1680.5728759765625,0.8077041506767273,1.636916160583496,1.4241026639938354,1.0397576093673706,1.071239709854126,Delta,1,True
982,10,street_music,car_horn,False,car_horn,0.0,0.0,0.0,0.0,0.0,0.0,0.0,0.0,none,0,False
983,10,jackhammer,jackhammer,True,drilling,0.0016512804160565746,19.231279373168945,11646.283203125,5.785500526428223,11.257862091064453,10.586029052734375,6.952852249145508,7.016017913818359,Delta,1,True
984,10,dog_bark,dog_bark,True,gun_shot,0.0009240914660541677,8.018284797668457,8676.9384765625,2.324582099914551,5.022522449493408,3.9983503818511963,2.9951589107513428,2.9505422115325928,Delta,1,True
985,10,siren,siren,True,car_horn,0.003595344623305509,43.13475036621094,11997.3896484375,11.153180122375488,26.480026245117188,24.25941276550293,15.065348625183105,14.816804885864258,Delta,3,True
986,10,drilling,jackhammer,False,jackhammer,0.0,0.0,0.0,0.0,0.0,0.0,0.0,0.0,none,0,False
987,10,jackhammer,jackhammer,True,engine_idling,0.0017837859056576266,2.9676244258880615,1663.666259765625,0.8547482490539551,1.8245747089385986,1.5107618570327759,1.0821195840835571,1.1374279260635376,Delta,3,True
988,10,children_playing,children_playing,True,dog_bark,0.0011111984202775216,7.19876766204834,6478.3818359375,2.005589008331299,4.496587753295898,3.6245148181915283,2.6976122856140137,2.677004337310791,Delta,3,True
989,10,children_playing,children_playing,True,dog_bark,0.00129989804560662,8.163599014282227,6280.18408203125,2.28192400932312,5.137761116027832,4.199252605438232,3.0286378860473633,2.869532585144043,Delta,3,True
990,10,drilling,drilling,True,jackhammer,0.0005230618799235703,7.124329090118408,13620.4326171875,1.9913808107376099,4.497644424438477,3.6376864910125732,2.601763963699341,2.5611963272094727,Delta,4,True
991,10,jackhammer,engine_idling,False,engine_idling,0.0,0.0,0.0,0.0,0.0,0.0,0.0,0.0,none,0,False
992,10,street_music,car_horn,False,car_horn,0.0,0.0,0.0,0.0,0.0,0.0,0.0,0.0,none,0,False
993,10,children_playing,children_playing,True,dog_bark,0.0010165484810039011,6.781965732574463,6671.5615234375,1.8734363317489624,4.254598140716553,3.5602152347564697,2.4129040241241455,2.4262008666992188,Delta,3,True
994,10,gun_shot,gun_shot,True,drilling,0.003764344510839911,44.492919921875,11819.56640625,12.847749710083008,26.69547462463379,23.77578353881836,16.1496639251709,16.607450485229492,Delta,3,True
995,10,drilling,children_playing,False,children_playing,0.0,0.0,0.0,0.0,0.0,0.0,0.0,0.0,none,0,False
996,10,jackhammer,jackhammer,True,engine_idling,0.0014097607897745213,2.203395366668701,1562.9569091796875,0.6334140300750732,1.3669021129608154,1.1274096965789795,0.8059089183807373,0.8153371810913086,Delta,2,True
997,10,siren,siren,True,dog_bark,0.0018710629234029593,21.24294662475586,11353.4111328125,5.804316520690918,13.370946884155273,10.96961784362793,7.448906421661377,7.9354777336120605,Delta,2,True
998,10,engine_idling,engine_idling,True,children_playing,0.0007440011871070113,3.0678787231445312,4123.486328125,0.8210095763206482,1.9534838199615479,1.5589098930358887,1.1466561555862427,1.0847599506378174,Delta,3,True
999,10,gun_shot,gun_shot,True,dog_bark,0.008934089226500368,85.003173828125,9514.4755859375,27.134275436401367,46.48902130126953,46.28782272338867,33.416500091552734,32.692771911621094,Delta,1,True
1000,10,street_music,street_music,True,air_conditioner,0.0025288492931750946,13.535346031188965,5352.37353515625,3.7729156017303467,8.432061195373535,7.114706039428711,4.886414527893066,4.834763526916504,Delta,1,True
1001,10,street_music,street_music,True,car_horn,0.008273927630644176,34.14883041381836,4127.28173828125,8.24101448059082,24.214656829833984,15.968860626220703,11.591012001037598,11.068994522094727,Delta,1,True
1002,10,dog_bark,dog_bark,True,gun_shot,0.0022727306725095777,20.400787353515625,8976.3330078125,5.823897361755371,12.728340148925781,10.28650951385498,7.672348976135254,7.455634117126465,Delta,5,True
1003,10,dog_bark,dog_bark,True,children_playing,0.0008441517691296838,4.633380889892578,5488.80078125,1.2952229976654053,2.808804750442505,2.4525389671325684,1.710141897201538,1.720959186553955,Delta,1,True
1004,10,engine_idling,engine_idling,True,jackhammer,0.016247581332102325,39.14040756225586,2408.9990234375,11.518139839172363,23.180370330810547,19.98990249633789,15.05751895904541,15.350872993469238,Delta,4,True
1005,10,car_horn,car_horn,True,dog_bark,0.002950010041392489,29.54435920715332,10015.0029296875,7.592320919036865,17.933849334716797,17.09276008605957,9.832056045532227,10.235770225524902,Delta,1,True
1006,10,children_playing,children_playing,True,dog_bark,0.0010878960008419952,7.494873046875,6889.32861328125,2.12347149848938,4.534830093383789,3.931791305541992,2.8135316371917725,2.7792739868164062,Delta,3,True
1007,10,jackhammer,jackhammer,True,engine_idling,0.0009626453652145311,7.528736591339111,7820.8828125,2.1453769207000732,4.602240085601807,3.908513069152832,2.8052878379821777,2.7843313217163086,Delta,1,True
1008,10,children_playing,children_playing,True,dog_bark,0.0018255315793702788,11.151453971862793,6108.6064453125,2.971094846725464,7.040144920349121,5.748785018920898,4.0238165855407715,4.089530944824219,Delta,2,True
1009,10,drilling,drilling,True,car_horn,0.005529257578282832,19.997629165649414,3616.693359375,5.538425922393799,12.427099227905273,10.45263385772705,7.205325603485107,7.322836875915527,Delta,3,True
1010,10,dog_bark,dog_bark,True,children_playing,0.0009506240156386929,6.347012519836426,6676.68017578125,1.7793221473693848,3.9056525230407715,3.2559916973114014,2.4449551105499268,2.2989492416381836,Delta,2,True
1011,10,engine_idling,engine_idling,True,jackhammer,0.0014458335677693,6.058813571929932,4190.533203125,1.6930948495864868,3.69222354888916,3.1292402744293213,2.231022834777832,2.332493543624878,Delta,3,True
1012,10,jackhammer,jackhammer,True,engine_idling,0.0016491289921311662,2.9848904609680176,1809.97998046875,0.8593682050704956,1.8067792654037476,1.5396296977996826,1.098509430885315,1.153005838394165,Delta,2,True
1013,10,dog_bark,dog_bark,True,children_playing,0.007517393253354066,76.73914337158203,10208.2119140625,20.897905349731445,48.98732376098633,36.849517822265625,30.290510177612305,27.874967575073242,Delta,3,True
1014,10,air_conditioner,air_conditioner,True,engine_idling,0.003267808445560111,11.246813774108887,3441.69921875,3.4072601795196533,6.624659061431885,5.669559478759766,4.26909065246582,4.5416131019592285,Delta,1,True
1015,10,jackhammer,jackhammer,True,engine_idling,0.0017769088566798512,8.664958953857422,4876.4228515625,2.5968990325927734,5.123241424560547,4.519628524780273,3.2268805503845215,3.354135513305664,Delta,1,True
1016,10,air_conditioner,air_conditioner,True,engine_idling,0.0014862045263581364,5.460724353790283,3674.275146484375,1.5452618598937988,3.339005470275879,2.706676483154297,2.1622607707977295,2.0691184997558594,Delta,1,True
1017,10,engine_idling,engine_idling,True,jackhammer,0.0020804118760191057,8.515007972717285,4092.943359375,2.4483706951141357,5.143773078918457,4.385525226593018,3.2076256275177,3.2451107501983643,Delta,4,True
1018,10,car_horn,car_horn,True,street_music,0.0029002893332907907,11.062651634216309,3814.326904296875,2.86470103263855,7.565671443939209,5.1082024574279785,4.059032917022705,3.79036808013916,Delta,2,True
1019,10,gun_shot,gun_shot,True,dog_bark,0.0007792153904305424,9.968892097473145,12793.5,2.684911012649536,6.247398853302002,5.10843563079834,3.7564656734466553,3.5962371826171875,Delta,1,True
1020,10,siren,siren,True,engine_idling,0.0005036109394247723,1.7780227661132812,3530.54833984375,0.5148578882217407,1.1475014686584473,0.8716678023338318,0.6673928499221802,0.6118075847625732,Delta,1,True
1021,10,drilling,jackhammer,False,jackhammer,0.0,0.0,0.0,0.0,0.0,0.0,0.0,0.0,none,0,False
1022,10,street_music,air_conditioner,False,air_conditioner,0.0,0.0,0.0,0.0,0.0,0.0,0.0,0.0,none,0,False
1023,10,air_conditioner,air_conditioner,True,drilling,0.0005742971761849465,1.999722957611084,3482.03515625,0.5616349577903748,1.263350486755371,1.0230026245117188,0.7310381531715393,0.711654782295227,Delta,2,True
1024,10,children_playing,children_playing,True,dog_bark,0.0052612773233838865,26.997425079345703,5131.34423828125,7.166780948638916,17.112409591674805,13.944718360900879,9.764330863952637,9.739938735961914,Delta,3,True
1025,10,drilling,drilling,True,siren,0.001037463390437628,3.706597328186035,3572.75,1.0167996883392334,2.285179376602173,1.8992787599563599,1.3729158639907837,1.4109500646591187,Delta,3,True
1026,10,air_conditioner,children_playing,False,children_playing,0.0,0.0,0.0,0.0,0.0,0.0,0.0,0.0,none,0,False
1027,10,dog_bark,dog_bark,True,children_playing,0.014055998164862795,117.21681213378906,8339.2734375,32.82342529296875,76.31150817871094,56.34849548339844,43.9348030090332,41.63578414916992,Delta,3,True
1028,10,engine_idling,engine_idling,True,dog_bark,0.003331621232239209,12.198729515075684,3661.49951171875,3.4391932487487793,7.615657329559326,6.239317417144775,4.496367454528809,4.453797817230225,Delta,4,True
1029,10,engine_idling,engine_idling,True,dog_bark,0.002417899345300919,8.852550506591797,3661.2568359375,2.4804329872131348,5.470256805419922,4.635775566101074,3.1997365951538086,3.250025749206543,Delta,4,True
1030,10,engine_idling,engine_idling,True,jackhammer,0.017099094257239614,39.2877197265625,2297.649169921875,11.814201354980469,22.688514709472656,20.329256057739258,15.224541664123535,15.624197006225586,Delta,4,True
1031,10,street_music,children_playing,False,children_playing,0.0,0.0,0.0,0.0,0.0,0.0,0.0,0.0,none,0,False
1032,10,siren,dog_bark,False,dog_bark,0.0,0.0,0.0,0.0,0.0,0.0,0.0,0.0,none,0,False
1033,10,engine_idling,engine_idling,True,dog_bark,0.002401170461837298,8.765728950500488,3650.606689453125,2.4815659523010254,5.424826145172119,4.49668550491333,3.252354860305786,3.233126401901245,Delta,4,True
1034,10,jackhammer,jackhammer,True,engine_idling,0.0036621218038056123,5.7428998947143555,1568.189208984375,1.6553298234939575,3.477172374725342,2.9627492427825928,2.1416826248168945,2.187548875808716,Delta,3,True
1035,10,engine_idling,engine_idling,True,dog_bark,0.002656095422319873,9.678762435913086,3643.9814453125,2.8287994861602783,5.983545780181885,4.991408348083496,3.508220672607422,3.556928873062134,Delta,3,True
1036,10,children_playing,children_playing,True,dog_bark,0.00255629471748642,15.74858283996582,6160.70703125,4.38695764541626,9.766515731811523,8.287714004516602,5.592297077178955,5.781666278839111,Delta,3,True
1037,10,children_playing,children_playing,True,street_music,0.0016582252859298117,10.522693634033203,6345.75634765625,2.80999755859375,6.582113742828369,5.5631842613220215,3.7670505046844482,3.790393352508545,Delta,3,True
1038,10,drilling,drilling,True,siren,0.003877134073877044,18.124208450317383,4674.640625,5.036537170410156,11.25330924987793,9.299802780151367,6.658997058868408,6.756825923919678,Delta,5,True
1039,10,air_conditioner,engine_idling,False,engine_idling,0.0,0.0,0.0,0.0,0.0,0.0,0.0,0.0,none,0,False
1040,10,drilling,drilling,True,jackhammer,0.004524934425410115,11.929516792297363,2636.3955078125,3.576312303543091,6.792552471160889,6.445684432983398,4.5888261795043945,4.558554172515869,Delta,2,True
1041,10,jackhammer,jackhammer,True,engine_idling,0.005516060117352102,8.305059432983398,1505.6143798828125,2.4241607189178467,5.09408712387085,4.239282131195068,2.98913836479187,3.2001993656158447,Delta,1,True
1042,10,children_playing,children_playing,True,dog_bark,0.0030211160149399632,19.139137268066406,6335.12158203125,5.03076171875,12.454608917236328,9.624545097351074,6.9268412590026855,6.728127479553223,Delta,3,True
1043,10,air_conditioner,air_conditioner,True,engine_idling,0.002502728298215354,9.404245376586914,3757.597412109375,2.7809181213378906,5.4105448722839355,5.026190757751465,3.6575005054473877,3.576650857925415,Delta,1,True
1044,10,dog_bark,dog_bark,True,gun_shot,0.004095672650116018,41.05742645263672,10024.5869140625,10.839421272277832,26.25145149230957,20.701045989990234,15.81286907196045,14.159821510314941,Delta,1,True
1045,10,jackhammer,jackhammer,True,engine_idling,0.0019689215278745967,2.6806931495666504,1361.5032958984375,0.7669805884361267,1.5727800130844116,1.4296014308929443,0.9871122241020203,1.051697850227356,Delta,2,True
1046,10,air_conditioner,engine_idling,False,engine_idling,0.0,0.0,0.0,0.0,0.0,0.0,0.0,0.0,none,0,False
1047,10,drilling,drilling,True,siren,0.004030242417462676,18.838335037231445,4674.24365234375,5.1504621505737305,12.001411437988281,9.581561088562012,6.861420631408691,6.740644454956055,Delta,5,True
1048,10,siren,children_playing,False,children_playing,0.0,0.0,0.0,0.0,0.0,0.0,0.0,0.0,none,0,False
1049,10,engine_idling,engine_idling,True,dog_bark,0.0018181485679220379,6.6569743156433105,3661.40283203125,1.8442715406417847,4.149057388305664,3.4891767501831055,2.41694712638855,2.3839683532714844,Delta,4,True
1050,10,drilling,drilling,True,jackhammer,0.0014342231886409634,19.254995346069336,13425.3828125,5.692004680633545,11.762243270874023,9.774398803710938,7.491318702697754,6.953186988830566,Delta,3,True
1051,10,air_conditioner,air_conditioner,True,engine_idling,0.0010714178768183886,3.7988836765289307,3545.66015625,1.053594946861267,2.3503599166870117,2.0052642822265625,1.3747044801712036,1.373450756072998,Delta,1,True
1052,10,engine_idling,engine_idling,True,dog_bark,0.002644412057687189,9.685068130493164,3662.465576171875,2.761728525161743,6.092484951019287,4.926806926727295,3.499436140060425,3.540557622909546,Delta,4,True
1053,10,jackhammer,jackhammer,True,engine_idling,0.0014539504808666775,2.1663503646850586,1489.975341796875,0.6282559633255005,1.3162624835968018,1.1110644340515137,0.8075686097145081,0.8241296410560608,Delta,2,True
1054,10,engine_idling,engine_idling,True,air_conditioner,0.0036525470935682234,13.339722633361816,3652.169921875,3.7947275638580322,8.279425621032715,6.723520755767822,4.957560062408447,5.02157735824585,Delta,4,True
1055,10,engine_idling,engine_idling,True,jackhammer,0.017176881676070087,40.202789306640625,2340.517333984375,11.864944458007812,23.300899505615234,20.847688674926758,15.483404159545898,16.068397521972656,Delta,3,True
1056,10,air_conditioner,children_playing,False,children_playing,0.0,0.0,0.0,0.0,0.0,0.0,0.0,0.0,none,0,False
1057,10,dog_bark,dog_bark,True,children_playing,0.008445086095442172,29.04653549194336,3439.4599609375,7.961786270141602,18.42900276184082,14.62064266204834,10.83873176574707,10.461440086364746,Delta,2,True
1058,10,drilling,dog_bark,False,dog_bark,0.0,0.0,0.0,0.0,0.0,0.0,0.0,0.0,none,0,False
1059,10,air_conditioner,air_conditioner,True,drilling,0.0008142893904886999,2.8018598556518555,3440.864990234375,0.7887386679649353,1.7310563325881958,1.493513822555542,1.0204524993896484,0.979717493057251,Delta,2,True
1060,10,children_playing,children_playing,True,dog_bark,0.00037540824187697985,2.819931983947754,7511.64111328125,0.8039554357528687,1.7520225048065186,1.453425645828247,1.0451072454452515,1.0155762434005737,Delta,2,True
1061,10,jackhammer,jackhammer,True,drilling,0.0007964533375091042,11.119982719421387,13961.8759765625,3.213033437728882,6.706592082977295,5.991802215576172,4.088560581207275,3.966613292694092,Delta,1,True
1062,10,street_music,children_playing,False,children_playing,0.0,0.0,0.0,0.0,0.0,0.0,0.0,0.0,none,0,False
1063,10,street_music,street_music,True,children_playing,0.0025430219501885918,11.160415649414062,4388.64306640625,2.9754745960235596,7.072572231292725,5.823375225067139,4.007088661193848,3.963798761367798,Delta,1,True
1064,10,drilling,drilling,True,gun_shot,5.5805013772305296e-05,0.4106895327568054,7359.3662109375,0.11554272472858429,0.25147971510887146,0.21281664073467255,0.15361613035202026,0.15226584672927856,Delta,2,True
1065,10,children_playing,dog_bark,False,dog_bark,0.0,0.0,0.0,0.0,0.0,0.0,0.0,0.0,none,0,False
1066,10,street_music,street_music,True,car_horn,0.000902452771855457,4.078328609466553,4519.16015625,1.027105450630188,2.786813735961914,1.9384733438491821,1.4484292268753052,1.3985204696655273,Delta,1,True
1067,10,gun_shot,gun_shot,True,jackhammer,0.0022012049942565525,26.31135368347168,11953.1591796875,7.50125789642334,16.755939483642578,13.274980545043945,9.343643188476562,9.577481269836426,Delta,3,True
1068,10,siren,siren,True,engine_idling,0.0008460491958999813,2.9068098068237305,3435.74560546875,0.8165424466133118,1.8151054382324219,1.518688678741455,1.0531744956970215,1.0356651544570923,Delta,1,True
1069,10,drilling,jackhammer,False,jackhammer,0.0,0.0,0.0,0.0,0.0,0.0,0.0,0.0,none,0,False
1070,10,gun_shot,gun_shot,True,drilling,0.003535490860225877,34.30047607421875,9701.7578125,10.579970359802246,19.766401290893555,17.8563232421875,13.722582817077637,12.911965370178223,Delta,4,True
1071,10,air_conditioner,air_conditioner,True,engine_idling,0.0012346599021697698,4.531955718994141,3670.610595703125,1.2823482751846313,2.796942949295044,2.2383761405944824,1.750661849975586,1.7309455871582031,Delta,3,True
1072,10,engine_idling,engine_idling,True,jackhammer,0.0020429501115899647,8.392868995666504,4108.21044921875,2.4013969898223877,5.143688678741455,4.266424179077148,3.13112473487854,3.195260763168335,Delta,4,True
1073,10,air_conditioner,air_conditioner,True,engine_idling,0.0027714928704707623,9.128850936889648,3293.8388671875,2.6494815349578857,5.563568592071533,4.6756696701049805,3.3332810401916504,3.5199759006500244,Delta,3,True
1074,10,car_horn,car_horn,True,street_music,0.005124783528964682,21.242355346679688,4145.02490234375,5.422914028167725,14.531895637512207,9.766229629516602,7.709090709686279,7.472909927368164,Delta,3,True
1075,10,air_conditioner,air_conditioner,True,engine_idling,0.0017518531889441863,6.122033596038818,3494.604248046875,1.7237951755523682,3.7924880981445312,3.0069961547851562,2.333171844482422,2.374687433242798,Delta,2,True
1076,10,dog_bark,dog_bark,True,children_playing,0.001526391372623925,10.257271766662598,6719.94873046875,3.0285730361938477,6.342382907867432,5.095194339752197,3.8860085010528564,3.840766191482544,Delta,1,True
1077,10,jackhammer,jackhammer,True,engine_idling,0.0034870795168569107,16.72776222229004,4797.0693359375,4.948625564575195,9.966347694396973,8.62503719329834,6.258609294891357,6.51456880569458,Delta,1,True
1078,10,jackhammer,engine_idling,False,engine_idling,0.0,0.0,0.0,0.0,0.0,0.0,0.0,0.0,none,0,False
1079,10,jackhammer,jackhammer,True,engine_idling,0.00034424492957700446,3.7156338691711426,10793.576171875,1.0627676248550415,2.301187038421631,1.8841557502746582,1.3733947277069092,1.3945401906967163,Delta,4,True
1080,10,car_horn,engine_idling,False,engine_idling,0.0,0.0,0.0,0.0,0.0,0.0,0.0,0.0,none,0,False
1081,10,engine_idling,engine_idling,True,jackhammer,0.0011958677050966863,11.967872619628906,10007.689453125,3.4055120944976807,7.248598575592041,6.189279079437256,4.348362445831299,4.6770548820495605,Delta,3,True
1082,10,engine_idling,engine_idling,True,jackhammer,0.0009762819101282714,4.076416015625,4175.44970703125,1.1813430786132812,2.5164501667022705,2.0431735515594482,1.5494979619979858,1.521043062210083,Delta,3,True
1083,10,gun_shot,gun_shot,True,dog_bark,0.003266792074257879,38.27186965942383,11715.4287109375,11.481548309326172,23.730308532714844,18.765539169311523,14.56813907623291,14.331998825073242,Delta,1,True
1084,10,engine_idling,engine_idling,True,jackhammer,0.001671122047996102,6.851078987121582,4099.68798828125,1.9518858194351196,4.205805778503418,3.496441602706909,2.5515024662017822,2.5890841484069824,Delta,3,True
1085,10,jackhammer,jackhammer,True,engine_idling,0.0010234536377973873,1.796911358833313,1755.7330322265625,0.521940290927887,1.0858885049819946,0.9268901944160461,0.6680720448493958,0.6869273781776428,Delta,2,True
1086,10,gun_shot,gun_shot,True,dog_bark,0.00440626527185669,39.33189010620117,8926.35546875,11.53829288482666,24.834810256958008,19.48872947692871,14.546257019042969,14.342021942138672,Delta,2,True
1087,10,dog_bark,dog_bark,True,gun_shot,0.0036896587580405042,46.01947784423828,12472.556640625,13.22251033782959,28.37410545349121,23.36351203918457,17.110830307006836,17.298370361328125,Delta,1,True
1088,10,dog_bark,dog_bark,True,children_playing,0.01213205117809609,81.60498046875,6726.39599609375,23.245620727539062,51.92236328125,39.52509689331055,31.271007537841797,29.714859008789062,Delta,2,True
1089,10,drilling,drilling,True,gun_shot,0.0015869227367568495,16.771038055419922,10568.2763671875,4.826536655426025,10.540702819824219,8.446977615356445,6.172391414642334,6.1168622970581055,Delta,1,True
1090,10,dog_bark,street_music,False,street_music,0.0,0.0,0.0,0.0,0.0,0.0,0.0,0.0,none,0,False
1091,10,air_conditioner,air_conditioner,True,jackhammer,0.0012021790558037107,5.040929317474365,4193.16015625,1.497735619544983,3.0073397159576416,2.5968194007873535,1.8730443716049194,1.9677140712738037,Delta,3,True
1092,10,jackhammer,jackhammer,True,engine_idling,0.00018856031929668368,0.3261132538318634,1729.4903564453125,0.09320985525846481,0.19710394740104675,0.16982844471931458,0.1193036139011383,0.12544620037078857,Delta,1,True
1093,10,jackhammer,jackhammer,True,engine_idling,0.0005224112686621335,6.383298397064209,12218.9140625,1.7655227184295654,3.9089112281799316,3.3096837997436523,2.3446788787841797,2.4286441802978516,Delta,4,True
1094,10,jackhammer,jackhammer,True,engine_idling,0.00434932259623656,20.79937171936035,4782.20947265625,6.119129180908203,12.536775588989258,10.759177207946777,7.631691932678223,7.9997992515563965,Delta,1,True
1095,10,car_horn,car_horn,True,street_music,0.014358453693608938,57.516109466552734,4005.7314453125,14.787858963012695,38.46932601928711,27.55713653564453,20.754377365112305,20.479093551635742,Delta,2,True
1096,10,dog_bark,drilling,False,drilling,0.0,0.0,0.0,0.0,0.0,0.0,0.0,0.0,none,0,False
1097,10,drilling,street_music,False,street_music,0.0,0.0,0.0,0.0,0.0,0.0,0.0,0.0,none,0,False
1098,10,air_conditioner,air_conditioner,True,engine_idling,0.0029889780526651147,9.851408958435059,3295.912109375,2.8440937995910645,5.848536968231201,5.027871131896973,3.711228847503662,3.962738037109375,Delta,3,True
1099,10,siren,siren,True,dog_bark,0.0011136166582234146,4.15765380859375,3733.469482421875,1.2542569637298584,2.476469039916992,2.1337714195251465,1.5723285675048828,1.5983827114105225,Delta,3,True
1100,10,dog_bark,dog_bark,True,siren,0.0102703195535757,108.18132781982422,10533.39453125,32.80179977416992,61.68708801269531,57.37733459472656,43.144161224365234,40.84564971923828,Delta,2,True
1101,10,engine_idling,engine_idling,True,jackhammer,0.0018582256308352534,7.554202556610107,4065.27734375,2.1371190547943115,4.561431407928467,3.91628098487854,2.859754800796509,2.8594729900360107,Delta,3,True
1102,10,drilling,siren,False,siren,0.0,0.0,0.0,0.0,0.0,0.0,0.0,0.0,none,0,False
1103,10,street_music,street_music,True,siren,0.0009366518689090497,7.288387298583984,7781.3193359375,1.8842967748641968,4.638713836669922,3.8119325637817383,2.606414318084717,2.5938634872436523,Delta,3,True
1104,10,jackhammer,jackhammer,True,engine_idling,0.0007151754903291785,1.6013535261154175,2239.105712890625,0.4589967727661133,0.9634007215499878,0.8341802954673767,0.6124463677406311,0.5954549312591553,Delta,2,True
1105,10,dog_bark,dog_bark,True,siren,0.006672532416535177,28.449495315551758,4263.6728515625,8.422882080078125,17.34722328186035,14.491873741149902,10.497880935668945,10.82971477508545,Delta,3,True
1106,10,engine_idling,engine_idling,True,dog_bark,0.003033712722285336,11.008270263671875,3628.646240234375,3.119377613067627,6.80480432510376,5.602939128875732,4.097585201263428,4.118617057800293,Delta,4,True
1107,10,jackhammer,jackhammer,True,engine_idling,0.002794051327571226,4.529767036437988,1621.21826171875,1.3516558408737183,2.701201915740967,2.3383541107177734,1.7173844575881958,1.7256922721862793,Delta,3,True
1108,10,engine_idling,engine_idling,True,dog_bark,0.0023660819438451972,8.600763320922852,3635.0234375,2.418985605239868,5.339588165283203,4.419961452484131,3.1549465656280518,3.181302785873413,Delta,4,True
1109,10,engine_idling,engine_idling,True,jackhammer,0.012930922333481509,31.311941146850586,2421.477783203125,9.30027961730957,18.151887893676758,16.16497230529785,12.170977592468262,12.450400352478027,Delta,3,True
1110,10,siren,dog_bark,False,dog_bark,0.0,0.0,0.0,0.0,0.0,0.0,0.0,0.0,none,0,False
1111,10,drilling,drilling,True,gun_shot,0.001049510459632007,13.470780372619629,12835.298828125,3.6623265743255615,8.756832122802734,6.630582809448242,4.8635687828063965,4.873218536376953,Delta,4,True
1112,10,dog_bark,dog_bark,True,children_playing,0.0023477967668964,18.43294906616211,7851.1689453125,4.9634222984313965,11.721611976623535,9.542817115783691,6.5449347496032715,6.6212053298950195,Delta,1,True
1113,10,dog_bark,dog_bark,True,engine_idling,0.0008130315324230617,6.454174995422363,7938.40673828125,1.94046151638031,3.9321446418762207,3.359844446182251,2.448589563369751,2.268275737762451,Delta,3,True
1114,10,children_playing,children_playing,True,street_music,0.0025948767861115594,12.51805305480957,4824.1416015625,3.338369369506836,7.773498058319092,6.667891502380371,4.549619674682617,4.468764305114746,Delta,3,True
1115,10,street_music,siren,False,siren,0.0,0.0,0.0,0.0,0.0,0.0,0.0,0.0,none,0,False
1116,10,air_conditioner,engine_idling,False,engine_idling,0.0,0.0,0.0,0.0,0.0,0.0,0.0,0.0,none,0,False
1117,10,drilling,drilling,True,jackhammer,0.003996195569355197,12.014039039611816,3006.369140625,3.6129326820373535,6.806220531463623,6.439720630645752,4.5905375480651855,4.734572887420654,Delta,2,True
1118,10,jackhammer,jackhammer,True,engine_idling,0.002239510433932024,3.6149096488952637,1614.1517333984375,1.0413951873779297,2.175849437713623,1.828262209892273,1.3790103197097778,1.415816307067871,Delta,3,True
1119,10,air_conditioner,air_conditioner,True,engine_idling,0.001082334537826555,4.313286781311035,3985.169677734375,1.2189955711364746,2.5836594104766846,2.3145782947540283,1.5996556282043457,1.5896621942520142,Delta,2,True
1120,10,drilling,drilling,True,air_conditioner,0.0019757930855090707,9.421196937561035,4768.3115234375,2.6319339275360107,5.798542022705078,4.943063259124756,3.448967456817627,3.4466707706451416,Delta,3,True
1121,10,air_conditioner,siren,False,siren,0.0,0.0,0.0,0.0,0.0,0.0,0.0,0.0,none,0,False
1122,10,children_playing,dog_bark,False,dog_bark,0.0,0.0,0.0,0.0,0.0,0.0,0.0,0.0,none,0,False
1123,10,drilling,drilling,True,car_horn,0.00332090421549549,15.682884216308594,4722.47412109375,4.304358005523682,9.816323280334473,8.123072624206543,5.77388334274292,5.634103298187256,Delta,5,True
1124,10,jackhammer,jackhammer,True,engine_idling,0.0015381375531906916,2.303562641143799,1497.631103515625,0.6693947315216064,1.3792695999145508,1.2045904397964478,0.8692769408226013,0.8655903339385986,Delta,1,True
1125,10,dog_bark,dog_bark,True,children_playing,0.00015217298486746873,1.5376744270324707,10104.779296875,0.44628188014030457,0.9611011743545532,0.7773030996322632,0.5791937708854675,0.5494487881660461,Delta,2,True
1126,10,children_playing,children_playing,True,street_music,0.002712712807174137,17.2230281829834,6349.00537109375,4.528153896331787,10.91159439086914,8.952354431152344,6.214249610900879,6.18902587890625,Delta,1,True
1127,10,children_playing,children_playing,True,street_music,0.0021565240933128444,13.329394340515137,6180.96240234375,3.5886242389678955,7.9888081550598145,7.2829976081848145,4.8141913414001465,4.975438594818115,Delta,4,True
1128,10,engine_idling,engine_idling,True,dog_bark,0.0019182158005595156,7.032638072967529,3666.2392578125,1.9368820190429688,4.423178672790527,3.652541399002075,2.469071865081787,2.5893242359161377,Delta,4,True
1129,10,siren,dog_bark,False,dog_bark,0.0,0.0,0.0,0.0,0.0,0.0,0.0,0.0,none,0,False
1130,10,engine_idling,engine_idling,True,jackhammer,0.015023329211666006,36.118900299072266,2404.1875,10.86953353881836,21.01834487915039,18.487777709960938,13.999410629272461,14.38317584991455,Delta,4,True
1131,10,engine_idling,engine_idling,True,dog_bark,0.0027197099593333374,9.896035194396973,3638.63623046875,2.735823392868042,6.425978660583496,4.91538667678833,3.5528483390808105,3.5170767307281494,Delta,4,True
1132,10,jackhammer,jackhammer,True,engine_idling,0.0013337362377900933,2.2301318645477295,1672.0936279296875,0.6165878176689148,1.3861732482910156,1.117171049118042,0.8332492113113403,0.8540815114974976,Delta,2,True
1133,10,street_music,street_music,True,children_playing,0.0009872962521766764,5.790450096130371,5864.95703125,1.5257647037506104,3.71586012840271,3.0434982776641846,2.04205322265625,1.9901947975158691,Delta,1,True
1134,10,street_music,street_music,True,siren,0.0008976741600625216,6.943634986877441,7735.1396484375,1.8285897970199585,4.509842872619629,3.480877161026001,2.5132436752319336,2.4695639610290527,Delta,3,True
1135,10,dog_bark,dog_bark,True,children_playing,0.0059489442748990925,24.976520538330078,4198.4794921875,7.07465124130249,15.996859550476074,12.305749893188477,9.273117065429688,8.969621658325195,Delta,3,True
1136,10,dog_bark,dog_bark,True,children_playing,0.008756445633324238,84.25130462646484,9621.6328125,24.08696937561035,54.35334777832031,40.414222717285156,31.694499969482422,30.429630279541016,Delta,2,True
1137,10,car_horn,car_horn,True,dog_bark,0.0017463257468882604,17.600975036621094,10078.861328125,4.4858293533325195,10.742260932922363,10.39593505859375,5.857179164886475,5.647430419921875,Delta,1,True
1138,10,street_music,street_music,True,car_horn,0.004652164317115189,21.37410545349121,4594.443359375,5.460102558135986,14.663435935974121,10.242045402526855,7.315245628356934,7.321951389312744,Delta,2,True
1139,10,children_playing,children_playing,True,dog_bark,0.004011395616051462,24.342741012573242,6068.39697265625,6.472672939300537,16.143388748168945,12.073562622070312,8.464449882507324,8.523305892944336,Delta,3,True
1140,10,dog_bark,dog_bark,True,children_playing,0.004049806802080805,14.399352073669434,3555.565185546875,4.0195088386535645,9.104940414428711,7.249359607696533,5.355470657348633,5.201025009155273,Delta,2,True
1141,10,siren,siren,True,dog_bark,7.2201923895183e-05,0.28022173047065735,3881.083984375,0.082338847219944,0.1714816838502884,0.1423691362142563,0.10500539094209671,0.10508791357278824,Delta,1,True
1142,10,drilling,dog_bark,False,dog_bark,0.0,0.0,0.0,0.0,0.0,0.0,0.0,0.0,none,0,False
1143,10,drilling,jackhammer,False,jackhammer,0.0,0.0,0.0,0.0,0.0,0.0,0.0,0.0,none,0,False
1144,10,car_horn,car_horn,True,street_music,0.012462713811173998,51.56731414794922,4137.7275390625,13.173103332519531,35.37665939331055,24.03986167907715,18.29228973388672,17.93394660949707,Delta,3,True
1145,10,engine_idling,engine_idling,True,jackhammer,0.0022889999547784316,9.339386940002441,4080.11669921875,2.726983070373535,5.671613693237305,4.744200229644775,3.5620267391204834,3.5249173641204834,Delta,2,True
1146,10,dog_bark,dog_bark,True,children_playing,0.014289448970964763,97.86048889160156,6848.44384765625,27.555234909057617,63.4647102355957,47.724361419677734,36.395286560058594,34.458431243896484,Delta,1,True
1147,10,air_conditioner,air_conditioner,True,engine_idling,0.0014740425812726937,5.300012588500977,3595.562744140625,1.5651403665542603,3.1915829181671143,2.674586057662964,2.021566390991211,2.0528337955474854,Delta,1,True
1148,10,jackhammer,jackhammer,True,engine_idling,0.0032041739794524465,15.295770645141602,4773.70166015625,4.501504898071289,9.199642181396484,7.905223369598389,5.660739898681641,5.875977039337158,Delta,1,True
1149,10,jackhammer,jackhammer,True,engine_idling,0.0007812698623245834,1.2819751501083374,1640.886474609375,0.3684965968132019,0.8002380132675171,0.6470176577568054,0.4627542793750763,0.48426881432533264,Delta,1,True
1150,10,engine_idling,engine_idling,True,jackhammer,0.0016610748851662285,6.842376232147217,4119.24609375,1.9005935192108154,4.21734619140625,3.5491044521331787,2.5879132747650146,2.4751601219177246,Delta,3,True
1151,10,jackhammer,engine_idling,False,engine_idling,0.0,0.0,0.0,0.0,0.0,0.0,0.0,0.0,none,0,False
1152,10,street_music,street_music,True,car_horn,0.0007445752895394749,3.931633472442627,5280.37060546875,0.9997169375419617,2.6951301097869873,1.844028115272522,1.4046999216079712,1.3494298458099365,Delta,1,True
1153,10,jackhammer,jackhammer,True,drilling,0.0022970602624498896,18.634185791015625,8112.1884765625,5.2924628257751465,11.324065208435059,10.161346435546875,6.644067287445068,6.602397918701172,Delta,1,True
1154,10,air_conditioner,air_conditioner,True,engine_idling,0.0015563456967914698,5.230518817901611,3360.769287109375,1.536653995513916,3.2113664150238037,2.5983657836914062,1.9733606576919556,2.009598970413208,Delta,2,True
1155,10,jackhammer,jackhammer,True,engine_idling,0.00044376078486835544,0.8360612988471985,1884.0360107421875,0.24373464286327362,0.5061280727386475,0.4201720058917999,0.31503191590309143,0.32808029651641846,Delta,2,True
1156,10,siren,siren,True,engine_idling,0.0009308616495652324,3.2504477500915527,3491.869873046875,0.9602033495903015,2.00679087638855,1.6271233558654785,1.2610270977020264,1.1740916967391968,Delta,1,True
1157,10,street_music,children_playing,False,children_playing,0.0,0.0,0.0,0.0,0.0,0.0,0.0,0.0,none,0,False
1158,10,engine_idling,engine_idling,True,jackhammer,0.0023772097855062043,9.874833106994629,4153.95947265625,2.8887720108032227,5.922598838806152,5.14483118057251,3.687467098236084,3.7447898387908936,Delta,4,True
1159,10,air_conditioner,air_conditioner,True,engine_idling,0.00396958774485696,13.055131912231445,3288.787841796875,3.8095614910125732,7.80401086807251,6.654872417449951,4.8994975090026855,5.16998291015625,Delta,2,True
1160,10,children_playing,dog_bark,False,dog_bark,0.0,0.0,0.0,0.0,0.0,0.0,0.0,0.0,none,0,False
1161,10,car_horn,car_horn,True,dog_bark,0.005204035631878704,17.340370178222656,3332.1005859375,4.911201477050781,10.775750160217285,8.89566707611084,6.363541603088379,6.389381408691406,Delta,2,True
1162,10,street_music,street_music,True,air_conditioner,0.0026827756977363176,12.175959587097168,4538.56787109375,3.386714458465576,7.861333847045898,5.917068958282471,4.503376483917236,4.437508583068848,Delta,2,True
1163,10,dog_bark,children_playing,False,children_playing,0.0,0.0,0.0,0.0,0.0,0.0,0.0,0.0,none,0,False
1164,10,street_music,children_playing,False,children_playing,0.0,0.0,0.0,0.0,0.0,0.0,0.0,0.0,none,0,False
1165,10,street_music,street_music,True,car_horn,0.010215889569363428,42.09180450439453,4120.22900390625,10.998250961303711,28.484317779541016,20.121566772460938,15.329072952270508,14.126007080078125,Delta,2,True
1166,10,drilling,street_music,False,street_music,0.0,0.0,0.0,0.0,0.0,0.0,0.0,0.0,none,0,False
1167,10,children_playing,children_playing,True,dog_bark,0.002140345285388512,14.440699577331543,6746.90185546875,4.063140869140625,9.186304092407227,7.177770137786865,5.367608070373535,5.225410461425781,Delta,1,True
1168,10,dog_bark,dog_bark,True,children_playing,0.011640614525601646,90.38452911376953,7764.583984375,24.89809799194336,57.75648498535156,45.1671257019043,33.370174407958984,32.5576171875,Delta,1,True
1169,10,jackhammer,jackhammer,True,engine_idling,0.0008321201967283272,1.321343183517456,1587.9234619140625,0.3871375322341919,0.7832493782043457,0.6901965141296387,0.5063533186912537,0.499828040599823,Delta,1,True
1170,10,siren,dog_bark,False,dog_bark,0.0,0.0,0.0,0.0,0.0,0.0,0.0,0.0,none,0,False
1171,10,car_horn,air_conditioner,False,air_conditioner,0.0,0.0,0.0,0.0,0.0,0.0,0.0,0.0,none,0,False
1172,10,air_conditioner,air_conditioner,True,engine_idling,0.0011707516969622787,4.150767803192139,3545.386962890625,1.1365629434585571,2.6244020462036133,2.09434175491333,1.55325448513031,1.5002484321594238,Delta,2,True
1173,10,engine_idling,engine_idling,True,jackhammer,0.017994917831000958,41.50071334838867,2306.246337890625,12.540128707885742,23.632619857788086,21.657060623168945,16.075702667236328,16.706195831298828,Delta,3,True
1174,10,siren,dog_bark,False,dog_bark,0.0,0.0,0.0,0.0,0.0,0.0,0.0,0.0,none,0,False
1175,10,engine_idling,engine_idling,True,dog_bark,0.0018446240188645495,6.78497838973999,3678.24462890625,1.9145407676696777,4.18403434753418,3.509592294692993,2.5280256271362305,2.4811627864837646,Delta,4,True
1176,10,engine_idling,engine_idling,True,dog_bark,0.002313507166994959,8.469071388244629,3660.706787109375,2.4012038707733154,5.1571526527404785,4.470134258270264,3.0818612575531006,3.14375638961792,Delta,4,True
1177,10,air_conditioner,engine_idling,False,engine_idling,0.0,0.0,0.0,0.0,0.0,0.0,0.0,0.0,none,0,False
1178,10,children_playing,children_playing,True,dog_bark,0.0015844303464704094,7.070381164550781,4462.412109375,1.9126516580581665,4.669982433319092,3.441412925720215,2.550218343734741,2.4852325916290283,Delta,3,True
1179,10,air_conditioner,air_conditioner,True,engine_idling,0.00046538050137396155,1.7322932481765747,3722.31591796875,0.4796825647354126,1.0700950622558594,0.9093127846717834,0.6438742280006409,0.6198527216911316,Delta,1,True
1180,10,jackhammer,jackhammer,True,engine_idling,0.011153417816775913,18.630571365356445,1670.3912353515625,5.408780097961426,11.646440505981445,9.339776992797852,6.707086086273193,7.0701680183410645,Delta,1,True
1181,10,drilling,drilling,True,jackhammer,0.001499641935048838,6.98730993270874,4659.31884765625,2.043797254562378,4.037891387939453,3.720245122909546,2.6873416900634766,2.6979246139526367,Delta,2,True
1182,10,engine_idling,engine_idling,True,jackhammer,0.0024118125135511033,9.697924613952637,4021.010986328125,2.727248430252075,5.894853115081787,5.039265155792236,3.6859099864959717,3.589212417602539,Delta,3,True
1183,10,air_conditioner,engine_idling,False,engine_idling,0.0,0.0,0.0,0.0,0.0,0.0,0.0,0.0,none,0,False
1184,10,drilling,drilling,True,jackhammer,0.0007572726515421314,3.6702709197998047,4846.69677734375,1.061257004737854,2.1704905033111572,1.9349348545074463,1.3979096412658691,1.3912113904953003,Delta,2,True
1185,10,air_conditioner,engine_idling,False,engine_idling,0.0,0.0,0.0,0.0,0.0,0.0,0.0,0.0,none,0,False
1186,10,jackhammer,engine_idling,False,engine_idling,0.0,0.0,0.0,0.0,0.0,0.0,0.0,0.0,none,0,False
1187,10,engine_idling,engine_idling,True,jackhammer,0.0024397785018204212,9.640084266662598,3951.212890625,2.8008675575256348,5.829604625701904,5.0258355140686035,3.621095657348633,3.5680131912231445,Delta,3,True
1188,10,drilling,drilling,True,air_conditioner,0.002858317935834029,10.929465293884277,3823.740234375,3.1081905364990234,6.8447113037109375,5.524094104766846,3.985957145690918,4.066793441772461,Delta,3,True
1189,10,jackhammer,jackhammer,True,engine_idling,0.006594427808185294,11.025788307189941,1671.985595703125,3.2096524238586426,6.633945465087891,5.727105140686035,4.017035484313965,4.280258655548096,Delta,3,True
1190,10,children_playing,dog_bark,False,dog_bark,0.0,0.0,0.0,0.0,0.0,0.0,0.0,0.0,none,0,False
1191,10,children_playing,children_playing,True,dog_bark,0.0015948682183570258,10.924251556396484,6849.62646484375,3.1022770404815674,6.711931228637695,5.601778984069824,4.04250431060791,4.116231441497803,Delta,1,True
1192,10,street_music,siren,False,siren,0.0,0.0,0.0,0.0,0.0,0.0,0.0,0.0,none,0,False
1193,10,children_playing,children_playing,True,street_music,0.0020352541583991365,12.37483024597168,6080.23828125,2.9712486267089844,8.15625,6.272914886474609,4.50048303604126,4.263786315917969,Delta,4,True
1194,10,children_playing,children_playing,True,dog_bark,0.005471230944221143,24.1751708984375,4418.59814453125,6.8657732009887695,15.005234718322754,12.468740463256836,8.86446762084961,8.837122917175293,Delta,1,True
1195,10,gun_shot,gun_shot,True,jackhammer,0.00396418347321513,44.813255310058594,11304.5361328125,13.437443733215332,26.765735626220703,22.917465209960938,17.2481746673584,16.986713409423828,Delta,3,True
1196,10,children_playing,children_playing,True,dog_bark,0.0003673934027606313,1.9471495151519775,5299.9033203125,0.5503538846969604,1.2073149681091309,0.9955244660377502,0.7332867383956909,0.7086001634597778,Delta,2,True
1197,10,gun_shot,gun_shot,True,jackhammer,0.006795587759737217,56.865936279296875,8368.0673828125,17.358617782592773,34.46281433105469,28.44413185119629,21.627443313598633,21.631298065185547,Delta,4,True
1198,10,engine_idling,engine_idling,True,dog_bark,0.0022601124770094006,8.268463134765625,3658.429931640625,2.361969232559204,5.188974380493164,4.238710880279541,2.964482307434082,3.017998218536377,Delta,4,True
1199,10,siren,dog_bark,False,dog_bark,0.0,0.0,0.0,0.0,0.0,0.0,0.0,0.0,none,0,False
1200,10,car_horn,engine_idling,False,engine_idling,0.0,0.0,0.0,0.0,0.0,0.0,0.0,0.0,none,0,False
1201,10,engine_idling,engine_idling,True,jackhammer,0.01685055293474299,39.254852294921875,2329.58837890625,11.6603364944458,22.71770477294922,20.439966201782227,15.178879737854004,15.514354705810547,Delta,4,True
1202,10,engine_idling,engine_idling,True,dog_bark,0.0026246071081594733,9.575968742370605,3648.5341796875,2.616973400115967,6.01340913772583,4.8911261558532715,3.5242161750793457,3.5137343406677246,Delta,4,True
1203,10,siren,dog_bark,False,dog_bark,0.0,0.0,0.0,0.0,0.0,0.0,0.0,0.0,none,0,False
1204,10,street_music,children_playing,False,children_playing,0.0,0.0,0.0,0.0,0.0,0.0,0.0,0.0,none,0,False
1205,10,jackhammer,engine_idling,False,engine_idling,0.0,0.0,0.0,0.0,0.0,0.0,0.0,0.0,none,0,False
1206,10,dog_bark,dog_bark,True,children_playing,0.015256215898268019,118.66023254394531,7777.82861328125,33.92189025878906,75.73153686523438,57.338111877441406,45.45139694213867,42.90457534790039,Delta,2,True
1207,10,drilling,engine_idling,False,engine_idling,0.0,0.0,0.0,0.0,0.0,0.0,0.0,0.0,none,0,False
1208,10,dog_bark,dog_bark,True,children_playing,0.011651728527625688,113.32617950439453,9726.1259765625,31.74136734008789,73.41187286376953,54.25235366821289,43.153079986572266,40.50306701660156,Delta,1,True
1209,10,engine_idling,engine_idling,True,jackhammer,0.0018181596761045389,7.535639762878418,4144.65234375,2.180703639984131,4.545108795166016,3.8547918796539307,2.9101402759552,2.8362019062042236,Delta,4,True
1210,10,car_horn,car_horn,True,dog_bark,0.005097761206233527,17.923175811767578,3515.8916015625,4.99817419052124,10.815787315368652,9.586703300476074,6.513211250305176,6.704510688781738,Delta,1,True
1211,10,air_conditioner,air_conditioner,True,engine_idling,0.003158288258823713,10.386666297912598,3288.701171875,2.9105122089385986,6.28621768951416,5.368213176727295,3.8553426265716553,4.026642799377441,Delta,3,True
1212,10,drilling,drilling,True,jackhammer,7.000009741472152e-06,0.07433370500802994,10619.0859375,0.022227559238672256,0.043461013585329056,0.03899923339486122,0.028279123827815056,0.028669260442256927,Delta,1,True
1213,10,dog_bark,dog_bark,True,gun_shot,0.004577064645325274,37.5362434387207,8200.9423828125,10.91553783416748,23.301477432250977,18.085893630981445,15.173665046691895,13.766701698303223,Delta,1,True
1214,10,dog_bark,dog_bark,True,gun_shot,0.005128183232516301,39.56332015991211,7714.88037109375,11.199329376220703,24.926729202270508,19.3927059173584,15.349447250366211,14.380777359008789,Delta,1,True
1215,10,drilling,drilling,True,jackhammer,0.0007516673376914208,7.7030487060546875,10247.94921875,2.2757081985473633,4.580382823944092,4.056341648101807,2.9542253017425537,2.8278703689575195,Delta,2,True
1216,10,siren,engine_idling,False,engine_idling,0.0,0.0,0.0,0.0,0.0,0.0,0.0,0.0,none,0,False
1217,10,dog_bark,dog_bark,True,children_playing,0.020895644568210612,103.7611083984375,4965.68115234375,29.010971069335938,66.53612518310547,50.712711334228516,39.10862350463867,37.36860656738281,Delta,4,True
1218,10,car_horn,car_horn,True,jackhammer,0.004689961094443483,29.84105682373047,6362.75146484375,8.295393943786621,19.205554962158203,15.439474105834961,10.437307357788086,10.271657943725586,Delta,3,True
1219,10,air_conditioner,air_conditioner,True,engine_idling,0.0033826810097808296,11.47487735748291,3392.243408203125,3.346965789794922,7.018649578094482,5.751556873321533,4.146173477172852,4.575809478759766,Delta,1,True
1220,10,jackhammer,engine_idling,False,engine_idling,0.0,0.0,0.0,0.0,0.0,0.0,0.0,0.0,none,0,False
1221,10,dog_bark,dog_bark,True,children_playing,0.0046776273655510835,27.952781677246094,5975.84619140625,7.920468330383301,17.306625366210938,13.865812301635742,10.732795715332031,10.56651782989502,Delta,2,True
1222,10,dog_bark,dog_bark,True,children_playing,0.0027951494370520484,25.251123428344727,9033.908203125,6.833329200744629,16.240764617919922,12.452068328857422,9.416047096252441,9.134902000427246,Delta,3,True
1223,10,air_conditioner,air_conditioner,True,engine_idling,0.0009849304939844926,3.285850763320923,3336.12451171875,0.9474939703941345,2.0260581970214844,1.6603971719741821,1.22175931930542,1.2427960634231567,Delta,2,True
1224,10,jackhammer,engine_idling,False,engine_idling,0.0,0.0,0.0,0.0,0.0,0.0,0.0,0.0,none,0,False
1225,10,siren,siren,True,engine_idling,0.0006552853953702625,2.220904588699341,3389.21728515625,0.626899242401123,1.4094804525375366,1.1154224872589111,0.8183193206787109,0.7993531227111816,Delta,1,True
1226,10,car_horn,car_horn,True,dog_bark,0.007729492364741267,25.733652114868164,3329.281005859375,7.131063938140869,15.709650039672852,13.698320388793945,9.506155967712402,9.304018020629883,Delta,1,True
1227,10,engine_idling,engine_idling,True,jackhammer,0.002152134724148962,8.836262702941895,4105.81298828125,2.5459606647491455,5.359167575836182,4.553642272949219,3.2917263507843018,3.362415075302124,Delta,4,True
1228,10,street_music,siren,False,siren,0.0,0.0,0.0,0.0,0.0,0.0,0.0,0.0,none,0,False
1229,10,street_music,street_music,True,children_playing,0.003911875629011348,17.584177017211914,4495.07568359375,4.851326942443848,10.856891632080078,9.37112045288086,6.440156936645508,6.205023288726807,Delta,3,True
1230,10,street_music,street_music,True,car_horn,0.008795481720747145,37.79838943481445,4297.47802734375,9.798425674438477,25.220901489257812,18.164920806884766,13.894095420837402,13.175931930541992,Delta,2,True
1231,10,street_music,street_music,True,car_horn,0.011167701242096938,45.63462448120117,4086.30419921875,11.76205062866211,31.09081268310547,21.959354400634766,16.04216957092285,15.426278114318848,Delta,2,True
1232,10,drilling,street_music,False,street_music,0.0,0.0,0.0,0.0,0.0,0.0,0.0,0.0,none,0,False
1233,10,jackhammer,engine_idling,False,engine_idling,0.0,0.0,0.0,0.0,0.0,0.0,0.0,0.0,none,0,False
1234,10,dog_bark,dog_bark,True,children_playing,0.01464120543651048,107.20112609863281,7321.87841796875,30.721200942993164,67.86868286132812,52.202449798583984,41.45480728149414,38.710914611816406,Delta,3,True
1235,10,drilling,drilling,True,air_conditioner,7.322536558244828e-05,0.2965598702430725,4049.9609375,0.086055688560009,0.1795157641172409,0.15669749677181244,0.10966705530881882,0.10832952708005905,Delta,1,True
1236,10,dog_bark,dog_bark,True,siren,0.006591854086354811,28.29454231262207,4292.349609375,8.219864845275879,17.11008644104004,14.712952613830566,10.51507568359375,10.64058780670166,Delta,3,True
1237,10,dog_bark,dog_bark,True,children_playing,0.0007572896867654128,3.435983419418335,4537.21142578125,0.9478127956390381,2.174834728240967,1.7118109464645386,1.2968913316726685,1.2512009143829346,Delta,1,True
1238,10,engine_idling,engine_idling,True,jackhammer,0.017700208519887108,40.17996597290039,2270.02783203125,11.770431518554688,23.182891845703125,20.87198829650879,15.837271690368652,15.873909950256348,Delta,3,True
1239,10,engine_idling,engine_idling,True,dog_bark,0.002443606986195368,9.029549598693848,3695.172607421875,2.429027795791626,5.773636817932129,4.572047710418701,3.2860159873962402,3.255178689956665,Delta,5,True
1240,10,air_conditioner,engine_idling,False,engine_idling,0.0,0.0,0.0,0.0,0.0,0.0,0.0,0.0,none,0,False
1241,10,siren,dog_bark,False,dog_bark,0.0,0.0,0.0,0.0,0.0,0.0,0.0,0.0,none,0,False
1242,10,air_conditioner,engine_idling,False,engine_idling,0.0,0.0,0.0,0.0,0.0,0.0,0.0,0.0,none,0,False
1243,10,engine_idling,engine_idling,True,dog_bark,0.0025962722729947207,9.491898536682129,3655.971923828125,2.7245395183563232,5.765468120574951,5.002313613891602,3.5267744064331055,3.459928274154663,Delta,5,True
1244,10,street_music,siren,False,siren,0.0,0.0,0.0,0.0,0.0,0.0,0.0,0.0,none,0,False
1245,10,gun_shot,gun_shot,True,dog_bark,0.01006646380369504,90.94699096679688,9034.6513671875,28.688922882080078,51.878944396972656,46.98930740356445,35.665950775146484,35.732627868652344,Delta,2,True
1246,10,jackhammer,engine_idling,False,engine_idling,0.0,0.0,0.0,0.0,0.0,0.0,0.0,0.0,none,0,False
1247,10,children_playing,dog_bark,False,dog_bark,0.0,0.0,0.0,0.0,0.0,0.0,0.0,0.0,none,0,False
1248,10,air_conditioner,engine_idling,False,engine_idling,0.0,0.0,0.0,0.0,0.0,0.0,0.0,0.0,none,0,False
1249,10,gun_shot,gun_shot,True,dog_bark,0.0052467053107277135,60.8580207824707,11599.283203125,18.26300048828125,35.4854621887207,31.278663635253906,24.218624114990234,23.367652893066406,Delta,1,True
1250,10,gun_shot,gun_shot,True,dog_bark,0.005094036796399381,43.6848030090332,8575.6748046875,12.955568313598633,26.436908721923828,22.154211044311523,16.807403564453125,16.380090713500977,Delta,1,True
1251,10,drilling,drilling,True,gun_shot,0.0011359267789604918,8.611190795898438,7580.76220703125,2.351358652114868,5.305821418762207,4.483399868011475,3.1458523273468018,3.2364659309387207,Delta,1,True
1252,10,street_music,street_music,True,car_horn,0.0010640191380064364,4.987138748168945,4687.076171875,1.326138973236084,3.3057899475097656,2.4138689041137695,1.8190032243728638,1.7461745738983154,Delta,2,True
1253,10,drilling,drilling,True,jackhammer,0.002846739045041833,9.138568878173828,3210.1884765625,2.7103779315948486,5.3682355880737305,4.796278476715088,3.4228925704956055,3.5537109375,Delta,1,True
1254,10,drilling,drilling,True,car_horn,0.003929452124570377,17.522741317749023,4459.33447265625,4.919094085693359,11.029043197631836,8.818391799926758,6.487648963928223,6.430830001831055,Delta,4,True
1255,10,drilling,drilling,True,air_conditioner,0.004525531055646115,17.014297485351562,3759.62451171875,4.991448402404785,10.537446975708008,8.587475776672363,6.342811107635498,6.289512634277344,Delta,3,True
1256,10,air_conditioner,siren,False,siren,0.0,0.0,0.0,0.0,0.0,0.0,0.0,0.0,none,0,False
1257,10,air_conditioner,engine_idling,False,engine_idling,0.0,0.0,0.0,0.0,0.0,0.0,0.0,0.0,none,0,False
1258,10,jackhammer,jackhammer,True,engine_idling,0.005319786323851483,9.158099174499512,1721.516357421875,2.644042491912842,5.4483795166015625,4.829062461853027,3.3915646076202393,3.5174455642700195,Delta,3,True
1259,10,jackhammer,jackhammer,True,engine_idling,0.0003462585001095609,0.8129633069038391,2347.850830078125,0.24034526944160461,0.48988500237464905,0.4218680262565613,0.3023804724216461,0.30618542432785034,Delta,2,True
1260,10,drilling,drilling,True,car_horn,0.003929397921294554,17.962745666503906,4571.37353515625,4.904916286468506,11.417391777038574,9.235175132751465,6.53054141998291,6.34891939163208,Delta,3,True
1261,10,air_conditioner,air_conditioner,True,engine_idling,0.0006030401171581662,2.0803401470184326,3449.754150390625,0.588246762752533,1.314385175704956,1.0321179628372192,0.7672563195228577,0.7747406959533691,Delta,2,True
1262,10,children_playing,children_playing,True,dog_bark,0.0017473354143019296,9.395767211914062,5377.197265625,2.718637228012085,5.764963150024414,4.815753936767578,3.59440016746521,3.3975656032562256,Delta,2,True
1263,10,children_playing,children_playing,True,dog_bark,0.0021035512232985484,13.855619430541992,6586.775390625,3.868650436401367,8.678804397583008,7.095215320587158,5.09960412979126,5.034087181091309,Delta,2,True
1264,10,children_playing,dog_bark,False,dog_bark,0.0,0.0,0.0,0.0,0.0,0.0,0.0,0.0,none,0,False
1265,10,air_conditioner,engine_idling,False,engine_idling,0.0,0.0,0.0,0.0,0.0,0.0,0.0,0.0,none,0,False
1266,10,children_playing,dog_bark,False,dog_bark,0.0,0.0,0.0,0.0,0.0,0.0,0.0,0.0,none,0,False
1267,10,engine_idling,engine_idling,True,dog_bark,0.0022828189590379556,8.342167854309082,3654.327392578125,2.274294137954712,5.22952127456665,4.396587371826172,2.96199893951416,2.9946677684783936,Delta,5,True
1268,10,engine_idling,engine_idling,True,dog_bark,0.0031062986049877677,11.443187713623047,3683.865966796875,3.2168033123016357,7.178058624267578,5.875499725341797,4.134822845458984,4.178030014038086,Delta,4,True
1269,10,engine_idling,engine_idling,True,jackhammer,0.012347505320649613,28.539615631103516,2311.366943359375,8.415006637573242,16.85700225830078,14.507431983947754,11.097540855407715,11.221309661865234,Delta,4,True
1270,10,siren,dog_bark,False,dog_bark,0.0,0.0,0.0,0.0,0.0,0.0,0.0,0.0,none,0,False
1271,10,air_conditioner,engine_idling,False,engine_idling,0.0,0.0,0.0,0.0,0.0,0.0,0.0,0.0,none,0,False
1272,10,dog_bark,dog_bark,True,children_playing,0.003452991135020868,13.780909538269043,3991.00634765625,3.886193037033081,8.597990036010742,7.003467559814453,5.189927577972412,4.990153789520264,Delta,3,True
1273,10,dog_bark,dog_bark,True,children_playing,0.01472561031228611,106.41705322265625,7226.6650390625,30.081790924072266,68.41211700439453,50.76313018798828,40.39472579956055,39.12580490112305,Delta,2,True
1274,10,drilling,engine_idling,False,engine_idling,0.0,0.0,0.0,0.0,0.0,0.0,0.0,0.0,none,0,False
1275,10,dog_bark,dog_bark,True,children_playing,0.011253874792081918,111.27908325195312,9888.068359375,30.699703216552734,73.40731811523438,52.7139892578125,42.151641845703125,38.683353424072266,Delta,2,True
1276,10,children_playing,children_playing,True,dog_bark,0.0021962369909096884,11.925203323364258,5429.83447265625,3.3944175243377686,7.327742576599121,6.158809661865234,4.486060619354248,4.351655006408691,Delta,4,True
1277,10,drilling,dog_bark,False,dog_bark,0.0,0.0,0.0,0.0,0.0,0.0,0.0,0.0,none,0,False
1278,10,car_horn,car_horn,True,dog_bark,0.009040158112192203,30.9061222076416,3418.759033203125,8.499188423156738,19.10913848876953,16.313217163085938,11.532326698303223,10.893917083740234,Delta,4,True
1279,10,jackhammer,engine_idling,False,engine_idling,0.0,0.0,0.0,0.0,0.0,0.0,0.0,0.0,none,0,False
1280,10,engine_idling,engine_idling,True,jackhammer,0.002095504056186271,8.54272747039795,4076.693359375,2.442965269088745,5.214632034301758,4.38144063949585,3.196463108062744,3.225419044494629,Delta,3,True
1281,10,siren,siren,True,engine_idling,2.2989742380607776e-05,0.08003576844930649,3481.36865234375,0.02134891226887703,0.049204904586076736,0.04180236533284187,0.03093614988029003,0.028711358085274696,Delta,1,True
1282,10,children_playing,children_playing,True,engine_idling,0.0009040443752244368,6.783088207244873,7503.0478515625,1.9154373407363892,4.1782121658325195,3.4920449256896973,2.5083138942718506,2.529409646987915,Delta,4,True
1283,10,air_conditioner,air_conditioner,True,engine_idling,0.002014539442675111,7.340864181518555,3643.941650390625,2.0721452236175537,4.4470624923706055,3.7458882331848145,2.8790228366851807,2.738189935684204,Delta,1,True
1284,10,engine_idling,engine_idling,True,air_conditioner,0.001627269349718843,6.709198951721191,4122.97998046875,1.9394829273223877,4.095635414123535,3.403352975845337,2.508037567138672,2.5699150562286377,Delta,2,True
1285,10,jackhammer,engine_idling,False,engine_idling,0.0,0.0,0.0,0.0,0.0,0.0,0.0,0.0,none,0,False
1286,10,drilling,drilling,True,air_conditioner,0.0023516346641271825,10.21585464477539,4344.150390625,2.830203056335449,6.5201735496521,5.194260120391846,3.6969337463378906,3.6322593688964844,Delta,4,True
1287,10,dog_bark,dog_bark,True,children_playing,0.0031072857919702337,20.57135772705078,6620.3623046875,5.948169708251953,12.795370101928711,10.1483793258667,7.855354309082031,7.705991744995117,Delta,1,True
1288,10,jackhammer,jackhammer,True,drilling,0.0028879466631406606,23.59811019897461,8171.24169921875,7.0803117752075195,13.44963550567627,13.132113456726074,8.78455638885498,8.730781555175781,Delta,1,True
1289,10,dog_bark,children_playing,False,children_playing,0.0,0.0,0.0,0.0,0.0,0.0,0.0,0.0,none,0,False
1290,10,jackhammer,jackhammer,True,engine_idling,0.0010637302936048832,3.0745739936828613,2890.369873046875,0.8801929950714111,1.849910020828247,1.6244227886199951,1.1443651914596558,1.1435807943344116,Delta,2,True
1291,10,street_music,street_music,True,engine_idling,0.003445234945116827,15.27724838256836,4434.3125,4.096075057983398,9.753085136413574,7.942268371582031,5.4420366287231445,5.36641788482666,Delta,1,True
1292,10,dog_bark,children_playing,False,children_playing,0.0,0.0,0.0,0.0,0.0,0.0,0.0,0.0,none,0,False
1293,10,air_conditioner,air_conditioner,True,engine_idling,0.0030383246832282455,9.959755897521973,3278.0419921875,2.868828773498535,5.99908971786499,5.168761253356934,3.6559038162231445,3.859502077102661,Delta,3,True
1294,10,dog_bark,dog_bark,True,children_playing,0.008594411914176148,94.37581634521484,10981.0673828125,26.900007247924805,58.51911544799805,46.33708953857422,38.30845642089844,33.82356643676758,Delta,1,True
1295,10,street_music,street_music,True,children_playing,0.0012569655011710967,9.562431335449219,7607.552734375,2.526305913925171,6.0024919509887695,5.063263416290283,3.3975932598114014,3.442046642303467,Delta,3,True
1296,10,engine_idling,engine_idling,True,siren,0.00027187058267613484,1.6806215047836304,6181.69677734375,0.4522961974143982,1.0774551630020142,0.8595931529998779,0.598259687423706,0.6018240451812744,Delta,3,True
1297,10,gun_shot,gun_shot,True,dog_bark,0.0012628879917219514,16.226043701171875,12848.36328125,4.437999725341797,10.74141788482666,7.770183086395264,5.912519931793213,5.73384428024292,Delta,1,True
1298,10,air_conditioner,children_playing,False,children_playing,0.0,0.0,0.0,0.0,0.0,0.0,0.0,0.0,none,0,False
1299,10,engine_idling,engine_idling,True,dog_bark,0.002170135410499482,7.933182716369629,3655.616455078125,2.274427890777588,4.996817588806152,4.045827865600586,2.8916146755218506,2.839721441268921,Delta,4,True
1300,10,air_conditioner,children_playing,False,children_playing,0.0,0.0,0.0,0.0,0.0,0.0,0.0,0.0,none,0,False
1301,10,siren,dog_bark,False,dog_bark,0.0,0.0,0.0,0.0,0.0,0.0,0.0,0.0,none,0,False
1302,10,children_playing,children_playing,True,siren,0.002701326353328313,12.609420776367188,4667.86279296875,3.5265045166015625,7.9047064781188965,6.538191318511963,4.533929347991943,4.557677268981934,Delta,1,True
1303,10,jackhammer,jackhammer,True,engine_idling,0.00558522643178068,11.631377220153809,2082.525634765625,3.356851816177368,7.056257724761963,5.903450012207031,4.394784450531006,4.479378700256348,Delta,1,True
1304,10,children_playing,children_playing,True,dog_bark,0.0009507345400135194,6.61757755279541,6960.4892578125,1.8725907802581787,4.104800701141357,3.418715000152588,2.405038595199585,2.4422380924224854,Delta,3,True
1305,10,children_playing,children_playing,True,dog_bark,0.0013101593600294262,8.772529602050781,6695.77294921875,2.381908416748047,5.568175792694092,4.506221771240234,3.1557931900024414,3.164513111114502,Delta,2,True
1306,10,car_horn,jackhammer,False,jackhammer,0.0,0.0,0.0,0.0,0.0,0.0,0.0,0.0,none,0,False
1307,10,children_playing,dog_bark,False,dog_bark,0.0,0.0,0.0,0.0,0.0,0.0,0.0,0.0,none,0,False
1308,10,engine_idling,engine_idling,True,jackhammer,0.003033223321404534,11.800264358520508,3890.338134765625,3.4483323097229004,7.128701210021973,6.087374687194824,4.513400554656982,4.371492862701416,Delta,4,True
1309,10,drilling,drilling,True,jackhammer,0.0030419670176206064,12.07910442352295,3970.8203125,3.6924262046813965,6.96354866027832,6.378506183624268,4.55940055847168,4.722949028015137,Delta,2,True
1310,10,drilling,drilling,True,air_conditioner,0.008901029119918448,25.483022689819336,2862.929931640625,7.159090995788574,15.263711929321289,13.10911750793457,9.67982292175293,9.980130195617676,Delta,4,True
1311,10,siren,dog_bark,False,dog_bark,0.0,0.0,0.0,0.0,0.0,0.0,0.0,0.0,none,0,False
1312,10,engine_idling,engine_idling,True,jackhammer,0.0028332665468639865,11.079421043395996,3910.47607421875,3.183515787124634,6.709141731262207,5.6584062576293945,4.279210090637207,4.156562805175781,Delta,4,True
1313,10,drilling,drilling,True,air_conditioner,0.003560191808156326,12.021822929382324,3376.734619140625,3.2893707752227783,7.4379754066467285,6.201204299926758,4.44196081161499,4.493868827819824,Delta,1,True
1314,10,children_playing,children_playing,True,dog_bark,0.0020860145953959406,11.116826057434082,5329.2177734375,3.078063726425171,7.012953758239746,5.575476169586182,4.062976360321045,4.163425445556641,Delta,4,True
1315,10,children_playing,drilling,False,drilling,0.0,0.0,0.0,0.0,0.0,0.0,0.0,0.0,none,0,False
1316,10,siren,dog_bark,False,dog_bark,0.0,0.0,0.0,0.0,0.0,0.0,0.0,0.0,none,0,False
1317,10,siren,dog_bark,False,dog_bark,0.0,0.0,0.0,0.0,0.0,0.0,0.0,0.0,none,0,False
1318,10,air_conditioner,engine_idling,False,engine_idling,0.0,0.0,0.0,0.0,0.0,0.0,0.0,0.0,none,0,False
1319,10,air_conditioner,engine_idling,False,engine_idling,0.0,0.0,0.0,0.0,0.0,0.0,0.0,0.0,none,0,False
1320,10,drilling,drilling,True,car_horn,0.0018829179269485004,18.645471572875977,9902.4345703125,5.032196998596191,11.615133285522461,9.734186172485352,6.968296527862549,6.6413679122924805,Delta,4,True
1321,10,street_music,street_music,True,children_playing,0.0006353319155734016,4.3529372215271,6851.43798828125,1.1214842796325684,2.727881669998169,2.2969913482666016,1.6106579303741455,1.542273998260498,Delta,1,True
1322,10,children_playing,children_playing,True,street_music,0.003017869582211515,20.430692672729492,6769.90576171875,5.536531448364258,12.339071273803711,10.548686981201172,7.86802339553833,7.831140995025635,Delta,3,True
1323,10,engine_idling,engine_idling,True,dog_bark,0.0026378448664336252,9.652286529541016,3659.15625,2.702479124069214,6.067050457000732,4.995281219482422,3.4361348152160645,3.506322145462036,Delta,4,True
1324,10,air_conditioner,children_playing,False,children_playing,0.0,0.0,0.0,0.0,0.0,0.0,0.0,0.0,none,0,False
1325,10,street_music,street_music,True,children_playing,0.0016978470876970171,7.437290668487549,4380.42431640625,2.0108156204223633,4.617671966552734,3.91408371925354,2.797858238220215,2.6074812412261963,Delta,3,True
1326,10,street_music,street_music,True,car_horn,0.013728451310319627,53.82240676879883,3920.5009765625,13.242794036865234,37.84527587890625,24.77924919128418,18.75102996826172,17.988964080810547,Delta,3,True
1327,10,engine_idling,engine_idling,True,siren,0.0006213022035871305,3.7751896381378174,6076.25341796875,1.029453158378601,2.3751063346862793,1.9675201177597046,1.3467212915420532,1.366147756576538,Delta,3,True
1328,10,dog_bark,dog_bark,True,engine_idling,0.0005320484026343297,3.5224602222442627,6620.5634765625,0.9517331123352051,2.2223799228668213,1.776823878288269,1.3505866527557373,1.2576844692230225,Delta,2,True
1329,10,street_music,siren,False,siren,0.0,0.0,0.0,0.0,0.0,0.0,0.0,0.0,none,0,False
1330,10,jackhammer,jackhammer,True,engine_idling,0.0015055240629639282,3.9730210304260254,2638.962158203125,1.1476348638534546,2.394838571548462,2.0559115409851074,1.4996076822280884,1.502326488494873,Delta,2,True
1331,10,air_conditioner,air_conditioner,True,engine_idling,0.0018549397297679033,6.797380447387695,3664.47509765625,1.9462624788284302,4.189864635467529,3.3391475677490234,2.6438210010528564,2.5926406383514404,Delta,1,True
1332,10,air_conditioner,air_conditioner,True,engine_idling,0.002794081118203639,9.184191703796387,3287.016845703125,2.6280651092529297,5.546412944793701,4.661319732666016,3.40335750579834,3.6563925743103027,Delta,2,True
1333,10,street_music,jackhammer,False,jackhammer,0.0,0.0,0.0,0.0,0.0,0.0,0.0,0.0,none,0,False
1334,10,drilling,drilling,True,air_conditioner,0.0009226449549647181,4.525031089782715,4904.412109375,1.2647041082382202,2.874528169631958,2.2461047172546387,1.6651250123977661,1.6720925569534302,Delta,3,True
1335,10,drilling,drilling,True,children_playing,7.895397964517687e-06,0.044375043362379074,5620.3681640625,0.012446344830095768,0.027272919192910194,0.023122429847717285,0.016677679494023323,0.016050828620791435,Delta,1,True
1336,10,street_music,street_music,True,jackhammer,0.0004088776854389373,1.8857790231704712,4612.0859375,0.5202370285987854,1.1934202909469604,0.9830501675605774,0.6823544502258301,0.655185878276825,Delta,3,True
1337,10,street_music,street_music,True,children_playing,0.0051149702994285895,18.869129180908203,3689.000732421875,4.767566680908203,11.996236801147461,10.270889282226562,6.661900520324707,6.2874956130981445,Delta,1,True
1338,10,street_music,siren,False,siren,0.0,0.0,0.0,0.0,0.0,0.0,0.0,0.0,none,0,False
1339,10,dog_bark,children_playing,False,children_playing,0.0,0.0,0.0,0.0,0.0,0.0,0.0,0.0,none,0,False
1340,10,car_horn,car_horn,True,dog_bark,0.0011648320581448468,14.597238540649414,12531.625,4.0868940353393555,8.295351028442383,8.435982704162598,5.21329402923584,5.405515193939209,Delta-Delta,1,True
1341,10,children_playing,children_playing,True,dog_bark,0.0011351188759623164,8.559868812561035,7540.94482421875,2.4593567848205566,5.353009223937988,4.357874393463135,3.16806960105896,3.088763475418091,Delta,4,True
1342,10,dog_bark,dog_bark,True,engine_idling,0.00041869884782582713,1.6932728290557861,4044.130615234375,0.46777021884918213,1.0523096323013306,0.8889877796173096,0.6325391530990601,0.592117428779602,Delta,1,True
1343,10,engine_idling,engine_idling,True,siren,0.0003937573761712341,2.4426727294921875,6203.4970703125,0.64397794008255,1.5446213483810425,1.2762526273727417,0.8767426013946533,0.8766918778419495,Delta,3,True
1344,10,street_music,street_music,True,siren,0.001717163767950027,12.8224458694458,7467.2236328125,3.382096767425537,8.128497123718262,6.778876781463623,4.527948379516602,4.522010803222656,Delta,3,True
1345,10,air_conditioner,jackhammer,False,jackhammer,0.0,0.0,0.0,0.0,0.0,0.0,0.0,0.0,none,0,False
1346,10,engine_idling,engine_idling,True,dog_bark,0.0016355681900312585,5.983407974243164,3658.305419921875,1.6569617986679077,3.7466676235198975,3.1038126945495605,2.1895480155944824,2.142512321472168,Delta,4,True
1347,10,dog_bark,engine_idling,False,engine_idling,0.0,0.0,0.0,0.0,0.0,0.0,0.0,0.0,none,0,False
1348,10,siren,siren,True,children_playing,0.000262345404929613,1.618477463722229,6169.26171875,0.44172394275665283,1.0061231851577759,0.8394182324409485,0.5977894067764282,0.5916842222213745,Delta,1,True
1349,10,air_conditioner,siren,False,siren,0.0,0.0,0.0,0.0,0.0,0.0,0.0,0.0,none,0,False
1350,10,siren,dog_bark,False,dog_bark,0.0,0.0,0.0,0.0,0.0,0.0,0.0,0.0,none,0,False
1351,10,children_playing,engine_idling,False,engine_idling,0.0,0.0,0.0,0.0,0.0,0.0,0.0,0.0,none,0,False
1352,10,drilling,drilling,True,jackhammer,0.002271260469029237,8.35366439819336,3677.986083984375,2.4919605255126953,4.830343246459961,4.436784744262695,3.149423837661743,3.2615485191345215,Delta,2,True
1353,10,air_conditioner,engine_idling,False,engine_idling,0.0,0.0,0.0,0.0,0.0,0.0,0.0,0.0,none,0,False
1354,10,drilling,drilling,True,jackhammer,0.002981524446412666,9.481668472290039,3180.14111328125,2.792375326156616,5.607203006744385,4.947373390197754,3.5616891384124756,3.674482583999634,Delta,1,True
1355,10,gun_shot,gun_shot,True,dog_bark,0.0013880301288186898,17.652591705322266,12717.7294921875,5.011649131774902,10.888960838317871,8.874517440795898,6.817785739898682,6.533654689788818,Delta,1,True
1356,10,engine_idling,engine_idling,True,jackhammer,0.0038118197783327144,14.717218399047852,3860.94287109375,4.283416748046875,8.937520027160645,7.605023384094238,5.465839385986328,5.536947727203369,Delta,3,True
1357,10,engine_idling,engine_idling,True,air_conditioner,0.003831359799449742,14.340118408203125,3742.827392578125,4.126101970672607,8.462038040161133,7.478761196136475,5.52724552154541,5.5250244140625,Delta,3,True
1358,10,drilling,drilling,True,jackhammer,0.004075314844282791,13.677452087402344,3356.170654296875,3.9939985275268555,8.168246269226074,7.067307949066162,5.193582534790039,5.2421650886535645,Delta,2,True
1359,10,air_conditioner,engine_idling,False,engine_idling,0.0,0.0,0.0,0.0,0.0,0.0,0.0,0.0,none,0,False
1360,10,drilling,drilling,True,air_conditioner,0.006289366725182106,19.720809936523438,3135.57958984375,5.707311153411865,11.94743537902832,10.01827335357666,7.568127155303955,7.480197429656982,Delta,2,True
1361,10,air_conditioner,siren,False,siren,0.0,0.0,0.0,0.0,0.0,0.0,0.0,0.0,none,0,False
1362,10,children_playing,children_playing,True,dog_bark,0.00026880070140205664,1.8755613565444946,6977.5166015625,0.5265234112739563,1.2197105884552002,0.9184741973876953,0.678851306438446,0.6696081757545471,Delta,2,True
1363,10,children_playing,dog_bark,False,dog_bark,0.0,0.0,0.0,0.0,0.0,0.0,0.0,0.0,none,0,False
1364,10,jackhammer,jackhammer,True,engine_idling,0.0005591144366373394,2.032104969024658,3634.50634765625,0.5937188267707825,1.245766043663025,1.0515193939208984,0.7363144755363464,0.7597132325172424,Delta,2,True
1365,10,siren,dog_bark,False,dog_bark,0.0,0.0,0.0,0.0,0.0,0.0,0.0,0.0,none,0,False
1366,10,gun_shot,gun_shot,True,jackhammer,0.0019195233373299064,21.319225311279297,11106.5205078125,6.618934154510498,11.64612865447998,11.910533905029297,8.327737808227539,7.9909186363220215,Delta-Delta,4,True
1367,10,engine_idling,engine_idling,True,dog_bark,0.0018084924445146053,6.644773006439209,3674.20556640625,1.8529664278030396,4.141505718231201,3.47698974609375,2.3794472217559814,2.4116854667663574,Delta,4,True
1368,10,air_conditioner,siren,False,siren,0.0,0.0,0.0,0.0,0.0,0.0,0.0,0.0,none,0,False
1369,10,air_conditioner,air_conditioner,True,engine_idling,0.0011230410403173768,3.9580163955688477,3524.373779296875,1.1111699342727661,2.475585460662842,1.9968945980072021,1.465452790260315,1.4722535610198975,Delta,2,True
1370,10,children_playing,children_playing,True,dog_bark,0.0012529053388275098,8.664313316345215,6915.37744140625,2.4784443378448486,5.312247276306152,4.405539512634277,3.2893717288970947,3.2371160984039307,Delta,3,True
1371,10,dog_bark,dog_bark,True,engine_idling,0.0013937885011554689,6.172037124633789,4428.2451171875,1.7085593938827515,3.8479456901550293,3.2836198806762695,2.3045618534088135,2.0676114559173584,Delta,1,True
1372,10,air_conditioner,children_playing,False,children_playing,0.0,0.0,0.0,0.0,0.0,0.0,0.0,0.0,none,0,False
1373,10,engine_idling,engine_idling,True,children_playing,0.0004945507279550003,3.0559496879577637,6179.244140625,0.8407538533210754,1.9315892457962036,1.5937172174453735,1.0841039419174194,1.0889033079147339,Delta,4,True
1374,10,air_conditioner,air_conditioner,True,engine_idling,0.0021106673299570674,7.7230353355407715,3659.049072265625,2.2570481300354004,4.5696611404418945,3.918877124786377,3.1412546634674072,2.9058775901794434,Delta,1,True
1375,10,dog_bark,dog_bark,True,engine_idling,0.004033942530873785,26.37904930114746,6539.2724609375,7.151933193206787,17.004514694213867,12.960855484008789,9.656566619873047,9.71171760559082,Delta,1,True
1376,10,air_conditioner,air_conditioner,True,engine_idling,0.0016774605117183777,6.078978061676025,3623.917236328125,1.7184616327285767,3.642085075378418,3.1207594871520996,2.3668711185455322,2.3226840496063232,Delta,1,True
1377,10,jackhammer,jackhammer,True,drilling,0.0018147410005762143,20.209806442260742,11136.46875,6.109592914581299,11.65750789642334,11.031110763549805,7.541990756988525,7.526266098022461,Delta,2,True
1378,10,street_music,street_music,True,air_conditioner,0.0010066922507777987,5.060062408447266,5026.42431640625,1.405330777168274,3.183704376220703,2.5931360721588135,1.8864991664886475,1.7916672229766846,Delta,3,True
1379,10,dog_bark,dog_bark,True,children_playing,0.00037297350534411575,1.470310091972351,3942.130126953125,0.41925251483917236,0.8967096209526062,0.7668201923370361,0.5510974526405334,0.5387296080589294,Delta,1,True
1380,10,children_playing,children_playing,True,dog_bark,0.001780659104473596,11.487444877624512,6451.23193359375,3.182347297668457,6.91066312789917,5.969751834869385,4.350597381591797,4.417142391204834,Delta,2,True
1381,10,jackhammer,jackhammer,True,engine_idling,3.858213635986762e-05,0.10255926847457886,2658.2060546875,0.03002997301518917,0.062103379517793655,0.05304842069745064,0.0382394976913929,0.038514669984579086,Delta,1,True
1382,10,engine_idling,engine_idling,True,air_conditioner,0.0015814599372115548,7.077758312225342,4475.45849609375,2.050626754760742,4.262362957000732,3.6136627197265625,2.7172775268554688,2.6980912685394287,Delta,3,True
1383,10,jackhammer,jackhammer,True,engine_idling,0.0013505178675548499,3.6422672271728516,2696.941162109375,1.0413256883621216,2.2713778018951416,1.85886549949646,1.351561188697815,1.319278597831726,Delta,1,True
1384,10,drilling,drilling,True,air_conditioner,0.00030217904442116235,1.6963669061660767,5613.78076171875,0.47919052839279175,1.0587613582611084,0.8571854829788208,0.6283541917800903,0.630448579788208,Delta,2,True
1385,10,drilling,drilling,True,air_conditioner,0.0012063392747331426,5.299383640289307,4392.9462890625,1.4530166387557983,3.411886215209961,2.7180356979370117,1.8718576431274414,1.8546353578567505,Delta,3,True
1386,10,dog_bark,dog_bark,True,car_horn,0.014387101186664506,189.610107421875,13179.173828125,60.8678092956543,104.95750427246094,105.61920166015625,72.4493179321289,69.47447967529297,Delta-Delta,2,True
1387,10,jackhammer,jackhammer,True,engine_idling,0.0066168743101212135,15.589468955993652,2356.01708984375,4.648774147033691,9.034114837646484,8.434897422790527,5.9286394119262695,5.78869104385376,Delta,1,True
1388,10,jackhammer,jackhammer,True,engine_idling,9.208098463946569e-05,0.8123272061347961,8821.8779296875,0.2254330962896347,0.5241211652755737,0.3990076780319214,0.30454525351524353,0.28704968094825745,Delta,2,True
1389,10,children_playing,children_playing,True,dog_bark,8.202502061233672e-05,0.8399419784545898,10240.0703125,0.2221609205007553,0.556690514087677,0.4189073145389557,0.30126461386680603,0.2828409671783447,Delta,1,True
1390,10,air_conditioner,air_conditioner,True,engine_idling,0.0019448858540320137,6.467216491699219,3325.2421875,1.8598910570144653,3.9735443592071533,3.2777657508850098,2.417642831802368,2.4470176696777344,Delta,3,True
1391,10,engine_idling,engine_idling,True,jackhammer,0.0023771110799286352,9.755990028381348,4104.13720703125,2.7568233013153076,5.979762077331543,5.032680034637451,3.5960378646850586,3.6827101707458496,Delta,4,True
1392,10,dog_bark,dog_bark,True,children_playing,0.00405034076439814,38.771400451660156,9572.3798828125,11.650090217590332,23.72541046142578,19.774660110473633,14.671740531921387,14.082061767578125,Delta,1,True
1393,10,dog_bark,dog_bark,True,gun_shot,0.005437865938277016,65.82997131347656,12105.8466796875,19.290203094482422,42.48369216918945,30.124996185302734,25.52690887451172,24.44321060180664,Delta,1,True
1394,10,drilling,jackhammer,False,jackhammer,0.0,0.0,0.0,0.0,0.0,0.0,0.0,0.0,none,0,False
1395,10,street_music,children_playing,False,children_playing,0.0,0.0,0.0,0.0,0.0,0.0,0.0,0.0,none,0,False
1396,10,air_conditioner,jackhammer,False,jackhammer,0.0,0.0,0.0,0.0,0.0,0.0,0.0,0.0,none,0,False
1397,10,siren,dog_bark,False,dog_bark,0.0,0.0,0.0,0.0,0.0,0.0,0.0,0.0,none,0,False
1398,10,air_conditioner,siren,False,siren,0.0,0.0,0.0,0.0,0.0,0.0,0.0,0.0,none,0,False
1399,10,jackhammer,jackhammer,True,drilling,0.002204108905855829,27.169557571411133,12326.7763671875,8.28661060333252,15.383892059326172,15.115714073181152,10.14382553100586,10.073271751403809,Delta,2,True
1400,10,street_music,children_playing,False,children_playing,0.0,0.0,0.0,0.0,0.0,0.0,0.0,0.0,none,0,False
1401,10,engine_idling,engine_idling,True,dog_bark,0.002535350508047413,9.312252044677734,3672.96435546875,2.5971689224243164,5.778995990753174,4.769265651702881,3.4657304286956787,3.4378440380096436,Delta,4,True
1402,10,children_playing,children_playing,True,dog_bark,0.0013658260421908922,7.850386619567871,5747.720703125,2.169145107269287,4.885408878326416,3.961141586303711,2.8769712448120117,3.0147225856781006,Delta,3,True
1403,10,children_playing,children_playing,True,dog_bark,0.0017967004974016462,8.809741020202637,4903.28857421875,2.493656635284424,5.606160640716553,4.395622730255127,3.2112274169921875,3.214139699935913,Delta,3,True
1404,10,drilling,drilling,True,car_horn,0.004112400759030799,18.22901153564453,4432.693359375,4.985290050506592,11.396846771240234,9.409366607666016,6.741540431976318,6.600841522216797,Delta,4,True
1405,10,air_conditioner,engine_idling,False,engine_idling,0.0,0.0,0.0,0.0,0.0,0.0,0.0,0.0,none,0,False
1406,10,children_playing,dog_bark,False,dog_bark,0.0,0.0,0.0,0.0,0.0,0.0,0.0,0.0,none,0,False
1407,10,children_playing,dog_bark,False,dog_bark,0.0,0.0,0.0,0.0,0.0,0.0,0.0,0.0,none,0,False
1408,10,engine_idling,engine_idling,True,jackhammer,0.0026862829145299434,10.465646743774414,3895.95849609375,2.9694533348083496,6.467939853668213,5.310988426208496,3.922311544418335,3.9098265171051025,Delta,3,True
1409,10,engine_idling,engine_idling,True,jackhammer,0.0025908229687130724,10.309372901916504,3979.1884765625,2.9389169216156006,6.333639144897461,5.260873794555664,3.837552070617676,3.889390707015991,Delta,1,True
1410,10,street_music,children_playing,False,children_playing,0.0,0.0,0.0,0.0,0.0,0.0,0.0,0.0,none,0,False
1411,10,air_conditioner,engine_idling,False,engine_idling,0.0,0.0,0.0,0.0,0.0,0.0,0.0,0.0,none,0,False
1412,10,drilling,drilling,True,car_horn,0.004344753255440896,20.126880645751953,4632.45654296875,5.437598705291748,12.787673950195312,10.455031394958496,7.244882106781006,7.08542537689209,Delta,4,True
1413,10,air_conditioner,drilling,False,drilling,0.0,0.0,0.0,0.0,0.0,0.0,0.0,0.0,none,0,False
1414,10,siren,dog_bark,False,dog_bark,0.0,0.0,0.0,0.0,0.0,0.0,0.0,0.0,none,0,False
1415,10,engine_idling,engine_idling,True,dog_bark,0.0026348267240821556,9.723689079284668,3690.447265625,2.7634177207946777,5.854310035705566,5.160120010375977,3.5717098712921143,3.640981912612915,Delta,4,True
1416,10,siren,car_horn,False,car_horn,0.0,0.0,0.0,0.0,0.0,0.0,0.0,0.0,none,0,False
1417,10,car_horn,car_horn,True,drilling,0.007128277572462431,71.13072204589844,9978.6689453125,19.43192481994629,45.1013298034668,37.15788650512695,25.259613037109375,25.081724166870117,Delta,5,True
1418,10,dog_bark,dog_bark,True,children_playing,0.0020573393144725687,12.428008079528809,6040.81591796875,3.4065515995025635,7.795936107635498,6.336912155151367,4.5495195388793945,4.606471538543701,Delta,2,True
1419,10,street_music,street_music,True,children_playing,0.0009419052591512902,6.545095443725586,6948.783203125,1.7230857610702515,4.192419052124023,3.315476179122925,2.423746109008789,2.3293652534484863,Delta,1,True
1420,10,drilling,siren,False,siren,0.0,0.0,0.0,0.0,0.0,0.0,0.0,0.0,none,0,False
1421,10,siren,dog_bark,False,dog_bark,0.0,0.0,0.0,0.0,0.0,0.0,0.0,0.0,none,0,False
1422,10,air_conditioner,children_playing,False,children_playing,0.0,0.0,0.0,0.0,0.0,0.0,0.0,0.0,none,0,False
1423,10,air_conditioner,siren,False,siren,0.0,0.0,0.0,0.0,0.0,0.0,0.0,0.0,none,0,False
1424,10,drilling,jackhammer,False,jackhammer,0.0,0.0,0.0,0.0,0.0,0.0,0.0,0.0,none,0,False
1425,10,children_playing,children_playing,True,dog_bark,0.00033743383959889545,3.46150803565979,10258.3310546875,0.9763967990875244,2.155669927597046,1.7922940254211426,1.3206385374069214,1.193888545036316,Delta,2,True
1426,10,engine_idling,engine_idling,True,jackhammer,0.0023153033329128487,9.804466247558594,4234.6357421875,2.8309433460235596,5.983201026916504,5.052988052368164,3.7309515476226807,3.586355686187744,Delta,4,True
1427,10,air_conditioner,air_conditioner,True,engine_idling,0.001472460656327351,5.387302875518799,3658.70751953125,1.5715047121047974,3.229012966156006,2.7162668704986572,2.1097519397735596,2.0730953216552734,Delta,3,True
1428,10,gun_shot,gun_shot,True,drilling,0.0030565233356796046,39.289249420166016,12854.228515625,11.910388946533203,23.33779525756836,20.009246826171875,14.941584587097168,15.281168937683105,Delta,1,True
1429,10,dog_bark,children_playing,False,children_playing,0.0,0.0,0.0,0.0,0.0,0.0,0.0,0.0,none,0,False
1430,10,drilling,drilling,True,air_conditioner,0.001917192741038777,8.392961502075195,4377.73486328125,2.3106892108917236,5.238368511199951,4.3701677322387695,3.0743775367736816,3.0185863971710205,Delta,3,True
1431,10,jackhammer,jackhammer,True,engine_idling,0.0006552766983817479,1.9162242412567139,2924.2978515625,0.5652593374252319,1.139813780784607,1.0198233127593994,0.7107059955596924,0.7127968072891235,Delta,2,True
1432,10,siren,dog_bark,False,dog_bark,0.0,0.0,0.0,0.0,0.0,0.0,0.0,0.0,none,0,False
1433,10,jackhammer,jackhammer,True,engine_idling,0.00275825148247332,7.406127452850342,2685.08056640625,2.185356855392456,4.345061779022217,3.8883514404296875,2.824833869934082,2.8454203605651855,Delta,1,True
1434,10,engine_idling,engine_idling,True,air_conditioner,0.0015318576893341772,6.934944152832031,4527.146484375,2.004284620285034,4.119099140167236,3.616549491882324,2.7023653984069824,2.593665838241577,Delta,3,True
1435,10,street_music,dog_bark,False,dog_bark,0.0,0.0,0.0,0.0,0.0,0.0,0.0,0.0,none,0,False
1436,10,drilling,drilling,True,air_conditioner,0.002329744000609502,10.136378288269043,4350.85498046875,2.862990140914917,6.318329334259033,5.208666801452637,3.7556450366973877,3.6596574783325195,Delta,3,True
1437,10,car_horn,car_horn,True,street_music,0.006518915092867496,26.058847427368164,3997.4208984375,6.503072261810303,17.97794532775879,12.164648056030273,9.254508018493652,8.941051483154297,Delta,3,True
1438,10,jackhammer,engine_idling,False,engine_idling,0.0,0.0,0.0,0.0,0.0,0.0,0.0,0.0,none,0,False
1439,10,dog_bark,dog_bark,True,siren,0.02419335247382282,120.56542205810547,4983.4111328125,36.39530563354492,74.18228149414062,60.84797286987305,44.515228271484375,44.992332458496094,Delta,4,True
1440,10,children_playing,children_playing,True,dog_bark,0.0007899745148702401,5.582978248596191,7067.2890625,1.5303549766540527,3.6176023483276367,2.7364273071289062,2.0633280277252197,1.998813509941101,Delta,3,True
1441,10,air_conditioner,air_conditioner,True,engine_idling,0.0030775926622894625,10.06477165222168,3270.339111328125,2.931182622909546,5.926777362823486,5.274563312530518,3.78609299659729,3.927542209625244,Delta,2,True
1442,10,dog_bark,children_playing,False,children_playing,0.0,0.0,0.0,0.0,0.0,0.0,0.0,0.0,none,0,False
1443,10,siren,dog_bark,False,dog_bark,0.0,0.0,0.0,0.0,0.0,0.0,0.0,0.0,none,0,False
1444,10,dog_bark,gun_shot,False,gun_shot,0.0,0.0,0.0,0.0,0.0,0.0,0.0,0.0,none,0,False
1445,10,children_playing,children_playing,True,dog_bark,0.00030690048316986553,3.151108503341675,10267.525390625,0.8957359790802002,1.985122799873352,1.5771349668502808,1.1709446907043457,1.1523725986480713,Delta,1,True
1446,10,car_horn,car_horn,True,dog_bark,0.003588930811358903,26.763885498046875,7457.34228515625,7.0630388259887695,16.698057174682617,13.757511138916016,9.799254417419434,10.114317893981934,Delta,1,True
1447,10,engine_idling,engine_idling,True,siren,0.0006684916689680004,4.163477420806885,6228.16650390625,1.1551134586334229,2.6218883991241455,2.151946544647217,1.5163928270339966,1.4817681312561035,Delta,2,True
1448,10,street_music,street_music,True,children_playing,0.0017055951365524526,10.654228210449219,6246.6337890625,2.7344110012054443,6.933346748352051,5.443412780761719,3.83298659324646,3.6934728622436523,Delta,2,True
1449,10,street_music,street_music,True,engine_idling,0.0012864816327274396,4.339106559753418,3372.84765625,1.1545029878616333,2.8129160404205322,2.2351794242858887,1.5552691221237183,1.4722718000411987,Delta,1,True
1450,10,air_conditioner,children_playing,False,children_playing,0.0,0.0,0.0,0.0,0.0,0.0,0.0,0.0,none,0,False
1451,10,children_playing,children_playing,True,dog_bark,0.00426123707716982,29.074264526367188,6822.96337890625,7.840099334716797,18.2840518951416,14.998189926147461,10.749542236328125,10.442255020141602,Delta,2,True
1452,10,street_music,street_music,True,children_playing,0.0016041853367654087,8.9015531539917,5548.95556640625,2.3462581634521484,5.421980381011963,4.835484504699707,3.287196636199951,3.1854803562164307,Delta,1,True
1453,10,drilling,drilling,True,siren,0.00038754385459776523,1.7504016160964966,4516.654296875,0.48800691962242126,1.146824836730957,0.8795671463012695,0.6047029495239258,0.6092977523803711,Delta,3,True
1454,10,drilling,drilling,True,dog_bark,0.001497430420710721,4.248586654663086,2837.25146484375,1.1887261867523193,2.6531569957733154,2.1651315689086914,1.554726243019104,1.5789903402328491,Delta,2,True
1455,10,engine_idling,engine_idling,True,dog_bark,0.002435638988928348,8.833171844482422,3626.63427734375,2.436889171600342,5.535760402679443,4.558670520782471,3.1821908950805664,3.245619058609009,Delta,4,True
1456,10,siren,dog_bark,False,dog_bark,0.0,0.0,0.0,0.0,0.0,0.0,0.0,0.0,none,0,False
1457,10,engine_idling,engine_idling,True,dog_bark,0.0034108143305704446,12.40286922454834,3636.336669921875,3.519144296646118,7.67701530456543,6.347218036651611,4.644027233123779,4.54489278793335,Delta,5,True
1458,10,air_conditioner,children_playing,False,children_playing,0.0,0.0,0.0,0.0,0.0,0.0,0.0,0.0,none,0,False
1459,10,engine_idling,engine_idling,True,jackhammer,0.016462648371558912,39.31222152709961,2387.964599609375,11.672416687011719,23.553367614746094,19.79227066040039,15.055408477783203,15.363758087158203,Delta,3,True
1460,10,engine_idling,engine_idling,True,dog_bark,0.002031645123795718,7.502306938171387,3692.72509765625,2.0996479988098145,4.740653038024902,3.7362470626831055,2.7473742961883545,2.809748649597168,Delta,5,True
1461,10,engine_idling,engine_idling,True,jackhammer,0.0029904418526644208,11.372604370117188,3802.984619140625,3.2971112728118896,6.7790093421936035,5.99829626083374,4.3301849365234375,4.216651916503906,Delta,3,True
1462,10,drilling,drilling,True,jackhammer,0.0021106304371116933,23.687292098999023,11222.8515625,6.97760009765625,14.105921745300293,12.356727600097656,9.038580894470215,8.890395164489746,Delta,4,True
1463,10,children_playing,children_playing,True,street_music,0.0018015508497171526,9.751805305480957,5413.005859375,2.5445303916931152,5.924120903015137,5.361777305603027,3.5954229831695557,3.4426939487457275,Delta,4,True
1464,10,street_music,street_music,True,air_conditioner,0.005514725702583643,24.91146469116211,4517.2626953125,7.024819850921631,15.399798393249512,13.092859268188477,9.406023979187012,8.612947463989258,Delta,1,True
1465,10,drilling,drilling,True,jackhammer,0.00399155638435907,9.802648544311523,2455.84619140625,2.889658212661743,5.775906085968018,5.174690246582031,3.673064947128296,3.756577253341675,Delta,1,True
1466,10,air_conditioner,engine_idling,False,engine_idling,0.0,0.0,0.0,0.0,0.0,0.0,0.0,0.0,none,0,False
1467,10,dog_bark,dog_bark,True,children_playing,0.003142298660817926,17.785043716430664,5659.88330078125,5.1706695556640625,11.346372604370117,8.722502708435059,6.600155830383301,6.4177632331848145,Delta,1,True
1468,10,dog_bark,dog_bark,True,children_playing,0.0037175649650685854,20.660316467285156,5557.486328125,5.958747386932373,13.451239585876465,9.88282585144043,7.647549629211426,7.365523815155029,Delta,1,True
1469,10,air_conditioner,engine_idling,False,engine_idling,0.0,0.0,0.0,0.0,0.0,0.0,0.0,0.0,none,0,False
1470,10,children_playing,dog_bark,False,dog_bark,0.0,0.0,0.0,0.0,0.0,0.0,0.0,0.0,none,0,False
1471,10,air_conditioner,dog_bark,False,dog_bark,0.0,0.0,0.0,0.0,0.0,0.0,0.0,0.0,none,0,False
1472,10,engine_idling,engine_idling,True,jackhammer,0.002552726323919311,9.922684669494629,3887.093017578125,2.9579544067382812,5.934915542602539,5.030861854553223,3.833587646484375,3.8053905963897705,Delta,3,True
1473,10,engine_idling,engine_idling,True,dog_bark,0.00174649318171467,6.459720134735107,3698.680419921875,1.8227314949035645,3.915025234222412,3.4285125732421875,2.3757057189941406,2.3831772804260254,Delta,5,True
1474,10,siren,dog_bark,False,dog_bark,0.0,0.0,0.0,0.0,0.0,0.0,0.0,0.0,none,0,False
1475,10,children_playing,children_playing,True,dog_bark,0.001625915346439591,9.147242546081543,5625.9033203125,2.573171615600586,5.692620754241943,4.660606861114502,3.4252614974975586,3.3453307151794434,Delta,3,True
1476,10,engine_idling,engine_idling,True,jackhammer,0.016826257009078516,39.214027404785156,2330.52587890625,11.4923734664917,23.377426147460938,20.156421661376953,14.935230255126953,15.159780502319336,Delta,3,True
1477,10,air_conditioner,siren,False,siren,0.0,0.0,0.0,0.0,0.0,0.0,0.0,0.0,none,0,False
1478,10,street_music,children_playing,False,children_playing,0.0,0.0,0.0,0.0,0.0,0.0,0.0,0.0,none,0,False
1479,10,engine_idling,engine_idling,True,dog_bark,0.002635650386639696,9.597126960754395,3641.274658203125,2.7461612224578857,6.051769733428955,4.869441509246826,3.5053234100341797,3.4555416107177734,Delta,4,True
1480,10,engine_idling,engine_idling,True,dog_bark,0.0027690349677369245,10.123093605041504,3655.820068359375,2.8135640621185303,6.3358659744262695,5.23151969909668,3.719804048538208,3.634823799133301,Delta,4,True
1481,10,air_conditioner,jackhammer,False,jackhammer,0.0,0.0,0.0,0.0,0.0,0.0,0.0,0.0,none,0,False
1482,10,jackhammer,jackhammer,True,drilling,0.0018361384500611751,19.320323944091797,10522.2587890625,5.594387054443359,11.623065948486328,10.333852767944336,7.106966972351074,7.041632652282715,Delta,2,True
1483,10,drilling,siren,False,siren,0.0,0.0,0.0,0.0,0.0,0.0,0.0,0.0,none,0,False
1484,10,engine_idling,engine_idling,True,children_playing,0.00012614363622449784,0.8004549145698547,6345.5830078125,0.22520750761032104,0.5026772022247314,0.4199049770832062,0.2851174473762512,0.28233516216278076,Delta,1,True
1485,10,street_music,children_playing,False,children_playing,0.0,0.0,0.0,0.0,0.0,0.0,0.0,0.0,none,0,False
1486,10,siren,dog_bark,False,dog_bark,0.0,0.0,0.0,0.0,0.0,0.0,0.0,0.0,none,0,False
1487,10,street_music,street_music,True,children_playing,0.0010378816796734148,5.233925819396973,5042.892578125,1.3889905214309692,3.416581392288208,2.6727256774902344,1.8250800371170044,1.8213393688201904,Delta,1,True
1488,10,dog_bark,dog_bark,True,children_playing,0.013190530718652397,62.33820343017578,4725.9814453125,17.51577377319336,39.78526306152344,31.27046775817871,23.207284927368164,21.90804100036621,Delta,4,True
1489,10,air_conditioner,air_conditioner,True,engine_idling,0.0014138923227288783,5.17238712310791,3658.260986328125,1.497606873512268,3.1848716735839844,2.5491676330566406,2.0354466438293457,1.930298924446106,Delta,3,True
1490,10,jackhammer,engine_idling,False,engine_idling,0.0,0.0,0.0,0.0,0.0,0.0,0.0,0.0,none,0,False
1491,10,car_horn,car_horn,True,dog_bark,0.00541769753576484,21.027156829833984,3881.197998046875,5.3128132820129395,13.649174690246582,11.046841621398926,7.363795757293701,7.166393756866455,Delta,3,True
1492,10,dog_bark,gun_shot,False,gun_shot,0.0,0.0,0.0,0.0,0.0,0.0,0.0,0.0,none,0,False
1493,10,engine_idling,engine_idling,True,air_conditioner,0.0002269091654851997,1.0388442277908325,4578.23828125,0.29576408863067627,0.6397714018821716,0.5304203033447266,0.39383065700531006,0.38205406069755554,Delta,2,True
1494,10,jackhammer,jackhammer,True,engine_idling,0.0041561851888132694,11.0757474899292,2664.883056640625,3.344116687774658,6.388891220092773,5.858012676239014,4.2023491859436035,4.323781967163086,Delta,1,True
1495,10,drilling,drilling,True,air_conditioner,0.00020251541284193507,1.033296823501587,5102.31201171875,0.2916792333126068,0.6450203657150269,0.5362941026687622,0.37430018186569214,0.3726423978805542,Delta,1,True
1496,10,siren,children_playing,False,children_playing,0.0,0.0,0.0,0.0,0.0,0.0,0.0,0.0,none,0,False
1497,10,dog_bark,dog_bark,True,children_playing,0.0035404720934537498,21.456125259399414,6060.244140625,6.040624618530273,13.639993667602539,10.632216453552246,7.875268459320068,7.922298908233643,Delta,1,True
1498,10,car_horn,car_horn,True,dog_bark,7.942476002021784e-05,0.8852774500846863,11146.1142578125,0.2462548315525055,0.5528181195259094,0.462592214345932,0.3138904869556427,0.3239569067955017,Delta,2,True
1499,10,jackhammer,jackhammer,True,engine_idling,0.002472055589918028,4.625816822052002,1871.2430419921875,1.33317232131958,2.8486392498016357,2.3903887271881104,1.673264980316162,1.7298305034637451,Delta,3,True
1500,10,drilling,drilling,True,jackhammer,0.003190943661298856,9.774419784545898,3063.17529296875,2.9545023441314697,5.571876049041748,5.257027626037598,3.6943509578704834,3.8052358627319336,Delta,2,True
1501,10,street_music,street_music,True,car_horn,0.0075598019761361135,33.85366439819336,4478.115234375,8.417716026306152,23.565290451049805,15.970663070678711,11.765091896057129,11.243230819702148,Delta,2,True
1502,10,children_playing,children_playing,True,dog_bark,0.002039566419451505,14.719646453857422,7217.046875,4.073075771331787,9.258148193359375,7.524726867675781,5.459606647491455,5.285444736480713,Delta,2,True
1503,10,children_playing,children_playing,True,dog_bark,0.000860525002008553,6.417040824890137,7457.123046875,1.8046144247055054,3.991581678390503,3.294031858444214,2.4004316329956055,2.318692922592163,Delta,3,True
1504,10,air_conditioner,air_conditioner,True,drilling,0.0005855846331910711,2.0324904918670654,3470.8740234375,0.5715283751487732,1.3157424926757812,1.0137195587158203,0.7403267025947571,0.7053249478340149,Delta,2,True
1505,10,siren,siren,True,children_playing,0.008174400070087223,27.879446029663086,3410.580078125,7.854187965393066,17.41054916381836,14.142942428588867,10.187824249267578,10.422738075256348,Delta,2,True
1506,10,siren,siren,True,dog_bark,0.005658624140990569,25.06976890563965,4430.36474609375,7.437183856964111,15.2988862991333,12.800339698791504,9.029336929321289,9.682354927062988,Delta,2,True
1507,10,street_music,street_music,True,car_horn,0.002286013742188613,12.849942207336426,5621.11328125,3.2156894207000732,8.664217948913574,6.222265243530273,4.578634738922119,4.475623607635498,Delta,2,True
1508,10,car_horn,jackhammer,False,jackhammer,0.0,0.0,0.0,0.0,0.0,0.0,0.0,0.0,none,0,False
1509,10,siren,siren,True,dog_bark,0.0031284031913180613,20.898775100708008,6680.3330078125,5.973923206329346,12.527019500732422,11.04975414276123,7.674814701080322,7.946380138397217,Delta,3,True
1510,10,street_music,street_music,True,children_playing,0.000568837370621471,3.2477922439575195,5709.52685546875,0.8624831438064575,2.000481367111206,1.732064962387085,1.231215476989746,1.1342006921768188,Delta,1,True
1511,10,air_conditioner,engine_idling,False,engine_idling,0.0,0.0,0.0,0.0,0.0,0.0,0.0,0.0,none,0,False
1512,10,children_playing,dog_bark,False,dog_bark,0.0,0.0,0.0,0.0,0.0,0.0,0.0,0.0,none,0,False
1513,10,drilling,drilling,True,air_conditioner,0.0014641577959019349,4.811909198760986,3286.468994140625,1.3327088356018066,2.9820363521575928,2.4613513946533203,1.7811673879623413,1.8041648864746094,Delta,3,True
1514,10,street_music,street_music,True,children_playing,0.000201185901478159,1.0623390674591064,5280.38525390625,0.2948251962661743,0.6515573859214783,0.5576624870300293,0.3970641791820526,0.3853154182434082,Delta,1,True
1515,10,drilling,drilling,True,air_conditioner,0.003484690421435787,9.858769416809082,2829.16650390625,2.916792392730713,5.88501501083374,5.080329895019531,3.6507623195648193,3.8621816635131836,Delta,3,True
1516,10,drilling,drilling,True,air_conditioner,0.0022857164622911734,7.4431047439575195,3256.355224609375,2.1265523433685303,4.603760719299316,3.7398486137390137,2.7532432079315186,2.8488869667053223,Delta,3,True
1517,10,air_conditioner,engine_idling,False,engine_idling,0.0,0.0,0.0,0.0,0.0,0.0,0.0,0.0,none,0,False
1518,10,dog_bark,dog_bark,True,children_playing,0.01744356861963179,133.44869995117188,7650.3095703125,37.191314697265625,88.02808380126953,63.20248794555664,49.74854278564453,46.9781379699707,Delta,3,True
1519,10,children_playing,children_playing,True,dog_bark,0.0018908557221987427,11.171917915344238,5908.392578125,3.173552989959717,7.027525901794434,5.624154090881348,4.124510765075684,4.087968349456787,Delta,3,True
1520,10,siren,siren,True,dog_bark,0.004898074663268446,32.3922233581543,6613.25634765625,9.408080101013184,19.0532283782959,17.091154098510742,12.227200508117676,12.494263648986816,Delta,3,True
1521,10,dog_bark,dog_bark,True,children_playing,0.012875384550965817,154.49685668945312,11999.3974609375,48.706485748291016,93.43670654296875,77.14083099365234,61.40287780761719,55.18623733520508,Delta,2,True
1522,10,gun_shot,gun_shot,True,dog_bark,0.00616995802069383,78.24400329589844,12681.4482421875,23.484928131103516,45.828369140625,40.816551208496094,31.2644100189209,28.75566864013672,Delta,1,True
1523,10,siren,siren,True,dog_bark,0.0056091000477325355,34.100006103515625,6079.40771484375,10.137707710266113,20.79579734802246,17.239418029785156,12.359275817871094,13.327521324157715,Delta,3,True
1524,10,air_conditioner,air_conditioner,True,drilling,0.00011692910526220012,0.3931654095649719,3362.425537109375,0.11017554998397827,0.23667556047439575,0.20925042033195496,0.14978201687335968,0.1421431303024292,Delta,1,True
1525,10,siren,siren,True,dog_bark,0.004393630213819165,14.293291091918945,3253.184814453125,4.265321254730225,8.583820343017578,7.286388874053955,5.48549222946167,5.4075093269348145,Delta,2,True
1526,10,jackhammer,jackhammer,True,engine_idling,0.001502180608211255,13.408266067504883,8925.8681640625,3.9422385692596436,8.157543182373047,6.880385398864746,5.077932834625244,4.956786155700684,Delta,1,True
1527,10,dog_bark,dog_bark,True,drilling,0.0016431730294249676,17.941085815429688,10918.5615234375,4.923511028289795,11.753152847290039,8.875783920288086,6.364340305328369,6.341969966888428,Delta,1,True
1528,10,gun_shot,gun_shot,True,dog_bark,0.0016702984225488062,20.949613571166992,12542.4375,5.960364818572998,12.650468826293945,10.458137512207031,8.451249122619629,7.907574653625488,Delta,1,True
1529,10,air_conditioner,air_conditioner,True,drilling,0.00046892243699044023,1.5523744821548462,3310.514404296875,0.4323631525039673,0.9610105752944946,0.814853310585022,0.5747040510177612,0.5523735880851746,Delta,2,True
1530,10,siren,dog_bark,False,dog_bark,0.0,0.0,0.0,0.0,0.0,0.0,0.0,0.0,none,0,False
1531,10,siren,dog_bark,False,dog_bark,0.0,0.0,0.0,0.0,0.0,0.0,0.0,0.0,none,0,False
1532,10,jackhammer,jackhammer,True,engine_idling,0.005565083854583788,9.669089317321777,1737.4561767578125,2.7585320472717285,5.975303649902344,4.904881477355957,3.516880989074707,3.7082624435424805,Delta,1,True
1533,10,drilling,drilling,True,jackhammer,0.004781240059707714,11.812788963317871,2470.65380859375,3.5285232067108154,6.938026428222656,6.2236223220825195,4.415366172790527,4.552622318267822,Delta,2,True
1534,10,children_playing,dog_bark,False,dog_bark,0.0,0.0,0.0,0.0,0.0,0.0,0.0,0.0,none,0,False
1535,10,dog_bark,dog_bark,True,children_playing,0.003986937182869441,32.24698257446289,8088.1591796875,9.50085163116455,19.708152770996094,16.391639709472656,12.20953369140625,11.976302146911621,Delta,1,True
1536,10,jackhammer,jackhammer,True,engine_idling,0.003957819730374138,7.7645673751831055,1961.8294677734375,2.2594521045684814,4.584483623504639,4.009068489074707,2.9875431060791016,3.0278451442718506,Delta,3,True
1537,10,gun_shot,gun_shot,True,drilling,0.0010307218211378169,13.90078353881836,13486.455078125,3.804596424102783,8.669930458068848,7.211907386779785,5.044394016265869,5.111908912658691,Delta,1,True
1538,10,dog_bark,dog_bark,True,drilling,0.000581104808618246,4.581541538238525,7884.19140625,1.2927190065383911,2.8446054458618164,2.355862617492676,1.6777393817901611,1.6919585466384888,Delta,3,True
1539,10,drilling,drilling,True,siren,0.005236428036296147,18.594003677368164,3550.89453125,5.143815040588379,11.785626411437988,9.30113697052002,6.9000372886657715,6.801139831542969,Delta,5,True
1540,10,air_conditioner,air_conditioner,True,engine_idling,0.0014212114865570806,5.217297554016113,3671.021240234375,1.4476661682128906,3.2129812240600586,2.58455491065979,2.074392318725586,1.954016089439392,Delta,1,True
1541,10,siren,siren,True,dog_bark,0.0018286195826282565,5.062798500061035,2768.64501953125,1.518823504447937,3.046663522720337,2.572993278503418,1.916202187538147,1.9367029666900635,Delta,2,True
1542,10,street_music,children_playing,False,children_playing,0.0,0.0,0.0,0.0,0.0,0.0,0.0,0.0,none,0,False
1543,10,jackhammer,jackhammer,True,engine_idling,0.00033002443207490856,0.8846502304077148,2680.559814453125,0.26522380113601685,0.5287023782730103,0.4522498846054077,0.34213465452194214,0.3333917260169983,Delta,1,True
1544,10,jackhammer,jackhammer,True,drilling,0.0014425266208783023,16.123811721801758,11177.4794921875,4.7028632164001465,9.81673812866211,8.70383071899414,5.822066783905029,5.642598628997803,Delta,1,True
1545,10,children_playing,children_playing,True,dog_bark,0.004670325592105883,26.854511260986328,5750.02978515625,7.3672099113464355,16.887479782104492,13.661110877990723,9.815179824829102,9.93671703338623,Delta,2,True
1546,10,dog_bark,dog_bark,True,street_music,0.00085041477062844,4.751629829406738,5587.42626953125,1.2433522939682007,2.8852550983428955,2.624028205871582,1.7801928520202637,1.6287274360656738,Delta,2,True
1547,10,street_music,street_music,True,air_conditioner,0.001167559670866545,3.3811607360839844,2895.921142578125,0.9438175559043884,2.092432737350464,1.7560828924179077,1.2746310234069824,1.2060973644256592,Delta,3,True
1548,10,siren,siren,True,children_playing,0.0021169682819383827,8.004585266113281,3781.155029296875,2.261730909347534,5.142926216125488,3.915604829788208,2.904355764389038,2.9565210342407227,Delta,2,True
1549,10,street_music,street_music,True,drilling,0.0011472218431423451,3.8457438945770264,3352.223388671875,1.0503040552139282,2.4773967266082764,1.9328819513320923,1.439175009727478,1.3197935819625854,Delta,2,True
1550,10,children_playing,children_playing,True,dog_bark,0.0010943177613447356,5.7456464767456055,5250.43701171875,1.5621048212051392,3.726658821105957,2.8059275150299072,2.1200387477874756,2.0776193141937256,Delta,4,True
1551,10,street_music,drilling,False,drilling,0.0,0.0,0.0,0.0,0.0,0.0,0.0,0.0,none,0,False
1552,10,children_playing,children_playing,True,dog_bark,0.00017107723197727837,1.2294833660125732,7186.71533203125,0.32939133048057556,0.7961205244064331,0.6135447025299072,0.45033594965934753,0.435985267162323,Delta,2,True
1553,10,dog_bark,dog_bark,True,children_playing,0.003140048356816973,17.3846492767334,5536.42724609375,4.815184593200684,10.981942176818848,8.672301292419434,6.645930290222168,6.249779224395752,Delta,2,True
1554,10,street_music,children_playing,False,children_playing,0.0,0.0,0.0,0.0,0.0,0.0,0.0,0.0,none,0,False
1555,10,air_conditioner,engine_idling,False,engine_idling,0.0,0.0,0.0,0.0,0.0,0.0,0.0,0.0,none,0,False
1556,10,engine_idling,engine_idling,True,dog_bark,0.0004011223798129988,2.8214728832244873,7033.9453125,0.7655953168869019,1.7738388776779175,1.4764772653579712,0.9943732023239136,1.02922523021698,Delta,2,True
1557,10,street_music,street_music,True,car_horn,0.0017509035983899052,7.335055828094482,4189.29736328125,1.915931224822998,4.951641082763672,3.462519884109497,2.6816794872283936,2.5363476276397705,Delta,1,True
1558,10,street_music,street_music,True,children_playing,5.94893801582264e-05,0.47800809144973755,8035.18359375,0.12861603498458862,0.2893804907798767,0.2535531222820282,0.1800077259540558,0.17752914130687714,Delta,1,True
1559,10,street_music,street_music,True,siren,0.001466118868086322,4.506035804748535,3073.445068359375,1.2096834182739258,2.9093050956726074,2.289235830307007,1.5840950012207031,1.6208056211471558,Delta,3,True
1560,10,children_playing,children_playing,True,siren,0.0036752392771306095,19.363197326660156,5268.55419921875,5.332799911499023,12.353533744812012,9.820792198181152,6.933712959289551,7.025707244873047,Delta,1,True
1561,10,siren,siren,True,dog_bark,0.004690070679644276,18.393136978149414,3921.718505859375,5.291463851928711,11.514595985412598,9.16204833984375,6.752647876739502,6.94122314453125,Delta,3,True
1562,10,children_playing,children_playing,True,dog_bark,0.002633118185431182,16.408126831054688,6231.443359375,4.5627264976501465,10.052780151367188,8.383864402770996,6.203818321228027,6.210738658905029,Delta,1,True
1563,10,car_horn,car_horn,True,dog_bark,0.0005535864079750365,6.18409538269043,11170.966796875,1.7630062103271484,3.826643228530884,3.101425886154175,2.4105262756347656,2.249925136566162,Delta,1,True
1564,10,siren,siren,True,dog_bark,0.00312513301687797,9.921319961547852,3174.687255859375,2.958604335784912,5.932056903839111,5.149282932281494,3.73187518119812,3.748058795928955,Delta,2,True
1565,10,street_music,street_music,True,car_horn,0.007678468861894161,30.992002487182617,4036.2216796875,7.978778839111328,21.109678268432617,14.719359397888184,11.032286643981934,10.62327766418457,Delta,3,True
1566,10,car_horn,car_horn,True,jackhammer,0.00010729911659948173,1.219846248626709,11368.6513671875,0.3437783122062683,0.755694568157196,0.6512656211853027,0.44033434987068176,0.4251187741756439,Delta,3,True
1567,10,air_conditioner,air_conditioner,True,engine_idling,0.0017063644564481529,6.279103755950928,3679.81396484375,1.8239998817443848,3.771101474761963,3.1780176162719727,2.4790236949920654,2.3735222816467285,Delta,1,True
1568,10,street_music,children_playing,False,children_playing,0.0,0.0,0.0,0.0,0.0,0.0,0.0,0.0,none,0,False
1569,10,drilling,drilling,True,siren,0.0052803236335544675,18.7608699798584,3552.977294921875,5.185248374938965,11.965597152709961,9.348313331604004,6.764282703399658,6.982935905456543,Delta,4,True
1570,10,drilling,drilling,True,jackhammer,0.006483194912857007,17.26765251159668,2663.447998046875,5.322835922241211,9.75511360168457,9.296083450317383,6.4926862716674805,6.790058612823486,Delta,2,True
1571,10,drilling,drilling,True,jackhammer,0.0007064065224127527,8.253946304321289,11684.4140625,2.3859751224517822,5.10465669631958,4.309677600860596,3.0652260780334473,2.899707555770874,Delta,3,True
1572,10,siren,dog_bark,False,dog_bark,0.0,0.0,0.0,0.0,0.0,0.0,0.0,0.0,none,0,False
1573,10,children_playing,dog_bark,False,dog_bark,0.0,0.0,0.0,0.0,0.0,0.0,0.0,0.0,none,0,False
1574,10,siren,dog_bark,False,dog_bark,0.0,0.0,0.0,0.0,0.0,0.0,0.0,0.0,none,0,False
1575,10,street_music,street_music,True,children_playing,0.0021587092672648283,7.382045745849609,3419.6572265625,1.9642424583435059,4.665325164794922,3.91054368019104,2.659583330154419,2.550560235977173,Delta,1,True
1576,10,drilling,drilling,True,siren,0.004927903700658791,17.54765510559082,3560.876220703125,4.8837738037109375,11.096315383911133,8.835440635681152,6.428316593170166,6.446121692657471,Delta,4,True
1577,10,street_music,street_music,True,children_playing,0.0003591040749179314,2.7025771141052246,7525.88818359375,0.6849097609519958,1.7820922136306763,1.3961650133132935,0.954437792301178,0.8937227725982666,Delta,1,True
1578,10,street_music,street_music,True,children_playing,0.0015466344128743379,8.382534980773926,5419.85546875,2.2620418071746826,5.219912528991699,4.473613262176514,3.050096273422241,2.930233955383301,Delta,1,True
1579,10,siren,dog_bark,False,dog_bark,0.0,0.0,0.0,0.0,0.0,0.0,0.0,0.0,none,0,False
1580,10,siren,siren,True,dog_bark,0.0008338878647089088,2.778625726699829,3332.133544921875,0.8313621878623962,1.6672369241714478,1.4189138412475586,1.0534489154815674,1.0615311861038208,Delta,2,True
1581,10,engine_idling,air_conditioner,False,air_conditioner,0.0,0.0,0.0,0.0,0.0,0.0,0.0,0.0,none,0,False
1582,10,street_music,street_music,True,air_conditioner,0.0050968603805384,15.032822608947754,2949.427978515625,4.1105756759643555,9.665328979492188,7.408576488494873,5.589576721191406,5.435068130493164,Delta,1,True
1583,10,children_playing,children_playing,True,dog_bark,0.0005910962111154339,5.644802570343018,9549.71875,1.6145102977752686,3.5288498401641846,2.859243869781494,2.14316463470459,2.008965015411377,Delta,3,True
1584,10,siren,siren,True,children_playing,0.00921555509862744,28.517879486083984,3094.537353515625,7.941920280456543,18.1422061920166,14.151962280273438,10.324191093444824,10.685911178588867,Delta,2,True
1585,10,air_conditioner,drilling,False,drilling,0.0,0.0,0.0,0.0,0.0,0.0,0.0,0.0,none,0,False
1586,10,drilling,drilling,True,engine_idling,0.003639189169469488,11.180068016052246,3072.131591796875,3.1631174087524414,6.983432769775391,5.627340793609619,4.237747669219971,4.073672294616699,Delta,3,True
1587,10,car_horn,car_horn,True,jackhammer,0.003413848420031251,38.806095123291016,11367.2578125,11.044293403625488,24.607421875,19.48260498046875,14.22156810760498,14.020933151245117,Delta,6,True
1588,10,siren,dog_bark,False,dog_bark,0.0,0.0,0.0,0.0,0.0,0.0,0.0,0.0,none,0,False
1589,10,dog_bark,dog_bark,True,children_playing,0.02003742886460796,150.09646606445312,7490.8046875,43.3939208984375,95.57421112060547,72.68291473388672,57.701725006103516,53.84413146972656,Delta,3,True
1590,10,dog_bark,dog_bark,True,children_playing,0.0044363083498787466,31.88943862915039,7188.28271484375,8.298227310180664,21.48586082458496,15.220542907714844,11.221333503723145,11.351224899291992,Delta,2,True
1591,10,dog_bark,gun_shot,False,gun_shot,0.0,0.0,0.0,0.0,0.0,0.0,0.0,0.0,none,0,False
1592,10,street_music,children_playing,False,children_playing,0.0,0.0,0.0,0.0,0.0,0.0,0.0,0.0,none,0,False
1593,10,drilling,drilling,True,jackhammer,0.00405553865221672,12.277874946594238,3027.433837890625,3.727090358734131,6.831882476806641,6.702957630157471,4.717683792114258,4.795228481292725,Delta,2,True
1594,10,drilling,drilling,True,jackhammer,0.005289074411772182,15.444112777709961,2920.0029296875,4.674854755401611,8.685994148254395,8.32994556427002,5.86785364151001,6.115570545196533,Delta,2,True
1595,10,jackhammer,jackhammer,True,engine_idling,2.055847750581424e-05,0.18493255972862244,8995.4404296875,0.05391829460859299,0.11383523046970367,0.09554463624954224,0.06816883385181427,0.0675177052617073,Delta,1,True
1596,10,gun_shot,gun_shot,True,drilling,0.00399445553934613,49.70405960083008,12443.2626953125,14.874732971191406,29.191322326660156,25.359451293945312,18.987844467163086,19.835891723632812,Delta,3,True
1597,10,drilling,drilling,True,jackhammer,0.005638156848916288,17.630077362060547,3126.922119140625,5.343190670013428,9.853740692138672,9.565399169921875,6.77285623550415,6.914137363433838,Delta,2,True
1598,10,drilling,drilling,True,jackhammer,0.0031101532112190414,9.489971160888672,3051.287353515625,2.789740562438965,5.5341033935546875,5.042749881744385,3.565455675125122,3.6754326820373535,Delta,2,True
1599,10,children_playing,children_playing,True,dog_bark,0.0013616369981611794,7.102494716644287,5216.14404296875,2.0364911556243896,4.424459934234619,3.6453070640563965,2.61145281791687,2.5718371868133545,Delta,3,True
1600,10,engine_idling,air_conditioner,False,air_conditioner,0.0,0.0,0.0,0.0,0.0,0.0,0.0,0.0,none,0,False
1601,10,street_music,street_music,True,drilling,0.00022991448857455734,0.7577657103538513,3295.85888671875,0.20507483184337616,0.48684343695640564,0.37817469239234924,0.28410547971725464,0.26721635460853577,Delta,1,True
1602,10,dog_bark,dog_bark,True,air_conditioner,0.00034969969626636686,2.0732810497283936,5928.7470703125,0.5790308713912964,1.2578966617584229,1.0848252773284912,0.790601909160614,0.7609317898750305,Delta,1,True
1603,10,jackhammer,jackhammer,True,engine_idling,0.004871632640097378,12.600845336914062,2586.575439453125,3.6494696140289307,7.680549144744873,6.482369899749756,4.7081780433654785,4.720571041107178,Delta,1,True
1604,10,engine_idling,engine_idling,True,air_conditioner,0.00017058955526024367,0.8237583041191101,4828.890625,0.23616158962249756,0.5047435760498047,0.42347124218940735,0.3107840120792389,0.30352067947387695,Delta,2,True
1605,10,siren,siren,True,children_playing,0.0114056635340079,32.88859558105469,2883.531982421875,9.09360122680664,21.19689178466797,16.15199851989746,11.833919525146484,12.195456504821777,Delta,2,True
1606,10,children_playing,children_playing,True,dog_bark,0.0037657456667140148,21.009424209594727,5579.08740234375,5.803976535797119,13.182738304138184,10.815523147583008,7.736271381378174,7.556439399719238,Delta,3,True
1607,10,children_playing,children_playing,True,dog_bark,0.0026910496356087874,14.912368774414062,5541.46923828125,4.082228660583496,9.493829727172852,7.520200729370117,5.517106056213379,5.346912384033203,Delta,1,True
1608,10,street_music,street_music,True,air_conditioner,0.0016486899310389162,4.376784324645996,2654.704345703125,1.2127702236175537,2.7374956607818604,2.2177317142486572,1.634361982345581,1.613094687461853,Delta,2,True
1609,10,jackhammer,jackhammer,True,drilling,0.0007899169507744582,10.254888534545898,12982.236328125,2.8591737747192383,6.580693244934082,5.2809977531433105,3.643155336380005,3.5384767055511475,Delta,1,True
1610,10,engine_idling,air_conditioner,False,air_conditioner,0.0,0.0,0.0,0.0,0.0,0.0,0.0,0.0,none,0,False
1611,10,air_conditioner,engine_idling,False,engine_idling,0.0,0.0,0.0,0.0,0.0,0.0,0.0,0.0,none,0,False
1612,10,dog_bark,dog_bark,True,siren,0.0037707261158720163,44.71820831298828,11859.3095703125,12.840458869934082,28.28706932067871,22.092138290405273,16.123512268066406,16.93080711364746,Delta,1,True
1613,10,jackhammer,jackhammer,True,engine_idling,0.00024705255865607755,3.6500401496887207,14774.3466796875,1.0709171295166016,2.2126176357269287,1.954723834991455,1.3102997541427612,1.3200085163116455,Delta,3,True
1614,10,siren,dog_bark,False,dog_bark,0.0,0.0,0.0,0.0,0.0,0.0,0.0,0.0,none,0,False
1615,10,drilling,drilling,True,siren,0.005159307211313457,18.344541549682617,3555.62109375,5.360875606536865,11.334564208984375,9.28311538696289,6.778554439544678,6.869192600250244,Delta,4,True
1616,10,siren,dog_bark,False,dog_bark,0.0,0.0,0.0,0.0,0.0,0.0,0.0,0.0,none,0,False
1617,10,dog_bark,dog_bark,True,car_horn,0.01004918020470069,124.0869140625,12347.9638671875,34.911224365234375,75.04177856445312,64.7822494506836,46.851314544677734,46.4296760559082,Delta,5,True
1618,10,jackhammer,jackhammer,True,drilling,0.0012223067227962786,10.64333724975586,8707.5830078125,3.2049224376678467,6.483457088470459,5.437710285186768,3.965911865234375,3.959385395050049,Delta,1,True
1619,10,siren,dog_bark,False,dog_bark,0.0,0.0,0.0,0.0,0.0,0.0,0.0,0.0,none,0,False
1620,10,air_conditioner,air_conditioner,True,engine_idling,0.002551542652549512,9.37288761138916,3673.419921875,2.8103182315826416,5.647718906402588,4.694750785827637,3.605325698852539,3.607957124710083,Delta,1,True
1621,10,siren,dog_bark,False,dog_bark,0.0,0.0,0.0,0.0,0.0,0.0,0.0,0.0,none,0,False
1622,10,siren,dog_bark,False,dog_bark,0.0,0.0,0.0,0.0,0.0,0.0,0.0,0.0,none,0,False
1623,10,street_music,street_music,True,car_horn,0.0009046373209144703,3.228839874267578,3569.209228515625,0.8649917244911194,2.125213384628296,1.5631321668624878,1.1971123218536377,1.133227825164795,Delta,2,True
1624,10,jackhammer,jackhammer,True,engine_idling,0.00041353236109069444,3.0246810913085938,7314.2548828125,0.865468442440033,1.8590008020401,1.5379139184951782,1.1551039218902588,1.115496277809143,Delta,1,True
1625,10,gun_shot,gun_shot,True,dog_bark,0.006160327337634826,75.68136596679688,12285.283203125,23.776548385620117,42.57674789428711,39.53546905517578,29.83639907836914,29.938282012939453,Delta,1,True
1626,10,siren,siren,True,dog_bark,0.0013316512662444274,4.017788887023926,3017.14794921875,1.2097315788269043,2.416249990463257,2.045771598815918,1.5211338996887207,1.5303200483322144,Delta,2,True
1627,10,children_playing,children_playing,True,dog_bark,0.000961729380700957,5.090434551239014,5293.0009765625,1.4270445108413696,3.2149903774261475,2.5493762493133545,1.8635451793670654,1.8888587951660156,Delta,2,True
1628,10,street_music,children_playing,False,children_playing,0.0,0.0,0.0,0.0,0.0,0.0,0.0,0.0,none,0,False
1629,10,siren,siren,True,children_playing,0.010033644898509025,35.58649444580078,3546.716552734375,9.82033920288086,22.523155212402344,17.9226131439209,13.02232837677002,13.10976791381836,Delta,2,True
1630,10,engine_idling,engine_idling,True,air_conditioner,0.001694103737239902,8.59525203704834,5073.6279296875,2.4120936393737793,5.15683650970459,4.570474624633789,3.266620635986328,3.1475627422332764,Delta,1,True
1631,10,dog_bark,dog_bark,True,children_playing,0.018037912884360723,133.97262573242188,7427.27978515625,39.25929641723633,86.47545623779297,63.01005172729492,51.204368591308594,48.34474563598633,Delta,3,True
1632,10,drilling,drilling,True,jackhammer,0.004669704604078229,13.504732131958008,2891.988525390625,3.9743309020996094,7.7781219482421875,7.308663845062256,5.049461841583252,5.212452411651611,Delta,2,True
1633,10,engine_idling,air_conditioner,False,air_conditioner,0.0,0.0,0.0,0.0,0.0,0.0,0.0,0.0,none,0,False
1634,10,car_horn,car_horn,True,dog_bark,0.005940159076087761,22.745159149169922,3829.048828125,6.216334819793701,14.288942337036133,11.962259292602539,8.131078720092773,8.081801414489746,Delta,1,True
1635,10,gun_shot,gun_shot,True,jackhammer,0.006059413512971544,50.121036529541016,8271.5986328125,15.715001106262207,28.75565528869629,25.37490463256836,20.2620849609375,19.591611862182617,Delta,1,True
1636,10,children_playing,children_playing,True,dog_bark,0.0024470861182087087,17.678876876831055,7224.46044921875,4.997544765472412,10.9313325881958,9.283445358276367,6.487185001373291,6.309296131134033,Delta,1,True
1637,10,street_music,children_playing,False,children_playing,0.0,0.0,0.0,0.0,0.0,0.0,0.0,0.0,none,0,False
1638,10,car_horn,car_horn,True,dog_bark,0.006392402622890037,24.345657348632812,3808.530029296875,6.561757564544678,15.455500602722168,12.878643989562988,8.869239807128906,8.139960289001465,Delta,1,True
1639,10,children_playing,children_playing,True,dog_bark,0.0013569065590514561,7.148917198181152,5268.54052734375,2.0246167182922363,4.438574314117432,3.675175905227661,2.617825746536255,2.635730028152466,Delta,3,True
1640,10,street_music,street_music,True,air_conditioner,0.0068880978294350425,24.376781463623047,3538.971435546875,6.626420974731445,14.911843299865723,12.783000946044922,9.290035247802734,8.845626831054688,Delta,3,True
1641,10,dog_bark,dog_bark,True,children_playing,0.01165343971548917,90.72703552246094,7785.4296875,26.172962188720703,57.63028335571289,43.170169830322266,34.58611297607422,34.135902404785156,Delta,1,True
1642,10,engine_idling,engine_idling,True,air_conditioner,9.580473682505214e-05,0.4931619465351105,5147.57373046875,0.13975659012794495,0.286857545375824,0.26932185888290405,0.19013656675815582,0.18084067106246948,Delta,1,True
1643,10,siren,siren,True,jackhammer,0.004618309117291827,14.27102279663086,3090.096923828125,3.9553134441375732,9.032221794128418,7.253970623016357,5.170438766479492,5.204137802124023,Delta,3,True
1644,10,children_playing,children_playing,True,dog_bark,0.0023363498149441206,13.459175109863281,5760.7705078125,3.931025505065918,8.337822914123535,6.668111324310303,5.150853157043457,5.018181324005127,Delta,2,True
1645,10,siren,siren,True,dog_bark,0.0003989065631912977,1.0412715673446655,2610.314453125,0.31501102447509766,0.6184422373771667,0.5343232154846191,0.3965509533882141,0.3997371196746826,Delta,1,True
1646,10,air_conditioner,air_conditioner,True,drilling,0.00026452335229673157,0.8902745246887207,3365.580078125,0.24417875707149506,0.5628660321235657,0.4662734568119049,0.3171809911727905,0.31326109170913696,Delta,2,True
1647,10,siren,dog_bark,False,dog_bark,0.0,0.0,0.0,0.0,0.0,0.0,0.0,0.0,none,0,False
1648,10,street_music,siren,False,siren,0.0,0.0,0.0,0.0,0.0,0.0,0.0,0.0,none,0,False
1649,10,air_conditioner,air_conditioner,True,engine_idling,0.0025290631669552897,9.292703628540039,3674.365966796875,2.720543384552002,5.3092756271362305,4.863574981689453,3.641233205795288,3.7217795848846436,Delta,1,True
1650,10,siren,children_playing,False,children_playing,0.0,0.0,0.0,0.0,0.0,0.0,0.0,0.0,none,0,False
1651,10,drilling,drilling,True,air_conditioner,0.004240761574269758,13.54565715789795,3194.15673828125,3.9466381072998047,7.991050720214844,7.1809916496276855,5.024081230163574,5.219573020935059,Delta,3,True
1652,10,children_playing,children_playing,True,dog_bark,0.0016369379102366493,10.310565948486328,6298.69091796875,2.7456393241882324,6.794703960418701,5.0934343338012695,3.685073137283325,3.6164066791534424,Delta,2,True
