sample_idx,fold,real_class,initial_pred,initial_correct,fooled_class,relative_robustness,perturbation_norm,original_norm,num_iterations,success
0,9,car_horn,car_horn,True,drilling,0.005311880335081701,33.70744705200195,6345.67138671875,5,True
1,9,jackhammer,jackhammer,True,car_horn,0.051825852829983476,53.39991760253906,1030.3721923828125,3,True
2,9,air_conditioner,jackhammer,False,jackhammer,0.0,0.0,0.0,0,False
3,9,dog_bark,dog_bark,True,car_horn,0.0010412998695780327,6.62307596206665,6360.392578125,2,True
4,9,dog_bark,children_playing,False,children_playing,0.0,0.0,0.0,0,False
5,9,siren,siren,True,engine_idling,0.009005664884522807,41.909950256347656,4653.73193359375,1,True
6,9,air_conditioner,dog_bark,False,dog_bark,0.0,0.0,0.0,0,False
7,9,drilling,jackhammer,False,jackhammer,0.0,0.0,0.0,0,False
8,9,engine_idling,engine_idling,True,jackhammer,0.0002364933911212571,0.33100685477256775,1399.645263671875,1,True
9,9,dog_bark,dog_bark,True,drilling,0.0015438936927959412,5.937376022338867,3845.715576171875,2,True
10,9,jackhammer,jackhammer,True,drilling,0.0157638767348857,10.846467971801758,688.0584106445312,2,True
11,9,drilling,jackhammer,False,jackhammer,0.0,0.0,0.0,0,False
12,9,siren,siren,True,children_playing,0.020443683863920092,42.86656188964844,2096.81201171875,3,True
13,9,siren,siren,True,dog_bark,0.004046612486176891,26.029502868652344,6432.41796875,2,True
14,9,engine_idling,engine_idling,True,jackhammer,0.004852929730089561,6.818905353546143,1405.111083984375,2,True
15,9,children_playing,children_playing,True,siren,0.010782560218518278,31.319931030273438,2904.68408203125,3,True
16,9,dog_bark,dog_bark,True,siren,0.007901503100927175,40.77473449707031,5160.376953125,3,True
17,9,jackhammer,jackhammer,True,drilling,0.010038746567720934,8.97756576538086,894.29150390625,2,True
18,9,air_conditioner,jackhammer,False,jackhammer,0.0,0.0,0.0,0,False
19,9,jackhammer,jackhammer,True,car_horn,0.047536685135151295,69.39550018310547,1459.8304443359375,3,True
20,9,children_playing,children_playing,True,siren,0.007176895993847617,25.899316787719727,3608.707275390625,2,True
21,9,street_music,street_music,True,car_horn,0.004940307011261945,13.280021667480469,2688.096435546875,1,True
22,9,gun_shot,gun_shot,True,dog_bark,6.190537029000595e-06,0.0350298248231411,5658.6083984375,2,True
23,9,drilling,drilling,True,dog_bark,0.004395049719026114,26.849897384643555,6109.12255859375,2,True
24,9,air_conditioner,air_conditioner,True,children_playing,0.0038996454763694038,6.530806541442871,1674.718017578125,3,True
25,9,dog_bark,dog_bark,True,gun_shot,0.018665886408938667,80.65740966796875,4321.11328125,3,True
26,9,street_music,street_music,True,car_horn,0.009912410311005648,19.829853057861328,2000.5076904296875,1,True
27,9,dog_bark,dog_bark,True,street_music,0.005846882771346337,36.64698791503906,6267.7822265625,3,True
28,9,street_music,street_music,True,children_playing,0.0032423495306580816,7.108108043670654,2192.270751953125,1,True
29,9,drilling,drilling,True,jackhammer,0.00458694125556549,3.0685248374938965,668.9697265625,1,True
30,9,jackhammer,jackhammer,True,car_horn,0.033199450909613445,36.60712814331055,1102.642578125,3,True
31,9,street_music,street_music,True,children_playing,0.0009488063307646376,3.3347558975219727,3514.685546875,1,True
32,9,engine_idling,engine_idling,True,air_conditioner,0.0028620609218039973,9.322918891906738,3257.41455078125,1,True
33,9,drilling,drilling,True,jackhammer,0.0007721166659429988,1.1000088453292847,1424.6666259765625,1,True
34,9,children_playing,children_playing,True,street_music,0.011526804544540872,25.578449249267578,2219.040771484375,2,True
35,9,street_music,children_playing,False,children_playing,0.0,0.0,0.0,0,False
36,9,engine_idling,engine_idling,True,air_conditioner,0.001962764244666811,6.4201884269714355,3270.9931640625,1,True
37,9,dog_bark,dog_bark,True,children_playing,0.010887313852082388,43.46468734741211,3992.232421875,3,True
38,9,children_playing,children_playing,True,street_music,0.012095165479460436,27.603069305419922,2282.1572265625,3,True
39,9,street_music,street_music,True,car_horn,0.024456981969934947,30.363277435302734,1241.497314453125,1,True
40,9,jackhammer,jackhammer,True,car_horn,0.033949122678103336,41.98823928833008,1236.7989501953125,3,True
41,9,dog_bark,dog_bark,True,car_horn,0.0030732971785868597,17.091312408447266,5561.22998046875,2,True
42,9,dog_bark,dog_bark,True,street_music,0.00537831960579361,28.772274017333984,5349.67724609375,3,True
43,9,jackhammer,jackhammer,True,drilling,0.05130884491819201,76.48043060302734,1490.589599609375,4,True
44,9,air_conditioner,air_conditioner,True,jackhammer,0.00262698682214644,4.463436603546143,1699.07080078125,1,True
45,9,children_playing,children_playing,True,street_music,0.009748893134932572,35.287899017333984,3619.6826171875,2,True
46,9,air_conditioner,jackhammer,False,jackhammer,0.0,0.0,0.0,0,False
47,9,siren,siren,True,children_playing,0.02361721366049807,49.5137825012207,2096.512451171875,3,True
48,9,engine_idling,engine_idling,True,jackhammer,0.005479558411078372,7.677900791168213,1401.189697265625,2,True
49,9,siren,siren,True,dog_bark,0.003553556175333025,22.160930633544922,6236.2685546875,1,True
50,9,children_playing,children_playing,True,street_music,0.006267241242462512,14.542458534240723,2320.392333984375,2,True
51,9,jackhammer,jackhammer,True,drilling,0.008914467583081252,7.110895156860352,797.6802978515625,2,True
52,9,gun_shot,gun_shot,True,jackhammer,0.008204077881594636,48.09125900268555,5861.87255859375,2,True
53,9,jackhammer,jackhammer,True,drilling,0.015129849602562468,10.74382495880127,710.1078491210938,2,True
54,9,air_conditioner,jackhammer,False,jackhammer,0.0,0.0,0.0,0,False
55,9,siren,siren,True,engine_idling,0.017049645106011792,55.67877960205078,3265.685546875,3,True
56,9,dog_bark,children_playing,False,children_playing,0.0,0.0,0.0,0,False
57,9,jackhammer,jackhammer,True,car_horn,0.05802065135175563,60.22764587402344,1038.0380859375,3,True
58,9,siren,siren,True,engine_idling,0.007483752513799469,39.57916259765625,5288.6787109375,1,True
59,9,air_conditioner,dog_bark,False,dog_bark,0.0,0.0,0.0,0,False
60,9,air_conditioner,dog_bark,False,dog_bark,0.0,0.0,0.0,0,False
61,9,air_conditioner,jackhammer,False,jackhammer,0.0,0.0,0.0,0,False
62,9,jackhammer,jackhammer,True,car_horn,0.05553006119810365,56.26610565185547,1013.2548828125,3,True
63,9,siren,siren,True,children_playing,0.02376194322976138,49.4694709777832,2081.878173828125,3,True
64,9,children_playing,children_playing,True,air_conditioner,5.276552463579027e-05,0.23719479143619537,4495.2607421875,1,True
65,9,gun_shot,gun_shot,True,air_conditioner,0.010087235782073913,57.8742790222168,5737.37744140625,4,True
66,9,dog_bark,children_playing,False,children_playing,0.0,0.0,0.0,0,False
67,9,street_music,street_music,True,children_playing,0.005784304372198831,17.163162231445312,2967.195556640625,1,True
68,9,engine_idling,engine_idling,True,jackhammer,0.004742144269498546,6.559009552001953,1383.131591796875,2,True
69,9,jackhammer,jackhammer,True,drilling,0.015294008198859168,11.885892868041992,777.1600952148438,2,True
70,9,children_playing,children_playing,True,street_music,0.010672668714816876,30.828506469726562,2888.547119140625,3,True
71,9,siren,siren,True,dog_bark,0.0038624252451317613,25.701488494873047,6654.23583984375,3,True
72,9,street_music,street_music,True,car_horn,0.023883517741131854,30.725746154785156,1286.4832763671875,1,True
73,9,dog_bark,dog_bark,True,drilling,0.003514782378538852,15.769632339477539,4486.65966796875,2,True
74,9,air_conditioner,jackhammer,False,jackhammer,0.0,0.0,0.0,0,False
75,9,jackhammer,jackhammer,True,drilling,0.008456674706242194,10.125144004821777,1197.296142578125,1,True
76,9,street_music,street_music,True,jackhammer,0.0033885780007920224,9.214827537536621,2719.37890625,1,True
77,9,jackhammer,jackhammer,True,engine_idling,0.034928605582021766,59.714054107666016,1709.6031494140625,2,True
78,9,dog_bark,dog_bark,True,car_horn,0.003974794832039388,18.590288162231445,4677.04345703125,2,True
79,9,street_music,street_music,True,children_playing,0.004110541943778348,12.855597496032715,3127.47021484375,1,True
80,9,jackhammer,drilling,False,drilling,0.0,0.0,0.0,0,False
81,9,dog_bark,dog_bark,True,gun_shot,0.017191288345707302,75.72467041015625,4404.828125,3,True
82,9,street_music,street_music,True,car_horn,0.007974767241045335,21.207923889160156,2659.37841796875,1,True
83,9,dog_bark,dog_bark,True,children_playing,0.010104681704854502,45.893890380859375,4541.84423828125,4,True
84,9,jackhammer,jackhammer,True,car_horn,0.03345838446473926,37.80227279663086,1129.82958984375,2,True
85,9,engine_idling,engine_idling,True,jackhammer,0.0012679680029489696,4.240913391113281,3344.6533203125,2,True
86,9,drilling,drilling,True,jackhammer,0.0022310727711335678,2.891360282897949,1295.95068359375,1,True
87,9,engine_idling,engine_idling,True,jackhammer,0.002815902598370288,9.08565616607666,3226.552001953125,1,True
88,9,children_playing,children_playing,True,street_music,0.008222546924121764,19.425859451293945,2362.51123046875,2,True
89,9,children_playing,children_playing,True,street_music,0.00895876633568702,21.32044219970703,2379.84130859375,2,True
90,9,street_music,street_music,True,children_playing,0.002540895819738269,8.771319389343262,3452.057861328125,1,True
91,9,jackhammer,jackhammer,True,car_horn,0.03360545306818102,40.118507385253906,1193.8094482421875,2,True
92,9,jackhammer,drilling,False,drilling,0.0,0.0,0.0,0,False
93,9,street_music,street_music,True,car_horn,0.002533893593860703,7.723900318145752,3048.23388671875,1,True
94,9,gun_shot,gun_shot,True,air_conditioner,0.0018999209159581392,10.524389266967773,5539.3828125,3,True
95,9,dog_bark,dog_bark,True,children_playing,0.009045515563496268,37.24055099487305,4117.01806640625,3,True
96,9,drilling,drilling,True,children_playing,0.004316037709445824,24.001728057861328,5561.05615234375,3,True
97,9,jackhammer,jackhammer,True,engine_idling,0.041401694161586525,62.62501525878906,1512.61962890625,2,True
98,9,street_music,street_music,True,jackhammer,0.0056071833225694355,15.458601951599121,2756.92822265625,1,True
99,9,air_conditioner,air_conditioner,True,children_playing,0.002959141246760981,5.110794544219971,1727.120849609375,3,True
100,9,dog_bark,children_playing,False,children_playing,0.0,0.0,0.0,0,False
101,9,air_conditioner,jackhammer,False,jackhammer,0.0,0.0,0.0,0,False
102,9,jackhammer,jackhammer,True,drilling,0.00467856588143007,6.510616779327393,1391.5838623046875,2,True
103,9,siren,siren,True,dog_bark,0.003401710180906823,23.05550765991211,6777.62255859375,2,True
104,9,siren,siren,True,children_playing,0.022178046597847473,46.39436721801758,2091.905029296875,3,True
105,9,engine_idling,engine_idling,True,jackhammer,0.0044934616819989,6.262739181518555,1393.744873046875,2,True
106,9,drilling,drilling,True,jackhammer,0.011742379861108689,38.622169494628906,3289.126220703125,2,True
107,9,gun_shot,gun_shot,True,dog_bark,0.003232367133599023,16.248973846435547,5026.9580078125,3,True
108,9,children_playing,children_playing,True,siren,0.009409348521302941,29.79116439819336,3166.1240234375,2,True
109,9,car_horn,car_horn,True,dog_bark,0.005825799341768798,36.45982360839844,6258.33837890625,3,True
110,9,jackhammer,jackhammer,True,drilling,0.015070191977304113,11.216439247131348,744.27978515625,2,True
111,9,air_conditioner,jackhammer,False,jackhammer,0.0,0.0,0.0,0,False
112,9,air_conditioner,dog_bark,False,dog_bark,0.0,0.0,0.0,0,False
113,9,jackhammer,jackhammer,True,car_horn,0.05693543279223093,57.01642608642578,1001.4225463867188,2,True
114,9,children_playing,children_playing,True,street_music,0.003804229190197516,12.79080581665039,3362.259521484375,2,True
115,9,siren,siren,True,air_conditioner,0.011503538097353567,65.59563446044922,5702.2138671875,3,True
116,9,children_playing,children_playing,True,street_music,0.0057199428183082645,17.050941467285156,2980.963623046875,2,True
117,9,air_conditioner,dog_bark,False,dog_bark,0.0,0.0,0.0,0,False
118,9,jackhammer,jackhammer,True,engine_idling,0.046083192180898284,61.43717575073242,1333.1796875,2,True
119,9,air_conditioner,dog_bark,False,dog_bark,0.0,0.0,0.0,0,False
120,9,siren,siren,True,air_conditioner,0.013916902608593774,82.47765350341797,5926.4375,4,True
121,9,gun_shot,gun_shot,True,dog_bark,0.001970348980801056,10.493310928344727,5325.6103515625,2,True
122,9,dog_bark,dog_bark,True,gun_shot,0.008502108133883232,31.015518188476562,3647.979736328125,3,True
123,9,air_conditioner,jackhammer,False,jackhammer,0.0,0.0,0.0,0,False
124,9,drilling,drilling,True,car_horn,0.0043052574654245555,25.359704971313477,5890.40380859375,2,True
125,9,drilling,jackhammer,False,jackhammer,0.0,0.0,0.0,0,False
126,9,drilling,jackhammer,False,jackhammer,0.0,0.0,0.0,0,False
127,9,engine_idling,engine_idling,True,jackhammer,0.008335426598789084,11.69316577911377,1402.8275146484375,2,True
128,9,siren,siren,True,children_playing,0.023799251069812694,49.7606315612793,2090.8486328125,3,True
129,9,car_horn,car_horn,True,dog_bark,0.007091795950594019,39.69111633300781,5596.76513671875,3,True
130,9,siren,siren,True,children_playing,0.003215007622328799,20.312711715698242,6318.09130859375,3,True
131,9,siren,siren,True,dog_bark,0.002118219783772048,12.39520263671875,5851.70751953125,2,True
132,9,air_conditioner,jackhammer,False,jackhammer,0.0,0.0,0.0,0,False
133,9,drilling,jackhammer,False,jackhammer,0.0,0.0,0.0,0,False
134,9,jackhammer,jackhammer,True,drilling,0.012233889829436692,10.527064323425293,860.4838256835938,2,True
135,9,jackhammer,jackhammer,True,car_horn,0.04675033829724332,66.92462158203125,1431.5323486328125,4,True
136,9,children_playing,children_playing,True,street_music,0.003938259275073952,14.705041885375977,3733.893798828125,1,True
137,9,gun_shot,gun_shot,True,drilling,0.0018971774315161081,8.792105674743652,4634.30859375,3,True
138,9,jackhammer,drilling,False,drilling,0.0,0.0,0.0,0,False
139,9,engine_idling,jackhammer,False,jackhammer,0.0,0.0,0.0,0,False
140,9,drilling,drilling,True,jackhammer,5.800988300775118e-07,0.0012636128813028336,2178.271728515625,1,True
141,9,jackhammer,jackhammer,True,car_horn,0.01838578908594505,19.687910079956055,1070.8221435546875,2,True
142,9,drilling,drilling,True,jackhammer,0.0043893597690081694,23.843158721923828,5432.03564453125,1,True
143,9,car_horn,car_horn,True,dog_bark,0.008557514541204772,52.623863220214844,6149.43310546875,3,True
144,9,children_playing,children_playing,True,street_music,0.0061736135818367295,15.079310417175293,2442.5419921875,2,True
145,9,car_horn,car_horn,True,jackhammer,0.0005411505233440646,2.7351882457733154,5054.39453125,2,True
146,9,jackhammer,jackhammer,True,drilling,0.0022861638476037722,8.581369400024414,3753.61083984375,2,True
147,9,street_music,children_playing,False,children_playing,0.0,0.0,0.0,0,False
148,9,engine_idling,engine_idling,True,air_conditioner,0.0017355295922443822,5.678048610687256,3271.65185546875,1,True
149,9,engine_idling,engine_idling,True,air_conditioner,0.002106461116216525,6.917971611022949,3284.167724609375,1,True
150,9,drilling,drilling,True,jackhammer,0.0010222363003259446,0.6899355053901672,674.9276123046875,1,True
151,9,jackhammer,jackhammer,True,car_horn,0.01766529308483946,18.662832260131836,1056.4688720703125,3,True
152,9,children_playing,children_playing,True,street_music,0.008733460772025654,20.582210540771484,2356.707275390625,2,True
153,9,drilling,jackhammer,False,jackhammer,0.0,0.0,0.0,0,False
154,9,jackhammer,drilling,False,drilling,0.0,0.0,0.0,0,False
155,9,street_music,street_music,True,car_horn,0.020764090762193158,25.34874725341797,1220.79736328125,2,True
156,9,engine_idling,children_playing,False,children_playing,0.0,0.0,0.0,0,False
157,9,street_music,street_music,True,children_playing,0.0027538186836460264,8.769514083862305,3184.4921875,2,True
158,9,street_music,street_music,True,car_horn,0.007929700598427238,21.32146453857422,2688.810791015625,1,True
159,9,dog_bark,dog_bark,True,drilling,0.0027143267566941296,13.787165641784668,5079.4052734375,3,True
160,9,jackhammer,jackhammer,True,car_horn,0.04656644546353185,67.48778533935547,1449.279296875,4,True
161,9,air_conditioner,drilling,False,drilling,0.0,0.0,0.0,0,False
162,9,air_conditioner,drilling,False,drilling,0.0,0.0,0.0,0,False
163,9,air_conditioner,jackhammer,False,jackhammer,0.0,0.0,0.0,0,False
164,9,siren,siren,True,children_playing,0.021803138046460332,45.407222747802734,2082.600341796875,3,True
165,9,drilling,jackhammer,False,jackhammer,0.0,0.0,0.0,0,False
166,9,siren,siren,True,children_playing,0.0025489806008216513,13.52303409576416,5305.271484375,1,True
167,9,engine_idling,engine_idling,True,jackhammer,0.006459388003453648,9.050176620483398,1401.0888671875,2,True
168,9,drilling,jackhammer,False,jackhammer,0.0,0.0,0.0,0,False
169,9,air_conditioner,street_music,False,street_music,0.0,0.0,0.0,0,False
170,9,children_playing,children_playing,True,street_music,0.004355324081923045,15.993158340454102,3672.09375,1,True
171,9,air_conditioner,dog_bark,False,dog_bark,0.0,0.0,0.0,0,False
172,9,children_playing,children_playing,True,street_music,0.001578937725550057,3.8926408290863037,2465.354248046875,1,True
173,9,siren,siren,True,engine_idling,0.007482170641474514,44.43825912475586,5939.22021484375,1,True
174,9,jackhammer,jackhammer,True,car_horn,0.04821244733480168,62.5322151184082,1297.013916015625,3,True
175,9,street_music,street_music,True,car_horn,0.014116713339747643,41.111270904541016,2912.240966796875,2,True
176,9,air_conditioner,children_playing,False,children_playing,0.0,0.0,0.0,0,False
177,9,street_music,siren,False,siren,0.0,0.0,0.0,0,False
178,9,air_conditioner,dog_bark,False,dog_bark,0.0,0.0,0.0,0,False
179,9,air_conditioner,dog_bark,False,dog_bark,0.0,0.0,0.0,0,False
180,9,children_playing,children_playing,True,street_music,0.0057149570767713286,13.701269149780273,2397.4404296875,1,True
181,9,jackhammer,jackhammer,True,engine_idling,0.04483376020387133,62.27118682861328,1388.9351806640625,2,True
182,9,air_conditioner,jackhammer,False,jackhammer,0.0,0.0,0.0,0,False
183,9,street_music,street_music,True,car_horn,0.00172414590104572,5.618680000305176,3258.8193359375,2,True
184,9,siren,siren,True,dog_bark,0.010176883692140974,59.55689239501953,5852.173828125,3,True
185,9,dog_bark,dog_bark,True,car_horn,0.007490696023652164,34.827362060546875,4649.416015625,3,True
186,9,gun_shot,gun_shot,True,dog_bark,0.002929454391460131,12.188481330871582,4160.666015625,2,True
187,9,siren,siren,True,dog_bark,0.009774108671430564,29.043441772460938,2971.467041015625,2,True
188,9,children_playing,children_playing,True,street_music,0.005162045878305339,14.605756759643555,2829.451171875,1,True
189,9,engine_idling,engine_idling,True,jackhammer,0.007207284917131782,10.103002548217773,1401.7764892578125,1,True
190,9,siren,siren,True,children_playing,0.023105598775012844,48.436798095703125,2096.322998046875,3,True
191,9,children_playing,children_playing,True,street_music,0.005180681605656759,17.198101043701172,3319.659912109375,1,True
192,9,air_conditioner,jackhammer,False,jackhammer,0.0,0.0,0.0,0,False
193,9,dog_bark,dog_bark,True,gun_shot,0.01061804497709282,42.68026351928711,4019.59716796875,3,True
194,9,children_playing,children_playing,True,siren,0.0018048222613640755,11.197169303894043,6204.02880859375,3,True
195,9,jackhammer,jackhammer,True,car_horn,0.03499191612504432,62.68342590332031,1791.3687744140625,3,True
196,9,jackhammer,drilling,False,drilling,0.0,0.0,0.0,0,False
197,9,car_horn,car_horn,True,dog_bark,0.0045746020009998145,28.690391540527344,6271.66943359375,4,True
198,9,street_music,street_music,True,children_playing,0.009165167089068367,17.35926055908203,1894.04736328125,1,True
199,9,drilling,drilling,True,siren,0.00037901056205818633,0.9258268475532532,2442.746826171875,1,True
200,9,drilling,jackhammer,False,jackhammer,0.0,0.0,0.0,0,False
201,9,children_playing,children_playing,True,street_music,0.012676332103143438,30.929882049560547,2439.970947265625,2,True
202,9,gun_shot,gun_shot,True,jackhammer,0.003624797801294989,17.366146087646484,4790.92822265625,3,True
203,9,jackhammer,jackhammer,True,siren,0.03661875956253909,43.856109619140625,1197.6405029296875,1,True
204,9,jackhammer,jackhammer,True,drilling,0.0007398972241272694,2.8513543605804443,3853.716796875,2,True
205,9,dog_bark,dog_bark,True,car_horn,0.0008757656254657089,4.490634918212891,5127.66748046875,2,True
206,9,engine_idling,engine_idling,True,jackhammer,0.0029121442718276344,9.446449279785156,3243.812255859375,2,True
207,9,dog_bark,children_playing,False,children_playing,0.0,0.0,0.0,0,False
208,9,jackhammer,jackhammer,True,drilling,0.0027855404878148367,15.273404121398926,5483.1025390625,3,True
209,9,jackhammer,jackhammer,True,car_horn,0.03093799973116677,34.33369445800781,1109.758056640625,3,True
210,9,engine_idling,engine_idling,True,air_conditioner,0.0024484291396262045,7.976642608642578,3257.861328125,1,True
211,9,street_music,street_music,True,car_horn,0.016455086061236426,20.737558364868164,1260.252197265625,2,True
212,9,engine_idling,children_playing,False,children_playing,0.0,0.0,0.0,0,False
213,9,drilling,drilling,True,jackhammer,0.0038339522829430777,8.536538124084473,2226.5634765625,2,True
214,9,jackhammer,jackhammer,True,drilling,0.00010300162218463752,0.11970933526754379,1162.208251953125,1,True
215,9,children_playing,children_playing,True,siren,0.00856699888225488,28.110475540161133,3281.251220703125,1,True
216,9,drilling,drilling,True,jackhammer,0.011653609202315205,44.39712142944336,3809.7314453125,2,True
217,9,siren,siren,True,children_playing,0.02242424734638864,46.84942626953125,2089.230712890625,3,True
218,9,street_music,street_music,True,car_horn,0.005950747319700091,16.071910858154297,2700.822265625,1,True
219,9,air_conditioner,jackhammer,False,jackhammer,0.0,0.0,0.0,0,False
220,9,gun_shot,gun_shot,True,air_conditioner,0.0009693088020942316,4.95126485824585,5108.03662109375,2,True
221,9,gun_shot,gun_shot,True,jackhammer,0.0012124689750783943,4.565313339233398,3765.30322265625,1,True
222,9,dog_bark,dog_bark,True,gun_shot,0.006255485112186744,23.914064407348633,3822.895263671875,2,True
223,9,children_playing,children_playing,True,siren,0.003046652064305589,9.937638282775879,3261.822509765625,2,True
224,9,children_playing,children_playing,True,street_music,0.0053731798262256405,16.508012771606445,3072.298583984375,2,True
225,9,siren,siren,True,children_playing,0.00352247620348715,15.047194480895996,4271.76611328125,1,True
226,9,siren,siren,True,dog_bark,0.01059992551878439,61.839691162109375,5833.97412109375,3,True
227,9,air_conditioner,jackhammer,False,jackhammer,0.0,0.0,0.0,0,False
228,9,dog_bark,dog_bark,True,drilling,0.006320396746802808,33.484249114990234,5297.80810546875,4,True
229,9,engine_idling,engine_idling,True,jackhammer,0.005023544441806465,7.017719268798828,1396.9656982421875,2,True
230,9,jackhammer,jackhammer,True,engine_idling,0.04662325285950987,65.52751922607422,1405.4686279296875,2,True
231,9,engine_idling,engine_idling,True,children_playing,0.0018952999748812623,7.6416144371032715,4031.8759765625,3,True
232,9,air_conditioner,dog_bark,False,dog_bark,0.0,0.0,0.0,0,False
233,9,jackhammer,jackhammer,True,drilling,0.03230711384639064,34.02787780761719,1053.2626953125,2,True
234,9,air_conditioner,air_conditioner,True,children_playing,0.006122223630496211,10.789740562438965,1762.38916015625,2,True
235,9,engine_idling,engine_idling,True,air_conditioner,0.004133691184855053,14.21377182006836,3438.51806640625,2,True
236,9,engine_idling,engine_idling,True,jackhammer,0.0022095928772789372,7.5029072761535645,3395.606201171875,1,True
237,9,street_music,street_music,True,siren,0.010132197828463654,27.87324333190918,2750.957275390625,2,True
238,9,gun_shot,gun_shot,True,dog_bark,0.007150944814295695,41.38823699951172,5787.7998046875,3,True
239,9,children_playing,children_playing,True,street_music,0.008612649686613657,36.46266174316406,4233.6171875,2,True
240,9,dog_bark,children_playing,False,children_playing,0.0,0.0,0.0,0,False
241,9,jackhammer,jackhammer,True,siren,0.04560767647057478,60.863338470458984,1334.4976806640625,2,True
242,9,street_music,street_music,True,children_playing,0.0048967032913070216,11.000861167907715,2246.585205078125,1,True
243,9,air_conditioner,drilling,False,drilling,0.0,0.0,0.0,0,False
244,9,street_music,street_music,True,children_playing,0.004583255600986256,10.644819259643555,2322.54541015625,1,True
245,9,siren,siren,True,children_playing,0.02168216524013924,45.40730285644531,2094.2236328125,3,True
246,9,siren,siren,True,children_playing,0.004231332210577849,17.39559555053711,4111.13916015625,1,True
247,9,drilling,drilling,True,children_playing,0.06447765664079548,36.230831146240234,561.9129638671875,2,True
248,9,drilling,drilling,True,jackhammer,0.0013129968138451851,3.1927261352539062,2431.6328125,1,True
249,9,jackhammer,jackhammer,True,drilling,0.0049553973699908585,3.793558120727539,765.5406494140625,1,True
250,9,engine_idling,engine_idling,True,air_conditioner,0.0031714447360507735,10.974091529846191,3460.281494140625,2,True
251,9,children_playing,children_playing,True,street_music,0.002957296144961631,7.521809101104736,2543.47509765625,1,True
252,9,dog_bark,car_horn,False,car_horn,0.0,0.0,0.0,0,False
253,9,siren,siren,True,jackhammer,0.006899397833113217,31.117284774780273,4510.14501953125,3,True
254,9,jackhammer,drilling,False,drilling,0.0,0.0,0.0,0,False
255,9,gun_shot,gun_shot,True,car_horn,0.002364701588110725,11.378058433532715,4811.62548828125,2,True
256,9,children_playing,children_playing,True,siren,0.0079919617794702,22.66050910949707,2835.41259765625,1,True
257,9,jackhammer,drilling,False,drilling,0.0,0.0,0.0,0,False
258,9,siren,siren,True,jackhammer,0.007006588225877809,31.55055046081543,4502.9833984375,3,True
259,9,children_playing,jackhammer,False,jackhammer,0.0,0.0,0.0,0,False
260,9,engine_idling,engine_idling,True,air_conditioner,0.002283244938734351,7.896055221557617,3458.26025390625,2,True
261,9,drilling,drilling,True,children_playing,0.07303735083403101,39.551490783691406,541.524169921875,3,True
262,9,jackhammer,jackhammer,True,drilling,0.008331425343258718,6.3565449714660645,762.9600830078125,1,True
263,9,siren,siren,True,children_playing,0.023686140722883556,49.75277328491211,2100.50146484375,3,True
264,9,siren,siren,True,jackhammer,0.007829681187865329,31.56074333190918,4030.910400390625,2,True
265,9,street_music,street_music,True,jackhammer,0.015569352013935295,33.190486907958984,2131.783447265625,2,True
266,9,street_music,street_music,True,children_playing,0.006432942120183687,14.829266548156738,2305.20751953125,1,True
267,9,dog_bark,children_playing,False,children_playing,0.0,0.0,0.0,0,False
268,9,dog_bark,dog_bark,True,drilling,0.007816781621436404,38.93064498901367,4980.39306640625,3,True
269,9,air_conditioner,drilling,False,drilling,0.0,0.0,0.0,0,False
270,9,street_music,street_music,True,children_playing,0.014145334957019279,48.28322219848633,3413.3671875,3,True
271,9,drilling,drilling,True,gun_shot,0.005263934938212806,29.368423461914062,5579.1767578125,2,True
272,9,drilling,jackhammer,False,jackhammer,0.0,0.0,0.0,0,False
273,9,gun_shot,gun_shot,True,dog_bark,0.0021682516878099144,12.395530700683594,5716.83203125,2,True
274,9,dog_bark,children_playing,False,children_playing,0.0,0.0,0.0,0,False
275,9,jackhammer,jackhammer,True,car_horn,0.05152146204267054,52.12811279296875,1011.7747192382812,3,True
276,9,dog_bark,dog_bark,True,drilling,0.015662107637160513,70.8563232421875,4524.060546875,5,True
277,9,engine_idling,engine_idling,True,jackhammer,0.0017337426955458546,5.440718650817871,3138.135009765625,2,True
278,9,engine_idling,engine_idling,True,air_conditioner,0.003289072802876042,11.335259437561035,3446.3388671875,2,True
279,9,street_music,street_music,True,air_conditioner,0.050467002076938876,72.48096466064453,1436.205078125,4,True
280,9,street_music,street_music,True,car_horn,0.007542237934013183,22.802236557006836,3023.27197265625,3,True
281,9,gun_shot,gun_shot,True,dog_bark,0.0007427480079571927,4.228418350219727,5692.93798828125,2,True
282,9,air_conditioner,air_conditioner,True,children_playing,0.005036869660383699,8.898653984069824,1766.7032470703125,2,True
283,9,drilling,drilling,True,gun_shot,0.003108295959835377,21.089155197143555,6784.79638671875,3,True
284,9,dog_bark,dog_bark,True,children_playing,0.002034956898897257,10.435469627380371,5128.103515625,2,True
285,9,jackhammer,jackhammer,True,drilling,0.03217494185489941,33.88900375366211,1053.273193359375,2,True
286,9,children_playing,children_playing,True,dog_bark,0.004353407966885155,20.40605354309082,4687.37451171875,2,True
287,9,engine_idling,engine_idling,True,street_music,0.00044883125711009245,1.7964153289794922,4002.42919921875,1,True
288,9,dog_bark,children_playing,False,children_playing,0.0,0.0,0.0,0,False
289,9,air_conditioner,air_conditioner,True,children_playing,0.004748754642864875,8.380693435668945,1764.8192138671875,2,True
290,9,children_playing,children_playing,True,siren,0.00725809746913185,24.550395965576172,3382.483642578125,2,True
291,9,engine_idling,street_music,False,street_music,0.0,0.0,0.0,0,False
292,9,street_music,street_music,True,children_playing,0.03207284130646512,52.290069580078125,1630.353515625,3,True
293,9,jackhammer,jackhammer,True,car_horn,0.05022968214233112,53.16122055053711,1058.3626708984375,3,True
294,9,car_horn,car_horn,True,jackhammer,0.005096291561131513,30.686229705810547,6021.2861328125,3,True
295,9,engine_idling,engine_idling,True,air_conditioner,0.003827637657348804,13.199173927307129,3448.386474609375,2,True
296,9,dog_bark,dog_bark,True,drilling,0.01408145185795523,67.1585693359375,4769.29296875,5,True
297,9,jackhammer,jackhammer,True,car_horn,0.05678973848326591,53.94553756713867,949.9169921875,3,True
298,9,air_conditioner,drilling,False,drilling,0.0,0.0,0.0,0,False
299,9,drilling,jackhammer,False,jackhammer,0.0,0.0,0.0,0,False
300,9,street_music,street_music,True,children_playing,0.012845420344172674,42.60007095336914,3316.362548828125,3,True
301,9,street_music,street_music,True,car_horn,0.010377999092996677,25.50303077697754,2457.4130859375,2,True
302,9,siren,siren,True,children_playing,0.003108632391685192,12.448019027709961,4004.33935546875,2,True
303,9,engine_idling,engine_idling,True,jackhammer,0.004698139512295868,6.542327880859375,1392.535888671875,2,True
304,9,street_music,street_music,True,children_playing,0.0036298778220823467,8.179452896118164,2253.36865234375,1,True
305,9,jackhammer,jackhammer,True,drilling,0.010075805132473248,7.912934303283691,785.3401489257812,2,True
306,9,drilling,drilling,True,jackhammer,0.0035138997344070994,14.054067611694336,3999.564208984375,1,True
307,9,siren,siren,True,street_music,0.004480818711196418,18.974613189697266,4234.630859375,2,True
308,9,engine_idling,engine_idling,True,air_conditioner,0.0036349457155061865,12.947011947631836,3561.817138671875,2,True
309,9,siren,siren,True,children_playing,0.023606858667889186,49.104698181152344,2080.10302734375,3,True
310,9,dog_bark,dog_bark,True,car_horn,0.0013874974943345615,7.6742262840271,5530.98388671875,2,True
311,9,children_playing,children_playing,True,siren,0.008419187708786925,21.590879440307617,2564.48486328125,2,True
312,9,drilling,drilling,True,children_playing,0.019203909052416295,22.00719451904297,1145.9747314453125,3,True
313,9,car_horn,car_horn,True,dog_bark,0.004089516094738307,26.084758758544922,6378.4462890625,3,True
314,9,jackhammer,drilling,False,drilling,0.0,0.0,0.0,0,False
315,9,dog_bark,dog_bark,True,drilling,0.001544398434277403,5.795257091522217,3752.4365234375,2,True
316,9,jackhammer,drilling,False,drilling,0.0,0.0,0.0,0,False
317,9,jackhammer,jackhammer,True,drilling,0.0047530722198311426,14.044368743896484,2954.798095703125,2,True
318,9,street_music,street_music,True,children_playing,0.00975740290198634,29.14094352722168,2986.547119140625,1,True
319,9,gun_shot,gun_shot,True,dog_bark,0.009503741805555027,54.84951400756836,5771.35986328125,3,True
320,9,siren,siren,True,children_playing,0.021894576614561415,45.6894645690918,2086.793701171875,3,True
321,9,drilling,drilling,True,children_playing,0.03892199843883325,23.692697525024414,608.7225341796875,2,True
322,9,siren,siren,True,jackhammer,0.005168357722268125,23.27381134033203,4503.134765625,2,True
323,9,engine_idling,engine_idling,True,air_conditioner,0.0027102615791447585,9.541338920593262,3520.449462890625,2,True
324,9,street_music,street_music,True,children_playing,0.0008919006481164328,2.2097487449645996,2477.57275390625,1,True
325,9,engine_idling,engine_idling,True,jackhammer,0.002971507761837848,4.123228549957275,1387.5880126953125,2,True
326,9,jackhammer,jackhammer,True,drilling,0.007410938918534864,6.016174793243408,811.7965698242188,2,True
327,9,siren,siren,True,children_playing,0.004493685380522909,18.193851470947266,4048.759521484375,1,True
328,9,air_conditioner,drilling,False,drilling,0.0,0.0,0.0,0,False
329,9,children_playing,children_playing,True,street_music,0.006247603343877314,23.356826782226562,3738.52587890625,1,True
330,9,drilling,drilling,True,jackhammer,0.001554405446629554,2.230090618133545,1434.6904296875,1,True
331,9,dog_bark,dog_bark,True,children_playing,0.0003778764538800086,1.8583098649978638,4917.77099609375,1,True
332,9,drilling,drilling,True,jackhammer,0.010834637791052556,24.176830291748047,2231.438720703125,2,True
333,9,dog_bark,children_playing,False,children_playing,0.0,0.0,0.0,0,False
334,9,jackhammer,jackhammer,True,car_horn,0.04943446474348238,46.56563949584961,941.9671020507812,3,True
335,9,jackhammer,jackhammer,True,siren,0.057203172277638895,64.5001449584961,1127.5623779296875,2,True
336,9,engine_idling,engine_idling,True,air_conditioner,0.003705599338640762,12.853124618530273,3468.568359375,3,True
337,9,street_music,street_music,True,car_horn,0.03086957907360954,48.375362396240234,1567.0885009765625,3,True
338,9,street_music,street_music,True,car_horn,0.0032582885876152484,10.188496589660645,3126.947265625,2,True
339,9,car_horn,car_horn,True,jackhammer,0.0026924014913432773,15.765437126159668,5855.52978515625,3,True
340,9,engine_idling,street_music,False,street_music,0.0,0.0,0.0,0,False
341,9,street_music,street_music,True,children_playing,0.031955566613153505,42.162296295166016,1319.40380859375,2,True
342,9,jackhammer,jackhammer,True,drilling,9.082239932312554e-05,0.47457581758499146,5225.31689453125,1,True
343,9,air_conditioner,dog_bark,False,dog_bark,0.0,0.0,0.0,0,False
344,9,jackhammer,jackhammer,True,car_horn,0.04225165985970136,43.83072280883789,1037.372802734375,3,True
345,9,drilling,drilling,True,jackhammer,0.005003078609488958,27.539531707763672,5504.51708984375,2,True
346,9,children_playing,children_playing,True,street_music,0.014738644395371328,33.972434997558594,2304.990478515625,2,True
347,9,engine_idling,air_conditioner,False,air_conditioner,0.0,0.0,0.0,0,False
348,9,air_conditioner,air_conditioner,True,children_playing,0.004663585386661465,8.224114418029785,1763.474609375,2,True
349,9,street_music,street_music,True,car_horn,0.012481141196362528,36.016578674316406,2885.679931640625,2,True
350,9,street_music,street_music,True,jackhammer,0.008752988688422211,16.31353759765625,1863.7677001953125,2,True
351,9,engine_idling,engine_idling,True,air_conditioner,0.002966763969636646,10.255454063415527,3456.78125,2,True
352,9,air_conditioner,drilling,False,drilling,0.0,0.0,0.0,0,False
353,9,air_conditioner,street_music,False,street_music,0.0,0.0,0.0,0,False
354,9,siren,siren,True,dog_bark,0.016125869442584893,72.51290893554688,4496.68212890625,4,True
355,9,jackhammer,jackhammer,True,car_horn,0.05141866862840988,50.87709045410156,989.46728515625,3,True
356,9,children_playing,children_playing,True,street_music,0.009172326662791809,31.997211456298828,3488.450927734375,2,True
357,9,dog_bark,children_playing,False,children_playing,0.0,0.0,0.0,0,False
358,9,street_music,street_music,True,jackhammer,0.012614842350093846,26.44298553466797,2096.180419921875,2,True
359,9,siren,siren,True,air_conditioner,0.006679760892549777,26.821407318115234,4015.324462890625,2,True
360,9,siren,siren,True,children_playing,0.020968844545332963,43.904762268066406,2093.809326171875,3,True
361,9,street_music,street_music,True,children_playing,0.010715292004536836,33.41408157348633,3118.354736328125,1,True
362,9,street_music,street_music,True,children_playing,0.00337321761782065,7.534519672393799,2233.6298828125,1,True
363,9,siren,siren,True,children_playing,0.023083146249260535,48.279640197753906,2091.5537109375,3,True
364,9,drilling,drilling,True,children_playing,0.026592492592785594,27.222509384155273,1023.6915283203125,2,True
365,9,siren,siren,True,air_conditioner,0.008476658292682121,35.06584930419922,4136.75390625,3,True
366,9,siren,siren,True,children_playing,0.022398771981368013,46.67204666137695,2083.687744140625,3,True
367,9,street_music,street_music,True,jackhammer,0.0012187166026116816,2.7748138904571533,2276.832763671875,2,True
368,9,engine_idling,engine_idling,True,air_conditioner,0.0034405357715788466,11.65025806427002,3386.175537109375,1,True
369,9,engine_idling,engine_idling,True,air_conditioner,0.0036335464101147773,12.425515174865723,3419.666015625,2,True
370,9,siren,siren,True,children_playing,0.023993006409830844,50.204551696777344,2092.466064453125,3,True
371,9,siren,siren,True,air_conditioner,0.008946791695664104,36.809547424316406,4114.2734375,3,True
372,9,jackhammer,drilling,False,drilling,0.0,0.0,0.0,0,False
373,9,drilling,drilling,True,children_playing,0.031914068055606086,23.556961059570312,738.13720703125,2,True
374,9,street_music,street_music,True,drilling,0.004251800669877419,9.203496932983398,2164.611572265625,1,True
375,9,drilling,jackhammer,False,jackhammer,0.0,0.0,0.0,0,False
376,9,dog_bark,dog_bark,True,gun_shot,0.00751412905532971,30.69344139099121,4084.763671875,3,True
377,9,dog_bark,dog_bark,True,children_playing,0.006746675349861994,24.140907287597656,3578.193115234375,2,True
378,9,gun_shot,gun_shot,True,dog_bark,0.0011720505349290483,6.330771446228027,5401.44921875,2,True
379,9,children_playing,children_playing,True,siren,0.0017843729845153627,9.908920288085938,5553.16650390625,2,True
380,9,siren,siren,True,drilling,0.002826835789606293,12.101537704467773,4280.9482421875,2,True
381,9,dog_bark,children_playing,False,children_playing,0.0,0.0,0.0,0,False
382,9,drilling,drilling,True,air_conditioner,0.009540793007730374,46.407684326171875,4864.1328125,4,True
383,9,air_conditioner,drilling,False,drilling,0.0,0.0,0.0,0,False
384,9,engine_idling,jackhammer,False,jackhammer,0.0,0.0,0.0,0,False
385,9,drilling,jackhammer,False,jackhammer,0.0,0.0,0.0,0,False
386,9,drilling,jackhammer,False,jackhammer,0.0,0.0,0.0,0,False
387,9,air_conditioner,street_music,False,street_music,0.0,0.0,0.0,0,False
388,9,gun_shot,gun_shot,True,car_horn,0.0022122106989809647,10.637136459350586,4808.3740234375,3,True
389,9,street_music,street_music,True,children_playing,0.013473679762077943,46.197113037109375,3428.693115234375,2,True
390,9,jackhammer,jackhammer,True,car_horn,0.05297111285466758,53.43307113647461,1008.720947265625,3,True
391,9,street_music,street_music,True,children_playing,0.006102365114583699,17.599849700927734,2884.10302734375,1,True
392,9,dog_bark,dog_bark,True,car_horn,0.0015390167628243862,6.871180057525635,4464.65576171875,2,True
393,9,air_conditioner,street_music,False,street_music,0.0,0.0,0.0,0,False
394,9,engine_idling,engine_idling,True,air_conditioner,0.0021560747021886263,7.3636794090271,3415.3173828125,2,True
395,9,children_playing,children_playing,True,street_music,0.00995433436529067,27.334461212158203,2745.98583984375,3,True
396,9,engine_idling,engine_idling,True,children_playing,6.37059450507976e-05,0.26067090034484863,4091.782958984375,1,True
397,9,drilling,drilling,True,dog_bark,0.00294610588328038,20.20049285888672,6856.67578125,2,True
398,9,jackhammer,jackhammer,True,drilling,0.03582136169075928,37.58006286621094,1049.096435546875,2,True
399,9,street_music,street_music,True,air_conditioner,0.0368278353426731,46.14299392700195,1252.93798828125,3,True
400,9,jackhammer,jackhammer,True,car_horn,0.037271135998086,38.41338348388672,1030.64697265625,3,True
401,9,engine_idling,air_conditioner,False,air_conditioner,0.0,0.0,0.0,0,False
402,9,air_conditioner,air_conditioner,True,jackhammer,0.005053749810026045,8.918047904968262,1764.6397705078125,2,True
403,9,drilling,jackhammer,False,jackhammer,0.0,0.0,0.0,0,False
404,9,air_conditioner,jackhammer,False,jackhammer,0.0,0.0,0.0,0,False
405,9,jackhammer,jackhammer,True,drilling,0.007424813414224173,6.373436450958252,858.3968505859375,2,True
406,9,gun_shot,gun_shot,True,jackhammer,0.003386566037735849,15.063232421875,4447.93701171875,2,True
407,9,dog_bark,dog_bark,True,gun_shot,0.012983904978540836,59.87146759033203,4611.20654296875,4,True
408,9,air_conditioner,street_music,False,street_music,0.0,0.0,0.0,0,False
409,9,engine_idling,engine_idling,True,air_conditioner,0.0019286873310520487,6.443721771240234,3340.98828125,1,True
410,9,jackhammer,jackhammer,True,car_horn,0.05038838444248577,49.25124740600586,977.4325561523438,3,True
411,9,air_conditioner,drilling,False,drilling,0.0,0.0,0.0,0,False
412,9,drilling,drilling,True,jackhammer,0.005647353705776698,30.614301681518555,5420.99951171875,2,True
413,9,drilling,drilling,True,jackhammer,0.0015547514565264196,2.63657283782959,1695.8162841796875,1,True
414,9,dog_bark,dog_bark,True,children_playing,0.00014859332892495642,0.48185816407203674,3242.798095703125,1,True
415,9,dog_bark,dog_bark,True,engine_idling,0.0011329447977793518,3.7185447216033936,3282.194091796875,1,True
416,9,children_playing,children_playing,True,siren,3.753131215500964e-05,0.19001053273677826,5062.72021484375,1,True
417,9,street_music,street_music,True,children_playing,0.0015192749639604732,3.7386767864227295,2460.82958984375,1,True
418,9,gun_shot,gun_shot,True,air_conditioner,0.0014470802499564716,7.572544097900391,5232.9814453125,2,True
419,9,dog_bark,drilling,False,drilling,0.0,0.0,0.0,0,False
420,9,dog_bark,dog_bark,True,children_playing,0.01585638670646004,41.64976501464844,2626.68701171875,3,True
421,9,siren,siren,True,children_playing,0.003448720882597544,14.959436416625977,4337.6767578125,2,True
422,9,drilling,drilling,True,children_playing,0.031008004986735404,20.817569732666016,671.3611450195312,2,True
423,9,siren,siren,True,children_playing,0.02363955674563998,49.27521896362305,2084.439208984375,3,True
424,9,jackhammer,drilling,False,drilling,0.0,0.0,0.0,0,False
425,9,siren,siren,True,children_playing,0.022092618405684116,46.326473236083984,2096.9208984375,3,True
426,9,air_conditioner,dog_bark,False,dog_bark,0.0,0.0,0.0,0,False
427,9,siren,siren,True,air_conditioner,0.007538613033598973,30.366411209106445,4028.116455078125,3,True
428,9,engine_idling,engine_idling,True,air_conditioner,0.004250240639988682,14.786087036132812,3478.88232421875,2,True
429,9,siren,siren,True,air_conditioner,0.0081614566746853,33.486392974853516,4102.9921875,3,True
430,9,engine_idling,engine_idling,True,air_conditioner,0.0037876967529958828,13.26034164428711,3500.8984375,3,True
431,9,jackhammer,drilling,False,drilling,0.0,0.0,0.0,0,False
432,9,dog_bark,dog_bark,True,gun_shot,0.006271000229867855,25.90219497680664,4130.47265625,2,True
433,9,drilling,drilling,True,children_playing,0.02971716739122959,21.994333267211914,740.1221313476562,2,True
434,9,drilling,jackhammer,False,jackhammer,0.0,0.0,0.0,0,False
435,9,siren,siren,True,street_music,0.004434488212078385,19.012889862060547,4287.5048828125,1,True
436,9,air_conditioner,drilling,False,drilling,0.0,0.0,0.0,0,False
437,9,dog_bark,dog_bark,True,engine_idling,0.001246276395578552,4.053555965423584,3252.53369140625,2,True
438,9,dog_bark,dog_bark,True,children_playing,0.0015870309287706233,7.407042980194092,4667.23291015625,1,True
439,9,street_music,jackhammer,False,jackhammer,0.0,0.0,0.0,0,False
440,9,street_music,street_music,True,children_playing,0.012097420348602905,40.358863830566406,3336.154541015625,3,True
441,9,children_playing,children_playing,True,street_music,0.006205272963077562,25.79314422607422,4156.6494140625,2,True
442,9,drilling,jackhammer,False,jackhammer,0.0,0.0,0.0,0,False
443,9,air_conditioner,drilling,False,drilling,0.0,0.0,0.0,0,False
444,9,air_conditioner,street_music,False,street_music,0.0,0.0,0.0,0,False
445,9,street_music,street_music,True,jackhammer,0.0034502461111236716,10.09660530090332,2926.343505859375,2,True
446,9,street_music,street_music,True,car_horn,0.014549340604686775,50.294090270996094,3456.795166015625,3,True
447,9,jackhammer,jackhammer,True,car_horn,0.0515731737326612,50.31004333496094,975.5079956054688,3,True
448,9,air_conditioner,jackhammer,False,jackhammer,0.0,0.0,0.0,0,False
449,9,children_playing,siren,False,siren,0.0,0.0,0.0,0,False
450,9,engine_idling,engine_idling,True,air_conditioner,0.0024877126777250323,8.341537475585938,3353.09521484375,1,True
451,9,street_music,street_music,True,children_playing,0.009759888969979561,30.897497177124023,3165.76318359375,1,True
452,9,air_conditioner,air_conditioner,True,street_music,0.004255217467298194,7.508727550506592,1764.5931396484375,2,True
453,9,car_horn,drilling,False,drilling,0.0,0.0,0.0,0,False
454,9,engine_idling,engine_idling,True,children_playing,0.0006892082045211528,2.7321219444274902,3964.14599609375,1,True
455,9,jackhammer,jackhammer,True,drilling,0.03555670388610031,37.38973617553711,1051.5523681640625,2,True
456,9,street_music,street_music,True,jackhammer,0.005768750964944343,14.276243209838867,2474.754638671875,2,True
457,9,children_playing,children_playing,True,siren,0.0033970728686703523,12.124432563781738,3569.082275390625,3,True
458,9,dog_bark,dog_bark,True,children_playing,0.002551401411986677,8.6207275390625,3378.820556640625,2,True
459,9,dog_bark,dog_bark,True,siren,0.00142026866238525,4.031199932098389,2838.336181640625,2,True
460,9,children_playing,children_playing,True,street_music,0.008381714616060567,24.96367645263672,2978.349609375,2,True
461,9,air_conditioner,jackhammer,False,jackhammer,0.0,0.0,0.0,0,False
462,9,car_horn,car_horn,True,street_music,0.0005754195504417695,1.0665605068206787,1853.535400390625,2,True
463,9,street_music,street_music,True,car_horn,0.006741517191839222,21.671810150146484,3214.678466796875,1,True
464,9,car_horn,car_horn,True,jackhammer,0.00048692848204228247,3.0174715518951416,6196.9501953125,2,True
465,9,jackhammer,jackhammer,True,car_horn,0.05206146480676074,53.18421173095703,1021.5657958984375,3,True
466,9,dog_bark,dog_bark,True,gun_shot,0.006107811066993952,34.775054931640625,5693.5380859375,3,True
467,9,jackhammer,jackhammer,True,car_horn,0.04525007976463727,51.31415939331055,1134.0125732421875,3,True
468,9,children_playing,children_playing,True,street_music,0.009495670014557922,38.73479461669922,4079.2060546875,2,True
469,9,children_playing,children_playing,True,dog_bark,0.0041375334268353575,13.696013450622559,3310.18798828125,2,True
470,9,air_conditioner,street_music,False,street_music,0.0,0.0,0.0,0,False
471,9,engine_idling,engine_idling,True,jackhammer,0.005475965933264411,7.772495269775391,1419.3834228515625,2,True
472,9,air_conditioner,drilling,False,drilling,0.0,0.0,0.0,0,False
473,9,dog_bark,children_playing,False,children_playing,0.0,0.0,0.0,0,False
474,9,drilling,drilling,True,children_playing,0.037215731053223344,27.3398494720459,734.6315307617188,2,True
475,9,drilling,drilling,True,jackhammer,0.0021091904025932625,15.284417152404785,7246.580078125,2,True
476,9,engine_idling,engine_idling,True,air_conditioner,0.0061676510713131495,20.985143661499023,3402.453125,2,True
477,9,siren,siren,True,children_playing,0.02332215819616552,48.729366302490234,2089.402099609375,3,True
478,9,street_music,street_music,True,car_horn,0.008018280549493216,24.891849517822266,3104.387451171875,1,True
479,9,children_playing,children_playing,True,siren,0.003655560592569745,10.630704879760742,2908.091552734375,2,True
480,9,siren,siren,True,children_playing,0.0018223139899662972,4.854680061340332,2664.01953125,1,True
481,9,air_conditioner,drilling,False,drilling,0.0,0.0,0.0,0,False
482,9,siren,siren,True,dog_bark,0.0018676343356132518,5.021865367889404,2688.89111328125,2,True
483,9,engine_idling,engine_idling,True,air_conditioner,0.0034056288820395997,11.788426399230957,3461.45361328125,2,True
484,9,siren,siren,True,children_playing,0.021632001793851288,44.97972869873047,2079.314208984375,3,True
485,9,gun_shot,gun_shot,True,jackhammer,0.003228859124209667,16.737489700317383,5183.71630859375,2,True
486,9,street_music,street_music,True,jackhammer,0.003610075166142363,7.7296142578125,2141.122802734375,2,True
487,9,engine_idling,engine_idling,True,air_conditioner,0.003157977620819658,10.8527193069458,3436.604248046875,2,True
488,9,engine_idling,engine_idling,True,air_conditioner,0.006106894857497745,20.71292495727539,3391.727783203125,2,True
489,9,children_playing,children_playing,True,siren,0.003320046272621028,18.56378746032715,5591.42431640625,2,True
490,9,street_music,street_music,True,car_horn,0.013543058803099198,28.897829055786133,2133.774169921875,3,True
491,9,drilling,drilling,True,children_playing,0.05321867709230022,30.500268936157227,573.1121215820312,2,True
492,9,car_horn,car_horn,True,drilling,0.007214769624930268,37.47930145263672,5194.80224609375,4,True
493,9,engine_idling,engine_idling,True,jackhammer,0.004655855231459503,6.498325824737549,1395.73193359375,2,True
494,9,dog_bark,children_playing,False,children_playing,0.0,0.0,0.0,0,False
495,9,dog_bark,dog_bark,True,gun_shot,0.0011381158356152284,5.976747512817383,5251.4404296875,2,True
496,9,dog_bark,children_playing,False,children_playing,0.0,0.0,0.0,0,False
497,9,drilling,drilling,True,jackhammer,0.008599872659678877,4.5330986976623535,527.1123046875,2,True
498,9,air_conditioner,drilling,False,drilling,0.0,0.0,0.0,0,False
499,9,street_music,children_playing,False,children_playing,0.0,0.0,0.0,0,False
500,9,dog_bark,dog_bark,True,gun_shot,0.010758682895883593,54.74889373779297,5088.81005859375,3,True
501,9,jackhammer,jackhammer,True,car_horn,0.051162796869663976,52.06597137451172,1017.6529541015625,3,True
502,9,dog_bark,dog_bark,True,gun_shot,0.0016277763036015066,7.927013874053955,4869.84228515625,2,True
503,9,air_conditioner,street_music,False,street_music,0.0,0.0,0.0,0,False
504,9,children_playing,children_playing,True,street_music,0.006339882941065867,27.247968673706055,4297.8662109375,2,True
505,9,air_conditioner,jackhammer,False,jackhammer,0.0,0.0,0.0,0,False
506,9,street_music,street_music,True,jackhammer,0.008213568269772726,19.66714859008789,2394.470703125,3,True
507,9,dog_bark,dog_bark,True,gun_shot,0.02604887040236003,93.97413635253906,3607.60888671875,3,True
508,9,drilling,drilling,True,jackhammer,0.0041951807268223685,21.072484970092773,5023.02197265625,2,True
509,9,street_music,street_music,True,children_playing,0.0034634189134010807,11.644275665283203,3362.075439453125,1,True
510,9,car_horn,car_horn,True,jackhammer,0.00656114194320562,44.96881103515625,6853.80859375,3,True
511,9,engine_idling,jackhammer,False,jackhammer,0.0,0.0,0.0,0,False
512,9,dog_bark,dog_bark,True,gun_shot,0.01476897310794043,68.49244689941406,4637.59033203125,3,True
513,9,air_conditioner,jackhammer,False,jackhammer,0.0,0.0,0.0,0,False
514,9,engine_idling,engine_idling,True,air_conditioner,0.0013584191198868975,4.523652076721191,3330.085693359375,1,True
515,9,street_music,street_music,True,jackhammer,0.012893526084332453,45.50657653808594,3529.412841796875,3,True
516,9,children_playing,children_playing,True,siren,0.007885088566354732,25.10291290283203,3183.593017578125,2,True
517,9,jackhammer,jackhammer,True,car_horn,0.03264965855035286,34.541114807128906,1057.931884765625,3,True
518,9,air_conditioner,street_music,False,street_music,0.0,0.0,0.0,0,False
519,9,air_conditioner,drilling,False,drilling,0.0,0.0,0.0,0,False
520,9,engine_idling,engine_idling,True,jackhammer,0.0024774636029521444,3.5480926036834717,1432.147216796875,1,True
521,9,dog_bark,dog_bark,True,children_playing,0.0012561150797970643,5.8144683837890625,4628.9296875,2,True
522,9,dog_bark,children_playing,False,children_playing,0.0,0.0,0.0,0,False
523,9,siren,siren,True,children_playing,0.022490968599849955,47.19334411621094,2098.32421875,3,True
524,9,siren,siren,True,children_playing,0.0031382172279721594,8.522453308105469,2715.698974609375,2,True
525,9,engine_idling,engine_idling,True,air_conditioner,0.006761271877838112,22.964876174926758,3396.531982421875,1,True
526,9,dog_bark,jackhammer,False,jackhammer,0.0,0.0,0.0,0,False
527,9,drilling,drilling,True,jackhammer,0.0007019005562660717,4.856833457946777,6919.54638671875,2,True
528,9,drilling,drilling,True,children_playing,0.04963985728680487,26.715614318847656,538.1887817382812,2,True
529,9,siren,siren,True,children_playing,0.004619705578804521,12.46412467956543,2698.034423828125,1,True
530,9,engine_idling,engine_idling,True,air_conditioner,0.006006533860861013,20.483478546142578,3410.199462890625,2,True
531,9,air_conditioner,dog_bark,False,dog_bark,0.0,0.0,0.0,0,False
532,9,siren,siren,True,children_playing,0.022685570558695453,47.416603088378906,2090.165771484375,3,True
533,9,dog_bark,drilling,False,drilling,0.0,0.0,0.0,0,False
534,9,drilling,drilling,True,dog_bark,0.0011946379352214005,6.8761982917785645,5755.884765625,2,True
535,9,drilling,drilling,True,children_playing,0.04854147510591164,25.9511661529541,534.618408203125,2,True
536,9,engine_idling,engine_idling,True,jackhammer,0.0007061955340885487,0.9998146891593933,1415.7760009765625,1,True
537,9,car_horn,car_horn,True,dog_bark,0.002787071941723615,14.961585998535156,5368.20947265625,1,True
538,9,car_horn,car_horn,True,jackhammer,0.002292722871102744,11.68163013458252,5095.09033203125,2,True
539,9,children_playing,children_playing,True,siren,0.0031747173912907356,17.32927703857422,5458.52587890625,2,True
540,9,dog_bark,children_playing,False,children_playing,0.0,0.0,0.0,0,False
541,9,dog_bark,children_playing,False,children_playing,0.0,0.0,0.0,0,False
542,9,street_music,street_music,True,drilling,0.004423415909427207,8.674010276794434,1960.9302978515625,2,True
543,9,children_playing,children_playing,True,street_music,0.004089329108140798,14.135565757751465,3456.695556640625,2,True
544,9,engine_idling,engine_idling,True,air_conditioner,0.0013863832630503213,4.592796325683594,3312.789794921875,1,True
545,9,air_conditioner,jackhammer,False,jackhammer,0.0,0.0,0.0,0,False
546,9,engine_idling,engine_idling,True,children_playing,0.0015352893178106183,6.192642688751221,4033.53466796875,1,True
547,9,drilling,drilling,True,jackhammer,0.0020017194812707285,14.089227676391602,7038.5625,2,True
548,9,dog_bark,dog_bark,True,drilling,0.007168089538516804,31.29532241821289,4365.92236328125,4,True
549,9,jackhammer,jackhammer,True,car_horn,0.03674205446143502,39.61027145385742,1078.0635986328125,3,True
550,9,engine_idling,jackhammer,False,jackhammer,0.0,0.0,0.0,0,False
551,9,car_horn,drilling,False,drilling,0.0,0.0,0.0,0,False
552,9,street_music,street_music,True,car_horn,0.008021141033460267,24.42155647277832,3044.648681640625,1,True
553,9,street_music,street_music,True,jackhammer,0.02105950185968147,47.87371826171875,2273.259765625,3,True
554,9,dog_bark,siren,False,siren,0.0,0.0,0.0,0,False
555,9,air_conditioner,jackhammer,False,jackhammer,0.0,0.0,0.0,0,False
556,9,street_music,street_music,True,children_playing,0.005966937132412263,17.46074104309082,2926.24853515625,1,True
557,9,jackhammer,jackhammer,True,car_horn,0.034445368682938925,39.95661926269531,1159.999755859375,3,True
558,9,drilling,drilling,True,children_playing,0.0008857354136955085,1.9065601825714111,2152.5166015625,1,True
559,9,car_horn,car_horn,True,drilling,0.0044369094063560835,26.672597885131836,6011.5263671875,4,True
560,9,street_music,street_music,True,jackhammer,0.003810134261156502,11.465184211730957,3009.128662109375,1,True
561,9,children_playing,children_playing,True,street_music,0.003898765947848301,11.988028526306152,3074.826416015625,1,True
562,9,children_playing,children_playing,True,street_music,0.007181663897956741,29.672836303710938,4131.74951171875,2,True
563,9,gun_shot,gun_shot,True,dog_bark,0.004894240892771313,20.216068267822266,4130.5830078125,2,True
564,9,car_horn,car_horn,True,street_music,0.0022210655481083095,8.856584548950195,3987.53857421875,2,True
565,9,children_playing,children_playing,True,street_music,4.5167836957494605e-05,0.19931450486183167,4412.7529296875,1,True
566,9,siren,siren,True,children_playing,0.02138317041777407,44.572696685791016,2084.4755859375,3,True
567,9,engine_idling,engine_idling,True,jackhammer,0.004956385657127287,6.87471866607666,1387.042724609375,2,True
568,9,siren,siren,True,jackhammer,0.007618844690066456,34.446571350097656,4521.23291015625,3,True
569,9,drilling,drilling,True,children_playing,0.03846434482692313,27.59221839904785,717.3453369140625,2,True
570,9,siren,siren,True,children_playing,0.023644431730543394,49.573143005371094,2096.609619140625,3,True
571,9,air_conditioner,children_playing,False,children_playing,0.0,0.0,0.0,0,False
572,9,engine_idling,engine_idling,True,air_conditioner,0.007214919680910465,24.527036666870117,3399.488525390625,3,True
573,9,street_music,street_music,True,car_horn,0.010220760417491759,34.558624267578125,3381.218505859375,2,True
574,9,engine_idling,engine_idling,True,air_conditioner,0.007841273592471767,26.495450973510742,3378.972900390625,3,True
575,9,street_music,street_music,True,car_horn,0.01293445928743474,27.938337326049805,2159.99267578125,2,True
576,9,drilling,drilling,True,children_playing,0.052557382586452095,33.17314910888672,631.1796264648438,2,True
577,9,car_horn,car_horn,True,jackhammer,0.0033263154817093346,7.797966003417969,2344.325439453125,1,True
578,9,engine_idling,engine_idling,True,jackhammer,0.007993914646412657,11.30910873413086,1414.7147216796875,1,True
579,9,street_music,street_music,True,children_playing,0.011477623015364003,22.65378189086914,1973.734619140625,1,True
580,9,gun_shot,gun_shot,True,dog_bark,0.004621649915798608,28.1314640045166,6086.8876953125,3,True
581,9,dog_bark,dog_bark,True,drilling,0.007752077935845874,32.170135498046875,4149.87255859375,4,True
582,9,children_playing,children_playing,True,siren,0.004664861841162325,25.840587615966797,5539.4111328125,2,True
583,9,dog_bark,dog_bark,True,children_playing,0.0013668896719851158,6.299692153930664,4608.77880859375,1,True
584,9,dog_bark,dog_bark,True,children_playing,0.004228193369746454,16.070642471313477,3800.82958984375,1,True
585,9,children_playing,children_playing,True,street_music,0.00136335814781214,5.915924549102783,4339.22998046875,1,True
586,9,air_conditioner,drilling,False,drilling,0.0,0.0,0.0,0,False
587,9,drilling,drilling,True,siren,0.005902819729856981,10.991296768188477,1862.041748046875,2,True
588,9,jackhammer,jackhammer,True,car_horn,0.04173256583403131,48.81623077392578,1169.739501953125,3,True
589,9,dog_bark,dog_bark,True,drilling,0.002968793685644673,17.70088005065918,5962.31396484375,3,True
590,9,drilling,drilling,True,children_playing,0.05676744473581045,42.34336853027344,745.9093627929688,3,True
591,9,dog_bark,dog_bark,True,children_playing,0.004746710411112988,14.063230514526367,2962.73193359375,3,True
592,9,children_playing,dog_bark,False,dog_bark,0.0,0.0,0.0,0,False
593,9,air_conditioner,jackhammer,False,jackhammer,0.0,0.0,0.0,0,False
594,9,dog_bark,siren,False,siren,0.0,0.0,0.0,0,False
595,9,street_music,street_music,True,children_playing,0.001174685098989341,3.349121570587158,2851.080322265625,2,True
596,9,drilling,drilling,True,jackhammer,0.0017065114430946484,2.3314502239227295,1366.2083740234375,1,True
597,9,car_horn,drilling,False,drilling,0.0,0.0,0.0,0,False
598,9,car_horn,drilling,False,drilling,0.0,0.0,0.0,0,False
599,9,dog_bark,dog_bark,True,children_playing,0.0017458993953938095,9.147323608398438,5239.31884765625,2,True
600,9,street_music,street_music,True,car_horn,0.008461747274022274,20.05378532409668,2369.934326171875,2,True
601,9,dog_bark,dog_bark,True,children_playing,0.002302125468280462,6.676706790924072,2900.23583984375,2,True
602,9,air_conditioner,jackhammer,False,jackhammer,0.0,0.0,0.0,0,False
603,9,siren,siren,True,dog_bark,0.0012040872440061523,5.081352233886719,4220.08642578125,2,True
604,9,drilling,drilling,True,siren,0.0052200453750382006,11.18863582611084,2143.398193359375,2,True
605,9,drilling,drilling,True,children_playing,0.02132673033121666,22.594650268554688,1059.4521484375,3,True
606,9,jackhammer,jackhammer,True,car_horn,0.031156424248615554,33.879150390625,1087.388916015625,3,True
607,9,children_playing,children_playing,True,siren,0.00646935577069692,23.036895751953125,3560.92578125,2,True
608,9,dog_bark,drilling,False,drilling,0.0,0.0,0.0,0,False
609,9,engine_idling,engine_idling,True,jackhammer,0.004727472253533339,6.655509948730469,1407.8369140625,2,True
610,9,drilling,drilling,True,children_playing,0.055581598967851406,38.54719924926758,693.5244750976562,3,True
611,9,siren,siren,True,jackhammer,0.003297402247389316,13.724939346313477,4162.34912109375,3,True
612,9,siren,siren,True,jackhammer,0.0008609108260120517,2.1681885719299316,2518.482177734375,2,True
613,9,siren,siren,True,children_playing,0.022899239369501466,47.660160064697266,2081.298828125,3,True
614,9,street_music,street_music,True,car_horn,0.008933987913251009,26.92386817932129,3013.64501953125,2,True
615,9,siren,siren,True,children_playing,0.021159408410426146,44.26970291137695,2092.199462890625,2,True
616,9,car_horn,car_horn,True,jackhammer,0.003659121752885076,23.849855422973633,6517.91796875,4,True
617,9,engine_idling,engine_idling,True,air_conditioner,0.007540299576564123,25.576425552368164,3391.964111328125,2,True
618,9,dog_bark,drilling,False,drilling,0.0,0.0,0.0,0,False
619,9,air_conditioner,drilling,False,drilling,0.0,0.0,0.0,0,False
620,9,siren,siren,True,jackhammer,0.0024029987575946085,6.462002754211426,2689.14111328125,1,True
621,9,dog_bark,dog_bark,True,street_music,0.007122036375825179,30.763896942138672,4319.53662109375,1,True
622,9,drilling,drilling,True,children_playing,0.06634322326764147,39.62775802612305,597.3143310546875,3,True
623,9,siren,siren,True,children_playing,0.003011133443297914,12.255499839782715,4070.06201171875,1,True
624,9,engine_idling,engine_idling,True,jackhammer,0.004257523157700327,6.076845645904541,1427.3194580078125,2,True
625,9,dog_bark,drilling,False,drilling,0.0,0.0,0.0,0,False
626,9,air_conditioner,drilling,False,drilling,0.0,0.0,0.0,0,False
627,9,dog_bark,dog_bark,True,children_playing,0.0003707311883431157,1.67092764377594,4507.11376953125,1,True
628,9,dog_bark,dog_bark,True,car_horn,0.008444902406604499,48.129024505615234,5699.1806640625,3,True
629,9,car_horn,car_horn,True,dog_bark,0.0074605129689178555,42.559906005859375,5704.68896484375,3,True
630,9,drilling,jackhammer,False,jackhammer,0.0,0.0,0.0,0,False
631,9,drilling,drilling,True,siren,0.00977002933659241,16.999195098876953,1739.932861328125,1,True
632,9,children_playing,children_playing,True,street_music,0.010479757431842773,42.056026458740234,4013.072509765625,3,True
633,9,jackhammer,jackhammer,True,car_horn,0.03082453236468604,34.64760971069336,1124.027099609375,3,True
634,9,street_music,street_music,True,car_horn,0.001410886280501508,4.414335250854492,3128.767578125,2,True
635,9,air_conditioner,drilling,False,drilling,0.0,0.0,0.0,0,False
636,9,air_conditioner,jackhammer,False,jackhammer,0.0,0.0,0.0,0,False
637,9,car_horn,drilling,False,drilling,0.0,0.0,0.0,0,False
638,9,gun_shot,gun_shot,True,dog_bark,0.006917880086742683,26.512392044067383,3832.444580078125,3,True
639,9,children_playing,children_playing,True,street_music,0.007065109917052909,23.339000701904297,3303.41650390625,1,True
640,9,dog_bark,dog_bark,True,drilling,0.0061520061387713215,34.9019889831543,5673.26953125,5,True
641,9,children_playing,children_playing,True,engine_idling,4.986486300752474e-05,0.18430881202220917,3696.166015625,1,True
642,9,street_music,street_music,True,jackhammer,0.009963896534684097,24.413976669311523,2450.243896484375,2,True
643,9,air_conditioner,children_playing,False,children_playing,0.0,0.0,0.0,0,False
644,9,siren,siren,True,children_playing,0.011529181454049678,79.01325225830078,6853.3271484375,4,True
645,9,drilling,drilling,True,jackhammer,0.030186572903607375,29.993335723876953,993.5985717773438,2,True
646,9,air_conditioner,dog_bark,False,dog_bark,0.0,0.0,0.0,0,False
647,9,children_playing,children_playing,True,street_music,0.011640210203355773,38.752010345458984,3329.150390625,3,True
648,9,children_playing,dog_bark,False,dog_bark,0.0,0.0,0.0,0,False
649,9,siren,siren,True,children_playing,0.021664416458733574,45.44294357299805,2097.58447265625,3,True
650,9,engine_idling,engine_idling,True,jackhammer,0.0037344321161425433,5.1776442527771,1386.4609375,2,True
651,9,children_playing,children_playing,True,siren,0.002498123021061312,8.249147415161133,3302.13818359375,2,True
652,9,air_conditioner,jackhammer,False,jackhammer,0.0,0.0,0.0,0,False
653,9,drilling,drilling,True,jackhammer,0.0029297914672540646,6.557375431060791,2238.17138671875,1,True
654,9,drilling,drilling,True,jackhammer,0.003668881000221504,23.74533462524414,6472.091796875,1,True
655,9,children_playing,children_playing,True,siren,0.0074477188822473115,28.836305618286133,3871.83056640625,1,True
656,9,jackhammer,jackhammer,True,car_horn,0.024791383503009867,27.64704704284668,1115.187744140625,3,True
657,9,street_music,street_music,True,children_playing,0.004359026714337886,13.200592994689941,3028.3349609375,1,True
658,9,children_playing,children_playing,True,street_music,0.0053695794723949,20.152385711669922,3753.06591796875,2,True
659,9,children_playing,children_playing,True,street_music,0.0062659041770839466,22.64342498779297,3613.752197265625,2,True
660,9,street_music,street_music,True,children_playing,0.0007347713152130214,1.5344852209091187,2088.384765625,1,True
661,9,siren,siren,True,car_horn,0.009516626823080677,36.69922637939453,3856.3271484375,3,True
662,9,children_playing,children_playing,True,street_music,0.003967273997094731,16.242509841918945,4094.12353515625,1,True
663,9,children_playing,children_playing,True,street_music,0.006193997579512252,14.354475975036621,2317.481689453125,1,True
664,9,siren,siren,True,children_playing,0.0033261928087660415,15.626434326171875,4697.994140625,1,True
665,9,car_horn,car_horn,True,jackhammer,0.0029769501530416895,15.895604133605957,5339.56005859375,2,True
666,9,dog_bark,jackhammer,False,jackhammer,0.0,0.0,0.0,0,False
667,9,street_music,street_music,True,children_playing,0.001989401144786223,5.57436466217041,2802.031494140625,2,True
668,9,jackhammer,jackhammer,True,car_horn,0.024702753484389207,27.9707088470459,1132.2911376953125,3,True
669,9,street_music,street_music,True,car_horn,0.001974220801591232,4.193195819854736,2123.97509765625,1,True
670,9,drilling,drilling,True,jackhammer,0.003966422640668465,3.4753730297088623,876.1983642578125,1,True
671,9,drilling,drilling,True,jackhammer,0.003704634158956496,22.732986450195312,6136.36474609375,2,True
672,9,street_music,street_music,True,car_horn,0.026034744983095805,32.74291229248047,1257.662109375,2,True
673,9,drilling,drilling,True,jackhammer,0.0037689419204346808,7.989312171936035,2119.77587890625,2,True
674,9,street_music,jackhammer,False,jackhammer,0.0,0.0,0.0,0,False
675,9,children_playing,children_playing,True,siren,0.0020696072123861384,11.737428665161133,5671.33154296875,2,True
676,9,car_horn,car_horn,True,drilling,0.0027574396417956596,14.82284164428711,5375.58154296875,3,True
677,9,siren,siren,True,children_playing,0.024015977302996344,49.96712875366211,2080.57861328125,3,True
678,9,street_music,street_music,True,car_horn,0.0068633814438653325,20.633806228637695,3006.361572265625,1,True
679,9,air_conditioner,jackhammer,False,jackhammer,0.0,0.0,0.0,0,False
680,9,dog_bark,children_playing,False,children_playing,0.0,0.0,0.0,0,False
681,9,engine_idling,engine_idling,True,jackhammer,0.003983759475151248,5.5682244300842285,1397.7310791015625,2,True
682,9,children_playing,children_playing,True,dog_bark,0.0016531002369656394,7.827439308166504,4735.005859375,2,True
683,9,children_playing,dog_bark,False,dog_bark,0.0,0.0,0.0,0,False
684,9,drilling,drilling,True,jackhammer,0.029709505224968628,30.742712020874023,1034.7769775390625,2,True
685,9,children_playing,children_playing,True,street_music,0.007481000523146071,17.79996681213379,2379.3564453125,1,True
686,9,air_conditioner,dog_bark,False,dog_bark,0.0,0.0,0.0,0,False
687,9,siren,siren,True,car_horn,0.01026761301473655,67.80638885498047,6603.90966796875,3,True
688,9,drilling,drilling,True,jackhammer,0.0020761445501608477,14.513723373413086,6990.70947265625,2,True
689,9,gun_shot,gun_shot,True,drilling,0.00933317766044993,45.5868034362793,4884.3818359375,4,True
690,9,siren,siren,True,children_playing,0.007871254347645976,42.02830123901367,5339.466796875,3,True
691,9,air_conditioner,dog_bark,False,dog_bark,0.0,0.0,0.0,0,False
692,9,drilling,drilling,True,jackhammer,0.03495592103253923,31.366992950439453,897.3298950195312,2,True
693,9,dog_bark,dog_bark,True,air_conditioner,0.0006952660664544414,3.7560768127441406,5402.35888671875,2,True
694,9,children_playing,children_playing,True,street_music,0.004238901670005582,10.482420921325684,2472.90966796875,1,True
695,9,street_music,street_music,True,car_horn,0.006630875507260267,18.66365623474121,2814.659423828125,2,True
696,9,engine_idling,engine_idling,True,jackhammer,0.00324668993039772,4.384651184082031,1350.4989013671875,2,True
697,9,street_music,street_music,True,car_horn,0.004402693598690277,12.921929359436035,2935.00537109375,1,True
698,9,air_conditioner,street_music,False,street_music,0.0,0.0,0.0,0,False
699,9,car_horn,car_horn,True,dog_bark,0.0041365926550947256,24.5601806640625,5937.29736328125,3,True
700,9,dog_bark,children_playing,False,children_playing,0.0,0.0,0.0,0,False
701,9,street_music,street_music,True,car_horn,0.017665657672760484,28.667560577392578,1622.7847900390625,3,True
702,9,dog_bark,dog_bark,True,children_playing,0.009808641865380496,45.04740905761719,4592.62451171875,3,True
703,9,street_music,street_music,True,children_playing,0.0016638390860632944,5.609694004058838,3371.536376953125,2,True
704,9,drilling,drilling,True,jackhammer,0.000967155363740899,2.1663713455200195,2239.94140625,1,True
705,9,street_music,street_music,True,children_playing,0.0006021194630084899,1.6546308994293213,2748.010986328125,2,True
706,9,engine_idling,engine_idling,True,air_conditioner,0.0019905530561591897,6.536144733428955,3283.582275390625,1,True
707,9,dog_bark,children_playing,False,children_playing,0.0,0.0,0.0,0,False
708,9,children_playing,children_playing,True,siren,0.010011732688299479,39.67670440673828,3963.020751953125,3,True
709,9,dog_bark,dog_bark,True,gun_shot,0.0008666211711244769,3.9825918674468994,4595.53955078125,3,True
710,9,siren,siren,True,dog_bark,0.005151682733964956,32.57301330566406,6322.791015625,3,True
711,9,children_playing,children_playing,True,street_music,0.007231892284694934,16.981801986694336,2348.182373046875,1,True
712,9,engine_idling,engine_idling,True,street_music,0.0013501050318937308,4.107723236083984,3042.521240234375,1,True
713,9,gun_shot,gun_shot,True,jackhammer,0.0012914606688234941,6.583389759063721,5097.630859375,1,True
714,9,siren,siren,True,car_horn,0.004907068535554032,28.061838150024414,5718.65625,3,True
715,9,drilling,drilling,True,jackhammer,0.0017582882635301716,3.858459711074829,2194.44091796875,1,True
716,9,dog_bark,children_playing,False,children_playing,0.0,0.0,0.0,0,False
717,9,street_music,street_music,True,car_horn,0.011973623929738088,40.170143127441406,3354.885986328125,2,True
718,9,engine_idling,engine_idling,True,jackhammer,0.005099219515222765,6.9663567543029785,1366.161376953125,2,True
719,9,gun_shot,gun_shot,True,drilling,0.003307228146575854,15.556889533996582,4703.90576171875,2,True
720,9,engine_idling,engine_idling,True,jackhammer,0.0025025884969803315,8.595580101013184,3434.67578125,2,True
721,9,children_playing,children_playing,True,siren,0.0006413830783555865,2.387331008911133,3722.160888671875,1,True
722,9,drilling,drilling,True,jackhammer,0.028862768910478835,30.71619415283203,1064.215087890625,1,True
723,9,children_playing,children_playing,True,street_music,0.007323791033494238,20.065202713012695,2739.72900390625,1,True
724,9,siren,siren,True,street_music,0.010956879234080294,64.9417495727539,5927.02978515625,3,True
725,9,air_conditioner,dog_bark,False,dog_bark,0.0,0.0,0.0,0,False
726,9,air_conditioner,children_playing,False,children_playing,0.0,0.0,0.0,0,False
727,9,dog_bark,dog_bark,True,gun_shot,0.00702979522585128,38.43379211425781,5467.2705078125,2,True
728,9,drilling,drilling,True,jackhammer,0.0165106993775444,30.197561264038086,1828.96923828125,1,True
729,9,siren,siren,True,dog_bark,0.016269528738223158,52.4755973815918,3225.391357421875,3,True
730,9,air_conditioner,jackhammer,False,jackhammer,0.0,0.0,0.0,0,False
731,9,drilling,drilling,True,jackhammer,0.00966849315881569,5.082977771759033,525.7259521484375,1,True
732,9,engine_idling,engine_idling,True,jackhammer,0.0019762801416965425,6.696256637573242,3388.3134765625,2,True
733,9,children_playing,children_playing,True,dog_bark,0.002385476550286914,11.380533218383789,4770.7587890625,2,True
734,9,engine_idling,engine_idling,True,jackhammer,0.000551601285759185,0.7682076096534729,1392.6864013671875,1,True
735,9,gun_shot,jackhammer,False,jackhammer,0.0,0.0,0.0,0,False
736,9,children_playing,jackhammer,False,jackhammer,0.0,0.0,0.0,0,False
737,9,children_playing,children_playing,True,siren,0.010958805286686073,31.105640411376953,2838.415283203125,2,True
738,9,drilling,drilling,True,jackhammer,0.003982014137134364,7.877620220184326,1978.3004150390625,1,True
739,9,air_conditioner,jackhammer,False,jackhammer,0.0,0.0,0.0,0,False
740,9,children_playing,children_playing,True,street_music,0.008921117754032213,31.264394760131836,3504.537841796875,2,True
741,9,street_music,street_music,True,children_playing,0.005038707912154407,13.305787086486816,2640.714111328125,2,True
742,9,car_horn,car_horn,True,dog_bark,0.0036863217328997793,21.054912567138672,5711.6318359375,3,True
743,9,drilling,drilling,True,children_playing,0.034010042611468165,30.135936737060547,886.08935546875,2,True
744,9,children_playing,children_playing,True,siren,0.0032267587827607374,9.888725280761719,3064.60009765625,2,True
745,9,dog_bark,drilling,False,drilling,0.0,0.0,0.0,0,False
746,9,air_conditioner,air_conditioner,True,siren,0.000792013854312726,3.5272719860076904,4453.54833984375,2,True
747,9,children_playing,children_playing,True,street_music,0.003951931646781541,9.498444557189941,2403.494140625,1,True
748,9,children_playing,children_playing,True,siren,0.008389499534535291,21.968854904174805,2618.61328125,2,True
749,9,car_horn,car_horn,True,jackhammer,0.0004105305183521199,2.5690009593963623,6257.7587890625,2,True
750,9,street_music,street_music,True,car_horn,0.03265678494470087,40.66828918457031,1245.3243408203125,3,True
751,9,dog_bark,drilling,False,drilling,0.0,0.0,0.0,0,False
752,9,drilling,drilling,True,jackhammer,0.009163396891239066,22.17654800415039,2420.123046875,1,True
753,9,children_playing,children_playing,True,street_music,0.007856821259073447,28.68840980529785,3651.401611328125,2,True
754,9,drilling,drilling,True,jackhammer,0.0018406793156568256,3.7474377155303955,2035.8992919921875,1,True
755,9,air_conditioner,jackhammer,False,jackhammer,0.0,0.0,0.0,0,False
756,9,engine_idling,engine_idling,True,jackhammer,0.0028399864220316905,3.973893642425537,1399.2650146484375,1,True
757,9,children_playing,children_playing,True,street_music,0.005938187073222699,15.452424049377441,2602.21240234375,2,True
758,9,engine_idling,engine_idling,True,jackhammer,0.002555092537979492,8.71207332611084,3409.68994140625,1,True
759,9,children_playing,children_playing,True,dog_bark,0.0009996119972769887,4.150107383728027,4151.71826171875,1,True
760,9,children_playing,children_playing,True,dog_bark,0.0008375094907784535,3.815321922302246,4555.556640625,1,True
761,9,air_conditioner,drilling,False,drilling,0.0,0.0,0.0,0,False
762,9,siren,siren,True,dog_bark,0.032870722865460444,93.14765167236328,2833.75732421875,4,True
763,9,street_music,street_music,True,drilling,0.008209080163574552,25.493675231933594,3105.5458984375,3,True
764,9,drilling,drilling,True,air_conditioner,0.01527494666937745,26.42268180847168,1729.80517578125,3,True
765,9,dog_bark,children_playing,False,children_playing,0.0,0.0,0.0,0,False
766,9,air_conditioner,dog_bark,False,dog_bark,0.0,0.0,0.0,0,False
767,9,street_music,street_music,True,car_horn,0.010888161384518697,32.9494743347168,3026.17431640625,2,True
768,9,air_conditioner,dog_bark,False,dog_bark,0.0,0.0,0.0,0,False
769,9,car_horn,car_horn,True,dog_bark,0.001993214668598248,10.37568187713623,5205.50146484375,3,True
770,9,car_horn,car_horn,True,drilling,0.003917336151323868,18.645360946655273,4759.7041015625,3,True
771,9,drilling,drilling,True,jackhammer,0.02052796882343871,27.009479522705078,1315.740478515625,1,True
772,9,children_playing,children_playing,True,street_music,0.003332859690852914,9.473331451416016,2842.4033203125,1,True
773,9,children_playing,children_playing,True,siren,0.0031586722737623496,9.791346549987793,3099.829833984375,2,True
774,9,air_conditioner,jackhammer,False,jackhammer,0.0,0.0,0.0,0,False
775,9,engine_idling,engine_idling,True,jackhammer,0.005809890311989994,8.074604988098145,1389.8033447265625,1,True
776,9,children_playing,children_playing,True,dog_bark,0.003218660795403943,14.470206260681152,4495.72265625,2,True
777,9,children_playing,engine_idling,False,engine_idling,0.0,0.0,0.0,0,False
778,9,engine_idling,engine_idling,True,jackhammer,0.0031421034181312807,10.7804594039917,3430.968994140625,1,True
779,9,dog_bark,dog_bark,True,gun_shot,0.00491910479492107,24.891450881958008,5060.15869140625,2,True
780,9,air_conditioner,drilling,False,drilling,0.0,0.0,0.0,0,False
781,9,gun_shot,gun_shot,True,dog_bark,0.008736421799469526,36.479671478271484,4175.5849609375,2,True
782,9,drilling,drilling,True,jackhammer,0.003693202670626061,24.9613037109375,6758.71484375,1,True
783,9,engine_idling,engine_idling,True,jackhammer,0.00433786558638666,5.995548725128174,1382.142578125,2,True
784,9,air_conditioner,jackhammer,False,jackhammer,0.0,0.0,0.0,0,False
785,9,gun_shot,gun_shot,True,dog_bark,0.007968765697731603,33.19136047363281,4165.18212890625,3,True
786,9,drilling,jackhammer,False,jackhammer,0.0,0.0,0.0,0,False
787,9,drilling,drilling,True,siren,0.05191519552038818,47.3624382019043,912.303955078125,2,True
788,9,children_playing,children_playing,True,jackhammer,0.00025259594437271825,1.1826307773590088,4681.9072265625,1,True
789,9,street_music,street_music,True,children_playing,0.003956571342403268,12.003690719604492,3033.86181640625,1,True
790,9,children_playing,dog_bark,False,dog_bark,0.0,0.0,0.0,0,False
791,9,drilling,drilling,True,children_playing,0.010164428368360415,24.433578491210938,2403.83203125,2,True
792,9,air_conditioner,jackhammer,False,jackhammer,0.0,0.0,0.0,0,False
793,9,air_conditioner,jackhammer,False,jackhammer,0.0,0.0,0.0,0,False
794,9,children_playing,children_playing,True,street_music,0.008143175178105436,20.940059661865234,2571.48583984375,2,True
795,9,children_playing,children_playing,True,street_music,0.011162440240383344,26.403444290161133,2365.3828125,2,True
796,9,drilling,drilling,True,jackhammer,0.002536098697721477,3.2654666900634766,1287.594482421875,2,True
797,9,gun_shot,dog_bark,False,dog_bark,0.0,0.0,0.0,0,False
798,9,drilling,drilling,True,siren,0.06000599357857035,47.48750686645508,791.37939453125,3,True
799,9,drilling,drilling,True,jackhammer,0.007294134255648638,5.053690433502197,692.8430786132812,2,True
800,9,street_music,street_music,True,car_horn,0.003990092907440324,10.625508308410645,2662.97265625,2,True
801,9,drilling,drilling,True,jackhammer,0.0009263704021605309,1.9705615043640137,2127.185302734375,1,True
802,9,air_conditioner,jackhammer,False,jackhammer,0.0,0.0,0.0,0,False
803,9,children_playing,children_playing,True,siren,0.0014936649047488603,6.762575149536133,4527.5048828125,2,True
804,9,dog_bark,dog_bark,True,children_playing,0.0050230685600950635,21.697139739990234,4319.4990234375,2,True
805,9,street_music,street_music,True,children_playing,0.0021602393763103713,4.728923797607422,2189.073974609375,2,True
806,9,children_playing,children_playing,True,street_music,0.009670266254240832,30.598058700561523,3164.13818359375,3,True
807,9,engine_idling,engine_idling,True,jackhammer,0.004783682163757972,6.6144280433654785,1382.7064208984375,2,True
808,9,engine_idling,engine_idling,True,jackhammer,0.002676488605972691,9.156548500061035,3421.10498046875,1,True
809,10,drilling,drilling,True,car_horn,0.005066996390061138,34.632774353027344,6834.97119140625,3,True
810,9,engine_idling,jackhammer,False,jackhammer,0.0,0.0,0.0,0,False
811,9,street_music,street_music,True,car_horn,0.003421863941244792,10.687030792236328,3123.16064453125,1,True
812,9,children_playing,children_playing,True,street_music,0.006402588205492389,17.998422622680664,2811.11669921875,1,True
813,10,dog_bark,drilling,False,drilling,0.0,0.0,0.0,0,False
814,9,engine_idling,engine_idling,True,jackhammer,0.0039052410865223933,5.409782886505127,1385.26220703125,2,True
815,9,drilling,drilling,True,air_conditioner,0.023383319964866145,35.56855010986328,1521.1077880859375,4,True
816,9,dog_bark,dog_bark,True,street_music,0.0015151209940705026,8.157760620117188,5384.23046875,2,True
817,9,air_conditioner,dog_bark,False,dog_bark,0.0,0.0,0.0,0,False
818,10,street_music,street_music,True,air_conditioner,0.02226044370303145,31.546581268310547,1417.15869140625,2,True
819,10,siren,siren,True,dog_bark,0.00501028729250518,25.6807804107666,5125.6103515625,3,True
820,10,air_conditioner,drilling,False,drilling,0.0,0.0,0.0,0,False
821,10,dog_bark,dog_bark,True,gun_shot,0.004082335071223638,23.583847045898438,5777.04833984375,2,True
822,10,drilling,drilling,True,jackhammer,0.006532817238841518,15.515625953674316,2375.0283203125,1,True
823,10,gun_shot,gun_shot,True,drilling,0.004610425189196377,29.015785217285156,6293.51611328125,3,True
824,10,jackhammer,jackhammer,True,street_music,0.057499064855715494,39.311195373535156,683.68408203125,2,True
825,10,children_playing,children_playing,True,dog_bark,0.006804121451243384,26.411556243896484,3881.69970703125,3,True
826,10,street_music,street_music,True,car_horn,0.024697520420449714,41.22864532470703,1669.343505859375,3,True
827,10,children_playing,children_playing,True,street_music,0.0059577054978542585,20.802248001098633,3491.654296875,2,True
828,10,dog_bark,dog_bark,True,drilling,0.006012097000273099,32.64521408081055,5429.92138671875,3,True
829,10,car_horn,car_horn,True,drilling,0.0030989127997479273,17.777889251708984,5736.81494140625,3,True
830,10,jackhammer,jackhammer,True,siren,0.044583257458266634,30.54375457763672,685.0947265625,2,True
831,10,jackhammer,jackhammer,True,drilling,0.008497313406639184,25.796192169189453,3035.8056640625,3,True
832,10,street_music,street_music,True,car_horn,0.0021096926819367985,5.185033321380615,2457.7197265625,2,True
833,10,gun_shot,gun_shot,True,jackhammer,0.006701292538341893,43.74894332885742,6528.43359375,1,True
834,10,siren,siren,True,dog_bark,0.008080420579972962,57.156211853027344,7073.42041015625,3,True
835,10,street_music,street_music,True,children_playing,0.008213346045669666,15.354622840881348,1869.4722900390625,2,True
836,10,siren,children_playing,False,children_playing,0.0,0.0,0.0,0,False
837,10,children_playing,children_playing,True,street_music,0.005425835385375412,18.732376098632812,3452.44091796875,1,True
838,10,jackhammer,jackhammer,True,engine_idling,0.05915150217378456,37.261077880859375,629.9261474609375,2,True
839,10,dog_bark,dog_bark,True,gun_shot,0.01747865288257068,74.24417114257812,4247.70556640625,3,True
840,10,street_music,street_music,True,jackhammer,0.0007498821832429188,0.7272787094116211,969.8572998046875,1,True
841,10,dog_bark,jackhammer,False,jackhammer,0.0,0.0,0.0,0,False
842,10,children_playing,children_playing,True,dog_bark,0.00024610211915693383,0.7470393776893616,3035.4853515625,1,True
843,10,drilling,drilling,True,gun_shot,0.0026745675518289706,16.966548919677734,6343.66064453125,2,True
844,10,street_music,street_music,True,children_playing,0.004951678187344174,8.11009693145752,1637.84814453125,1,True
845,10,dog_bark,dog_bark,True,children_playing,0.013637030866541609,48.13325881958008,3529.599609375,3,True
846,10,dog_bark,street_music,False,street_music,0.0,0.0,0.0,0,False
847,10,jackhammer,jackhammer,True,drilling,0.005391051780088115,12.401634216308594,2300.410888671875,2,True
848,10,air_conditioner,jackhammer,False,jackhammer,0.0,0.0,0.0,0,False
849,10,gun_shot,gun_shot,True,dog_bark,0.00709293690280178,31.06591033935547,4379.83740234375,2,True
850,10,street_music,street_music,True,car_horn,0.019884788666024243,37.36093521118164,1878.8701171875,1,True
851,10,children_playing,children_playing,True,street_music,0.003548740028884376,12.66575813293457,3569.0859375,2,True
852,10,jackhammer,jackhammer,True,drilling,0.006486136422543449,15.03243350982666,2317.625244140625,2,True
853,10,dog_bark,dog_bark,True,children_playing,0.01425719210761651,51.25350570678711,3594.9228515625,2,True
854,10,dog_bark,street_music,False,street_music,0.0,0.0,0.0,0,False
855,10,street_music,street_music,True,drilling,0.009343266459814432,9.529814720153809,1019.966064453125,2,True
856,10,air_conditioner,jackhammer,False,jackhammer,0.0,0.0,0.0,0,False
857,10,children_playing,engine_idling,False,engine_idling,0.0,0.0,0.0,0,False
858,10,jackhammer,jackhammer,True,siren,0.05564595340313453,36.454280853271484,655.111083984375,2,True
859,10,siren,siren,True,dog_bark,0.006454201092808213,45.87095260620117,7107.146484375,3,True
860,10,children_playing,siren,False,siren,0.0,0.0,0.0,0,False
861,10,children_playing,children_playing,True,dog_bark,0.0015331673821045153,4.892809867858887,3191.308349609375,2,True
862,10,dog_bark,dog_bark,True,gun_shot,0.01486128111453363,63.83977508544922,4295.71142578125,3,True
863,10,street_music,street_music,True,jackhammer,0.009315073708367849,15.317439079284668,1644.3712158203125,2,True
864,10,drilling,drilling,True,jackhammer,0.008398858199099645,19.56182861328125,2329.105712890625,1,True
865,10,jackhammer,jackhammer,True,siren,0.05097126621559696,35.356910705566406,693.66357421875,2,True
866,10,street_music,street_music,True,children_playing,0.0020905348533742157,4.578381061553955,2190.052490234375,2,True
867,10,children_playing,children_playing,True,dog_bark,0.0017994986909009901,8.375597953796387,4654.40625,1,True
868,10,jackhammer,jackhammer,True,siren,0.06276569825007859,38.91135787963867,619.9462280273438,2,True
869,10,siren,siren,True,dog_bark,0.0027701753979526614,14.419487953186035,5205.26171875,1,True
870,10,children_playing,children_playing,True,street_music,0.011457008612260478,28.77550506591797,2511.607177734375,2,True
871,10,air_conditioner,drilling,False,drilling,0.0,0.0,0.0,0,False
872,10,gun_shot,gun_shot,True,jackhammer,0.0005236953512742867,3.5236079692840576,6728.3544921875,2,True
873,10,drilling,drilling,True,jackhammer,0.005233336647584582,12.133861541748047,2318.57080078125,1,True
874,10,siren,siren,True,dog_bark,0.009286542479458156,44.720088958740234,4815.580078125,3,True
875,10,jackhammer,jackhammer,True,engine_idling,0.03244428648452685,27.8028564453125,856.9415283203125,1,True
876,10,children_playing,children_playing,True,dog_bark,0.007655584947265859,29.303298950195312,3827.7021484375,2,True
877,10,dog_bark,children_playing,False,children_playing,0.0,0.0,0.0,0,False
878,10,siren,dog_bark,False,dog_bark,0.0,0.0,0.0,0,False
879,10,children_playing,children_playing,True,dog_bark,0.020677822612610357,60.49777603149414,2925.732421875,3,True
880,10,jackhammer,jackhammer,True,siren,0.04694751366351888,30.887916564941406,657.9244384765625,2,True
881,10,siren,siren,True,car_horn,0.00970802745312323,68.58487701416016,7064.75927734375,4,True
882,10,street_music,children_playing,False,children_playing,0.0,0.0,0.0,0,False
883,10,air_conditioner,drilling,False,drilling,0.0,0.0,0.0,0,False
884,10,car_horn,car_horn,True,drilling,0.0024830423308517405,12.345911979675293,4972.0908203125,3,True
885,10,street_music,car_horn,False,car_horn,0.0,0.0,0.0,0,False
886,10,street_music,car_horn,False,car_horn,0.0,0.0,0.0,0,False
887,10,jackhammer,jackhammer,True,engine_idling,0.06663006273604952,40.315738677978516,605.0682983398438,3,True
888,10,air_conditioner,jackhammer,False,jackhammer,0.0,0.0,0.0,0,False
889,10,street_music,street_music,True,drilling,0.007229072128303521,8.226099014282227,1137.9190673828125,2,True
890,10,jackhammer,jackhammer,True,drilling,0.0032625906132771046,21.726350784301758,6659.23291015625,3,True
891,10,engine_idling,jackhammer,False,jackhammer,0.0,0.0,0.0,0,False
892,10,dog_bark,street_music,False,street_music,0.0,0.0,0.0,0,False
893,10,dog_bark,dog_bark,True,children_playing,0.014767844705892423,52.227935791015625,3536.598388671875,3,True
894,10,air_conditioner,jackhammer,False,jackhammer,0.0,0.0,0.0,0,False
895,10,children_playing,children_playing,True,drilling,0.006153879793537518,19.109060287475586,3105.205322265625,2,True
896,10,children_playing,children_playing,True,dog_bark,0.0012122600769856634,4.036250114440918,3329.52490234375,2,True
897,10,jackhammer,jackhammer,True,drilling,0.003375828731947297,18.534812927246094,5490.4482421875,2,True
898,10,gun_shot,gun_shot,True,drilling,0.00627359160584251,35.77482223510742,5702.44677734375,3,True
899,10,jackhammer,jackhammer,True,engine_idling,0.053013840220644086,31.942346572875977,602.5284423828125,1,True
900,10,gun_shot,gun_shot,True,jackhammer,0.009597542604338847,41.175018310546875,4290.16259765625,1,True
901,10,siren,siren,True,car_horn,0.006782924142182092,46.94446563720703,6920.9775390625,3,True
902,10,gun_shot,gun_shot,True,dog_bark,0.004202260878755267,19.85911750793457,4725.8173828125,3,True
903,10,drilling,drilling,True,children_playing,0.010610127181421807,17.681657791137695,1666.48876953125,3,True
904,10,dog_bark,dog_bark,True,children_playing,0.008580841403345913,37.20034408569336,4335.279296875,2,True
905,10,drilling,drilling,True,dog_bark,0.0060333552945768375,41.52770233154297,6883.01953125,3,True
906,10,children_playing,children_playing,True,dog_bark,0.003643629225456124,15.388480186462402,4223.3935546875,1,True
907,10,street_music,street_music,True,children_playing,0.007724997201412189,18.523996353149414,2397.92919921875,1,True
908,10,drilling,drilling,True,jackhammer,0.005997990927730644,33.57404708862305,5597.548828125,1,True
909,10,dog_bark,dog_bark,True,gun_shot,0.00397444775481923,22.577430725097656,5680.64599609375,2,True
910,10,dog_bark,jackhammer,False,jackhammer,0.0,0.0,0.0,0,False
911,10,jackhammer,jackhammer,True,siren,0.04452247297205208,28.03329086303711,629.6436157226562,2,True
912,10,children_playing,children_playing,True,dog_bark,0.0016394785984996411,6.411004543304443,3910.392333984375,2,True
913,10,siren,dog_bark,False,dog_bark,0.0,0.0,0.0,0,False
914,10,jackhammer,jackhammer,True,siren,0.0508119977366136,37.45062255859375,737.0429077148438,2,True
915,10,drilling,drilling,True,jackhammer,0.003557465265322849,7.784450531005859,2188.201416015625,2,True
916,10,siren,siren,True,dog_bark,0.012896804336095883,53.57918167114258,4154.4541015625,2,True
917,10,air_conditioner,air_conditioner,True,drilling,0.0015834492896240884,2.5310049057006836,1598.412353515625,2,True
918,10,gun_shot,gun_shot,True,drilling,0.011235663456880714,57.3752555847168,5106.5302734375,4,True
919,10,drilling,drilling,True,children_playing,0.010818739412878201,40.295982360839844,3724.646728515625,3,True
920,10,air_conditioner,air_conditioner,True,drilling,0.003138083609658686,5.282917022705078,1683.485107421875,2,True
921,10,gun_shot,gun_shot,True,jackhammer,0.0032487233344662566,18.879024505615234,5811.21337890625,1,True
922,10,children_playing,children_playing,True,street_music,0.01067466456912345,35.06147003173828,3284.550048828125,3,True
923,10,car_horn,car_horn,True,drilling,0.009953223466936141,49.68029022216797,4991.376953125,5,True
924,10,siren,siren,True,engine_idling,0.0021150361940419863,11.494678497314453,5434.7431640625,2,True
925,10,children_playing,children_playing,True,street_music,0.005143102569702918,17.476673126220703,3398.079833984375,2,True
926,10,drilling,drilling,True,jackhammer,0.005262326937166208,10.89323902130127,2070.042236328125,1,True
927,10,engine_idling,engine_idling,True,jackhammer,0.004198667747658673,5.924553394317627,1411.0555419921875,2,True
928,10,jackhammer,jackhammer,True,engine_idling,0.010847287487584019,20.821565628051758,1919.5181884765625,1,True
929,10,street_music,street_music,True,car_horn,0.029166007120172824,49.224002838134766,1687.71826171875,2,True
930,10,jackhammer,jackhammer,True,siren,0.05278476937220162,40.88703918457031,774.5991821289062,3,True
931,10,air_conditioner,drilling,False,drilling,0.0,0.0,0.0,0,False
932,10,siren,siren,True,children_playing,0.008045050841660026,13.555594444274902,1684.960693359375,2,True
933,10,children_playing,children_playing,True,street_music,0.0028390750230157954,8.95335578918457,3153.6171875,1,True
934,10,car_horn,car_horn,True,street_music,0.004315092371468777,8.22803783416748,1906.8045654296875,1,True
935,10,siren,siren,True,gun_shot,0.0077767116317656185,35.939613342285156,4621.44091796875,3,True
936,10,street_music,street_music,True,car_horn,2.9345835254660617e-05,0.07513955980539322,2560.484619140625,1,True
937,10,jackhammer,jackhammer,True,siren,0.054359693392697896,38.87594985961914,715.1613159179688,2,True
938,10,street_music,street_music,True,drilling,0.014911594805878736,19.14189338684082,1283.69189453125,2,True
939,10,street_music,street_music,True,drilling,0.010948975577109917,18.6098690032959,1699.6904296875,1,True
940,10,car_horn,car_horn,True,drilling,0.0068641431508048014,37.93840408325195,5527.04150390625,3,True
941,10,drilling,jackhammer,False,jackhammer,0.0,0.0,0.0,0,False
942,10,dog_bark,dog_bark,True,children_playing,0.005009206558145407,24.195558547973633,4830.2177734375,1,True
943,10,drilling,drilling,True,jackhammer,0.007321543671230945,16.526844024658203,2257.28955078125,1,True
944,10,jackhammer,jackhammer,True,engine_idling,0.058052792616545265,39.72239303588867,684.2460327148438,3,True
945,10,children_playing,children_playing,True,dog_bark,0.00715808281397972,24.03191566467285,3357.311767578125,2,True
946,10,gun_shot,gun_shot,True,dog_bark,0.01023672981643071,47.319053649902344,4622.4775390625,3,True
947,10,jackhammer,jackhammer,True,siren,0.04655714494434978,32.98592758178711,708.5040893554688,2,True
948,10,children_playing,children_playing,True,street_music,0.001678484909620406,5.736830711364746,3417.862548828125,1,True
949,10,drilling,drilling,True,jackhammer,0.028470112953096576,29.735090255737305,1044.4317626953125,1,True
950,10,drilling,drilling,True,jackhammer,0.02751934331543227,29.406158447265625,1068.563232421875,1,True
951,10,drilling,jackhammer,False,jackhammer,0.0,0.0,0.0,0,False
952,10,jackhammer,jackhammer,True,engine_idling,0.04280651111292528,31.74761199951172,741.65380859375,1,True
953,10,jackhammer,jackhammer,True,engine_idling,0.03515900842626556,22.667098999023438,644.7024536132812,2,True
954,10,street_music,street_music,True,children_playing,0.012347942889389485,16.768863677978516,1358.0289306640625,1,True
955,10,street_music,street_music,True,children_playing,0.005282594983550694,13.411444664001465,2538.798583984375,1,True
956,10,children_playing,siren,False,siren,0.0,0.0,0.0,0,False
957,10,street_music,street_music,True,drilling,0.003904138596512956,8.850570678710938,2266.971435546875,2,True
958,10,siren,siren,True,engine_idling,0.009040547725211883,51.47132110595703,5693.38525390625,1,True
959,10,engine_idling,jackhammer,False,jackhammer,0.0,0.0,0.0,0,False
960,10,car_horn,car_horn,True,street_music,0.006381411273715938,12.371929168701172,1938.7449951171875,2,True
961,10,dog_bark,children_playing,False,children_playing,0.0,0.0,0.0,0,False
962,10,siren,siren,True,children_playing,0.005851385344964677,9.908456802368164,1693.352294921875,2,True
963,10,air_conditioner,drilling,False,drilling,0.0,0.0,0.0,0,False
964,10,air_conditioner,drilling,False,drilling,0.0,0.0,0.0,0,False
965,10,engine_idling,jackhammer,False,jackhammer,0.0,0.0,0.0,0,False
966,10,dog_bark,dog_bark,True,car_horn,0.0007944815159158556,5.316018581390381,6691.1796875,2,True
967,10,engine_idling,engine_idling,True,jackhammer,0.0019943604572157402,6.057225227355957,3037.1767578125,2,True
968,10,dog_bark,dog_bark,True,gun_shot,0.01506016064203724,68.14668273925781,4524.9638671875,3,True
969,10,engine_idling,engine_idling,True,jackhammer,0.004455313064102585,6.344197750091553,1423.9622802734375,2,True
970,10,dog_bark,dog_bark,True,drilling,0.005168001553809268,24.393388748168945,4720.08154296875,4,True
971,10,children_playing,children_playing,True,street_music,0.0031903507134925448,11.1078462600708,3481.70068359375,1,True
972,10,street_music,street_music,True,drilling,0.01928722768294584,21.144376754760742,1096.2890625,2,True
973,10,drilling,drilling,True,jackhammer,0.0038519737177400196,6.988845348358154,1814.3543701171875,1,True
974,10,air_conditioner,air_conditioner,True,drilling,0.0007455469261813603,1.2344387769699097,1655.749267578125,2,True
975,10,engine_idling,jackhammer,False,jackhammer,0.0,0.0,0.0,0,False
976,10,dog_bark,children_playing,False,children_playing,0.0,0.0,0.0,0,False
977,10,drilling,drilling,True,jackhammer,0.002871930758514588,5.00410270690918,1742.4176025390625,2,True
978,10,dog_bark,dog_bark,True,gun_shot,0.009044859118474873,47.39724349975586,5240.2412109375,2,True
979,10,children_playing,children_playing,True,street_music,0.002411808493983191,7.671104907989502,3180.644287109375,1,True
980,10,dog_bark,dog_bark,True,children_playing,0.008783849138575396,38.10090637207031,4337.609375,1,True
981,10,jackhammer,jackhammer,True,engine_idling,0.056873920083290515,37.456058502197266,658.58056640625,2,True
982,10,street_music,street_music,True,jackhammer,0.013043133913948823,15.625940322875977,1198.0203857421875,2,True
983,10,jackhammer,jackhammer,True,drilling,0.002882967636880436,18.643211364746094,6466.673828125,3,True
984,10,dog_bark,dog_bark,True,car_horn,0.0029080387473977487,13.964768409729004,4802.1259765625,2,True
985,10,siren,siren,True,car_horn,0.00417059270891884,27.016494750976562,6477.85498046875,2,True
986,10,drilling,jackhammer,False,jackhammer,0.0,0.0,0.0,0,False
987,10,jackhammer,jackhammer,True,engine_idling,0.04307911947393341,29.5428524017334,685.78125,1,True
988,10,children_playing,children_playing,True,street_music,0.0010221397355297229,3.3953535556793213,3321.8095703125,1,True
989,10,children_playing,children_playing,True,street_music,0.004531589002326465,14.600736618041992,3221.990478515625,1,True
990,10,drilling,drilling,True,jackhammer,0.0024174805831427395,18.224395751953125,7538.59033203125,3,True
991,10,jackhammer,jackhammer,True,engine_idling,0.040849827226595706,28.2852840423584,692.421142578125,1,True
992,10,street_music,street_music,True,jackhammer,0.008562019347614195,10.239348411560059,1195.9034423828125,2,True
993,10,children_playing,children_playing,True,street_music,0.0018407531969149736,6.314366340637207,3430.316650390625,2,True
994,10,gun_shot,gun_shot,True,dog_bark,0.006340470970034981,41.11394500732422,6484.36767578125,3,True
995,10,drilling,jackhammer,False,jackhammer,0.0,0.0,0.0,0,False
996,10,jackhammer,jackhammer,True,siren,0.06866571443150248,42.29965591430664,616.02294921875,2,True
997,10,siren,siren,True,dog_bark,0.005998900844744039,36.5252685546875,6088.66015625,3,True
998,10,engine_idling,jackhammer,False,jackhammer,0.0,0.0,0.0,0,False
999,10,gun_shot,gun_shot,True,dog_bark,0.006418849684848134,33.246829986572266,5179.56201171875,3,True
1000,10,street_music,street_music,True,jackhammer,0.011133420485128564,29.297941207885742,2631.531005859375,2,True
1001,10,street_music,street_music,True,car_horn,0.026251715426400844,50.70905303955078,1931.647216796875,3,True
1002,10,dog_bark,dog_bark,True,drilling,0.0072940194532856275,34.59788131713867,4743.32177734375,3,True
1003,10,dog_bark,children_playing,False,children_playing,0.0,0.0,0.0,0,False
1004,10,engine_idling,engine_idling,True,jackhammer,0.006032868393001173,8.579885482788086,1422.1900634765625,1,True
1005,10,car_horn,car_horn,True,drilling,0.0031999629806294338,15.690505981445312,4903.33984375,3,True
1006,10,children_playing,children_playing,True,jackhammer,0.0032282476597307206,11.485406875610352,3557.78369140625,2,True
1007,10,jackhammer,jackhammer,True,drilling,0.005935803633028672,24.76474952697754,4172.09716796875,3,True
1008,10,children_playing,children_playing,True,street_music,0.013454151342398045,41.65468978881836,3096.04736328125,3,True
1009,10,drilling,drilling,True,jackhammer,0.0032072153981179212,5.667068958282471,1766.974853515625,2,True
1010,10,dog_bark,children_playing,False,children_playing,0.0,0.0,0.0,0,False
1011,10,engine_idling,jackhammer,False,jackhammer,0.0,0.0,0.0,0,False
1012,10,jackhammer,jackhammer,True,siren,0.04286743359111133,29.615373611450195,690.8594970703125,2,True
1013,10,dog_bark,dog_bark,True,car_horn,0.004793646625656286,26.152305603027344,5455.6181640625,3,True
1014,10,air_conditioner,air_conditioner,True,drilling,0.0005123924670965966,0.8465881943702698,1652.22607421875,1,True
1015,10,jackhammer,jackhammer,True,drilling,0.0070354723205296316,16.698549270629883,2373.4794921875,2,True
1016,10,air_conditioner,air_conditioner,True,jackhammer,0.0029015770858071125,5.142856597900391,1772.4349365234375,2,True
1017,10,engine_idling,jackhammer,False,jackhammer,0.0,0.0,0.0,0,False
1018,10,car_horn,car_horn,True,street_music,0.0020433908229144063,3.7063138484954834,1813.8056640625,1,True
1019,10,gun_shot,gun_shot,True,jackhammer,0.0005543177696623852,3.867192506790161,6976.490234375,2,True
1020,10,siren,siren,True,drilling,0.0023500281550358558,3.9293787479400635,1672.0560302734375,1,True
1021,10,drilling,jackhammer,False,jackhammer,0.0,0.0,0.0,0,False
1022,10,street_music,street_music,True,jackhammer,0.002653810983999998,5.5502610206604,2091.430419921875,1,True
1023,10,air_conditioner,drilling,False,drilling,0.0,0.0,0.0,0,False
1024,10,children_playing,children_playing,True,street_music,0.006076460401764482,15.243369102478027,2508.593505859375,1,True
1025,10,drilling,drilling,True,siren,0.0018167509985627139,3.381301164627075,1861.1802978515625,1,True
1026,10,air_conditioner,jackhammer,False,jackhammer,0.0,0.0,0.0,0,False
1027,10,dog_bark,dog_bark,True,drilling,0.01382151800328625,57.6745491027832,4172.80859375,4,True
1028,10,engine_idling,siren,False,siren,0.0,0.0,0.0,0,False
1029,10,engine_idling,siren,False,siren,0.0,0.0,0.0,0,False
1030,10,engine_idling,engine_idling,True,jackhammer,0.0062067432206960515,8.757281303405762,1410.93017578125,2,True
1031,10,street_music,children_playing,False,children_playing,0.0,0.0,0.0,0,False
1032,10,siren,children_playing,False,children_playing,0.0,0.0,0.0,0,False
1033,10,engine_idling,drilling,False,drilling,0.0,0.0,0.0,0,False
1034,10,jackhammer,jackhammer,True,siren,0.07559195586838775,46.92802047729492,620.8070678710938,3,True
1035,10,engine_idling,siren,False,siren,0.0,0.0,0.0,0,False
1036,10,children_playing,children_playing,True,street_music,0.004644658237743005,14.561736106872559,3135.15771484375,1,True
1037,10,children_playing,children_playing,True,street_music,0.0011809757940264573,3.7918448448181152,3210.772705078125,2,True
1038,10,drilling,drilling,True,jackhammer,0.0034792323967002673,8.153670310974121,2343.525634765625,1,True
1039,10,air_conditioner,children_playing,False,children_playing,0.0,0.0,0.0,0,False
1040,10,drilling,drilling,True,jackhammer,0.022896260684404895,25.493764877319336,1113.4466552734375,1,True
1041,10,jackhammer,jackhammer,True,siren,0.05666446103618048,35.957847595214844,634.574951171875,2,True
1042,10,children_playing,children_playing,True,street_music,0.001858154071004218,5.992506504058838,3224.978271484375,2,True
1043,10,air_conditioner,jackhammer,False,jackhammer,0.0,0.0,0.0,0,False
1044,10,dog_bark,dog_bark,True,car_horn,0.002627960011111714,14.310891151428223,5445.62744140625,3,True
1045,10,jackhammer,jackhammer,True,siren,0.0489191485130431,28.8039493560791,588.8072509765625,1,True
1046,10,air_conditioner,children_playing,False,children_playing,0.0,0.0,0.0,0,False
1047,10,drilling,drilling,True,jackhammer,0.0030897322997592916,7.239362716674805,2343.038818359375,1,True
1048,10,siren,drilling,False,drilling,0.0,0.0,0.0,0,False
1049,10,engine_idling,drilling,False,drilling,0.0,0.0,0.0,0,False
1050,10,drilling,drilling,True,jackhammer,0.0022606213444388208,16.768566131591797,7417.68017578125,1,True
1051,10,air_conditioner,drilling,False,drilling,0.0,0.0,0.0,0,False
1052,10,engine_idling,drilling,False,drilling,0.0,0.0,0.0,0,False
1053,10,jackhammer,jackhammer,True,siren,0.07518071771863429,46.40999221801758,617.3124389648438,2,True
1054,10,engine_idling,siren,False,siren,0.0,0.0,0.0,0,False
1055,10,engine_idling,engine_idling,True,jackhammer,0.0071556760424145,10.148526191711426,1418.2484130859375,2,True
1056,10,air_conditioner,jackhammer,False,jackhammer,0.0,0.0,0.0,0,False
1057,10,dog_bark,children_playing,False,children_playing,0.0,0.0,0.0,0,False
1058,10,drilling,drilling,True,children_playing,0.00087485146407979,1.7518295049667358,2002.4307861328125,1,True
1059,10,air_conditioner,drilling,False,drilling,0.0,0.0,0.0,0,False
1060,10,children_playing,children_playing,True,engine_idling,0.00015712997639125538,0.612238347530365,3896.381591796875,1,True
1061,10,jackhammer,jackhammer,True,drilling,0.00116165944001933,9.11532211303711,7846.81103515625,2,True
1062,10,street_music,street_music,True,children_playing,0.0026600965402733996,10.005349159240723,3761.27294921875,1,True
1063,10,street_music,street_music,True,jackhammer,0.0101502064900631,21.7365779876709,2141.4912109375,2,True
1064,10,drilling,drilling,True,gun_shot,0.002327158782937425,9.345928192138672,4016.025146484375,1,True
1065,10,children_playing,children_playing,True,dog_bark,0.0005252425596677068,1.67619788646698,3191.283447265625,2,True
1066,10,street_music,street_music,True,car_horn,0.0026257093561071684,5.815679550170898,2214.8984375,2,True
1067,10,gun_shot,gun_shot,True,drilling,0.003821601232410487,25.37186622619629,6639.06689453125,3,True
1068,10,siren,siren,True,drilling,0.000555945805569769,0.9020190834999084,1622.49462890625,1,True
1069,10,drilling,jackhammer,False,jackhammer,0.0,0.0,0.0,0,False
1070,10,gun_shot,gun_shot,True,jackhammer,0.0055246007408138505,29.16244125366211,5278.6513671875,3,True
1071,10,air_conditioner,air_conditioner,True,children_playing,0.0035312459940643713,6.251201152801514,1770.253662109375,2,True
1072,10,engine_idling,jackhammer,False,jackhammer,0.0,0.0,0.0,0,False
1073,10,air_conditioner,drilling,False,drilling,0.0,0.0,0.0,0,False
1074,10,car_horn,car_horn,True,street_music,0.007352225958428884,14.579511642456055,1983.0064697265625,1,True
1075,10,air_conditioner,air_conditioner,True,drilling,0.002829294869367912,4.7481207847595215,1678.1993408203125,2,True
1076,10,dog_bark,children_playing,False,children_playing,0.0,0.0,0.0,0,False
1077,10,jackhammer,jackhammer,True,drilling,0.00632852543572023,14.725608825683594,2326.862548828125,2,True
1078,10,jackhammer,jackhammer,True,siren,0.03949418105194111,28.090795516967773,711.26416015625,2,True
1079,10,jackhammer,jackhammer,True,drilling,0.0025057041137969216,14.999394416809082,5986.099609375,3,True
1080,10,car_horn,car_horn,True,jackhammer,0.001048417190475807,6.45427942276001,6156.212890625,2,True
1081,10,engine_idling,jackhammer,False,jackhammer,0.0,0.0,0.0,0,False
1082,10,engine_idling,jackhammer,False,jackhammer,0.0,0.0,0.0,0,False
1083,10,gun_shot,gun_shot,True,drilling,0.004174780972526531,26.928707122802734,6450.328125,3,True
1084,10,engine_idling,jackhammer,False,jackhammer,0.0,0.0,0.0,0,False
1085,10,jackhammer,jackhammer,True,siren,0.04266700382770179,28.699317932128906,672.6349487304688,2,True
1086,10,gun_shot,gun_shot,True,dog_bark,0.007022574318761337,31.10706901550293,4429.58203125,2,True
1087,10,dog_bark,car_horn,False,car_horn,0.0,0.0,0.0,0,False
1088,10,dog_bark,dog_bark,True,children_playing,0.010829137803957684,36.84278106689453,3402.189697265625,2,True
1089,10,drilling,drilling,True,gun_shot,0.002021363638512842,11.79403305053711,5834.69140625,2,True
1090,10,dog_bark,street_music,False,street_music,0.0,0.0,0.0,0,False
1091,10,air_conditioner,drilling,False,drilling,0.0,0.0,0.0,0,False
1092,10,jackhammer,jackhammer,True,siren,0.049986715804880004,32.285499572753906,645.881591796875,3,True
1093,10,jackhammer,jackhammer,True,drilling,0.0012222937681275808,8.290133476257324,6782.439453125,3,True
1094,10,jackhammer,jackhammer,True,drilling,0.003972322616197116,9.203426361083984,2316.887939453125,2,True
1095,10,car_horn,car_horn,True,jackhammer,0.0326186957046332,60.55673599243164,1856.50390625,3,True
1096,10,dog_bark,drilling,False,drilling,0.0,0.0,0.0,0,False
1097,10,drilling,jackhammer,False,jackhammer,0.0,0.0,0.0,0,False
1098,10,air_conditioner,drilling,False,drilling,0.0,0.0,0.0,0,False
1099,10,siren,siren,True,children_playing,0.0032411365405501918,5.748004913330078,1773.4534912109375,3,True
1100,10,dog_bark,dog_bark,True,gun_shot,0.006890168077690652,35.685001373291016,5179.119140625,3,True
1101,10,engine_idling,jackhammer,False,jackhammer,0.0,0.0,0.0,0,False
1102,10,drilling,children_playing,False,children_playing,0.0,0.0,0.0,0,False
1103,10,street_music,car_horn,False,car_horn,0.0,0.0,0.0,0,False
1104,10,jackhammer,jackhammer,True,siren,0.034980157633011724,33.55260467529297,959.1896362304688,2,True
1105,10,dog_bark,children_playing,False,children_playing,0.0,0.0,0.0,0,False
1106,10,engine_idling,drilling,False,drilling,0.0,0.0,0.0,0,False
1107,10,jackhammer,jackhammer,True,siren,0.05541361406468727,34.9609375,630.9088134765625,3,True
1108,10,engine_idling,drilling,False,drilling,0.0,0.0,0.0,0,False
1109,10,engine_idling,engine_idling,True,jackhammer,0.004848952763278954,7.083915710449219,1460.9166259765625,2,True
1110,10,siren,children_playing,False,children_playing,0.0,0.0,0.0,0,False
1111,10,drilling,drilling,True,gun_shot,0.003904497058050828,27.546768188476562,7055.138671875,3,True
1112,10,dog_bark,children_playing,False,children_playing,0.0,0.0,0.0,0,False
1113,10,dog_bark,jackhammer,False,jackhammer,0.0,0.0,0.0,0,False
1114,10,children_playing,children_playing,True,street_music,0.007966774117832953,18.636566162109375,2339.286376953125,2,True
1115,10,street_music,street_music,True,children_playing,0.0023372747555659395,5.774834156036377,2470.75537109375,1,True
1116,10,air_conditioner,children_playing,False,children_playing,0.0,0.0,0.0,0,False
1117,10,drilling,drilling,True,jackhammer,0.018500010905700165,24.616086959838867,1330.5985107421875,1,True
1118,10,jackhammer,jackhammer,True,siren,0.05586483051814516,36.752655029296875,657.8853759765625,3,True
1119,10,air_conditioner,jackhammer,False,jackhammer,0.0,0.0,0.0,0,False
1120,10,drilling,drilling,True,jackhammer,0.004167631191630289,9.975228309631348,2393.500732421875,1,True
1121,10,air_conditioner,children_playing,False,children_playing,0.0,0.0,0.0,0,False
1122,10,children_playing,children_playing,True,drilling,0.0005567052720376475,1.4361450672149658,2579.722412109375,1,True
1123,10,drilling,drilling,True,jackhammer,0.00458759229773989,10.870231628417969,2369.485107421875,1,True
1124,10,jackhammer,jackhammer,True,siren,0.05549758835703832,34.824729919433594,627.4998779296875,1,True
1125,10,dog_bark,dog_bark,True,children_playing,0.00039373203775812295,2.1330642700195312,5417.55322265625,1,True
1126,10,children_playing,children_playing,True,street_music,0.0018819568710260848,6.083465099334717,3232.52099609375,2,True
1127,10,children_playing,children_playing,True,street_music,0.0019603713339707463,6.127247333526611,3125.554443359375,2,True
1128,10,engine_idling,siren,False,siren,0.0,0.0,0.0,0,False
1129,10,siren,children_playing,False,children_playing,0.0,0.0,0.0,0,False
1130,10,engine_idling,engine_idling,True,jackhammer,0.0051113757518443746,7.397213935852051,1447.2060546875,2,True
1131,10,engine_idling,drilling,False,drilling,0.0,0.0,0.0,0,False
1132,10,jackhammer,jackhammer,True,siren,0.03863395373490106,25.077880859375,649.1150512695312,1,True
1133,10,street_music,street_music,True,children_playing,0.012551592622030134,37.42472457885742,2981.67138671875,1,True
1134,10,street_music,car_horn,False,car_horn,0.0,0.0,0.0,0,False
1135,10,dog_bark,dog_bark,True,children_playing,0.0005894098534905927,1.1771032810211182,1997.087890625,1,True
1136,10,dog_bark,dog_bark,True,gun_shot,0.01064334028281426,52.589019775390625,4941.02587890625,2,True
1137,10,car_horn,car_horn,True,drilling,0.001987383884028158,10.047056198120117,5055.41796875,3,True
1138,10,street_music,street_music,True,car_horn,0.012252432758655788,27.625083923339844,2254.6611328125,3,True
1139,10,children_playing,children_playing,True,street_music,0.007450090097648655,22.75210952758789,3053.9375,3,True
1140,10,dog_bark,children_playing,False,children_playing,0.0,0.0,0.0,0,False
1141,10,siren,siren,True,children_playing,0.002332695263099485,4.308039665222168,1846.8077392578125,2,True
1142,10,drilling,drilling,True,children_playing,0.0013808421247163782,2.7259600162506104,1974.128662109375,1,True
1143,10,drilling,jackhammer,False,jackhammer,0.0,0.0,0.0,0,False
1144,10,car_horn,car_horn,True,jackhammer,0.023212869625328772,45.24953079223633,1949.3294677734375,3,True
1145,10,engine_idling,jackhammer,False,jackhammer,0.0,0.0,0.0,0,False
1146,10,dog_bark,dog_bark,True,street_music,0.020038718379721022,72.78244018554688,3632.090576171875,3,True
1147,10,air_conditioner,air_conditioner,True,jackhammer,0.0038133550627764494,6.596563816070557,1729.8582763671875,2,True
1148,10,jackhammer,jackhammer,True,drilling,0.002693490818774452,6.2299370765686035,2312.960205078125,2,True
1149,10,jackhammer,jackhammer,True,siren,0.041660087431580055,25.853771209716797,620.5885009765625,2,True
1150,10,engine_idling,jackhammer,False,jackhammer,0.0,0.0,0.0,0,False
1151,10,jackhammer,jackhammer,True,engine_idling,0.054445937252588165,33.0499267578125,607.0228271484375,2,True
1152,10,street_music,street_music,True,car_horn,0.004386053373046929,11.39734172821045,2598.54150390625,2,True
1153,10,jackhammer,jackhammer,True,drilling,0.0024893340525177525,10.770668983459473,4326.72705078125,2,True
1154,10,air_conditioner,air_conditioner,True,drilling,0.0013593788827092228,2.1869912147521973,1608.8165283203125,2,True
1155,10,jackhammer,jackhammer,True,siren,0.04694792790938244,34.883201599121094,743.0189819335938,3,True
1156,10,siren,drilling,False,drilling,0.0,0.0,0.0,0,False
1157,10,street_music,children_playing,False,children_playing,0.0,0.0,0.0,0,False
1158,10,engine_idling,jackhammer,False,jackhammer,0.0,0.0,0.0,0,False
1159,10,air_conditioner,air_conditioner,True,drilling,0.0006608553499298514,1.0367240905761719,1568.760986328125,1,True
1160,10,children_playing,siren,False,siren,0.0,0.0,0.0,0,False
1161,10,car_horn,car_horn,True,drilling,0.00973493030558222,15.365632057189941,1578.40185546875,2,True
1162,10,street_music,street_music,True,jackhammer,0.005976247797353473,13.410396575927734,2243.94921875,1,True
1163,10,dog_bark,children_playing,False,children_playing,0.0,0.0,0.0,0,False
1164,10,street_music,street_music,True,jackhammer,0.002954301396495794,8.41475772857666,2848.30712890625,1,True
1165,10,street_music,street_music,True,car_horn,0.03399766065525881,66.11780548095703,1944.775146484375,3,True
1166,10,drilling,jackhammer,False,jackhammer,0.0,0.0,0.0,0,False
1167,10,children_playing,children_playing,True,dog_bark,0.0028148646210480618,9.805120468139648,3483.33642578125,2,True
1168,10,dog_bark,dog_bark,True,children_playing,0.022841294218377915,94.11898040771484,4120.5625,4,True
1169,10,jackhammer,jackhammer,True,engine_idling,0.05664609886136711,34.090240478515625,601.8109130859375,2,True
1170,10,siren,children_playing,False,children_playing,0.0,0.0,0.0,0,False
1171,10,car_horn,street_music,False,street_music,0.0,0.0,0.0,0,False
1172,10,air_conditioner,drilling,False,drilling,0.0,0.0,0.0,0,False
1173,10,engine_idling,engine_idling,True,jackhammer,0.008273030547729337,11.60208511352539,1402.3984375,1,True
1174,10,siren,children_playing,False,children_playing,0.0,0.0,0.0,0,False
1175,10,engine_idling,siren,False,siren,0.0,0.0,0.0,0,False
1176,10,engine_idling,drilling,False,drilling,0.0,0.0,0.0,0,False
1177,10,air_conditioner,jackhammer,False,jackhammer,0.0,0.0,0.0,0,False
1178,10,children_playing,children_playing,True,street_music,0.0077918971598967025,16.614139556884766,2132.23291015625,1,True
1179,10,air_conditioner,jackhammer,False,jackhammer,0.0,0.0,0.0,0,False
1180,10,jackhammer,jackhammer,True,siren,0.04739114079648617,29.928300857543945,631.5167846679688,2,True
1181,10,drilling,drilling,True,jackhammer,0.0002573860205935428,0.5991840362548828,2327.958740234375,1,True
1182,10,engine_idling,jackhammer,False,jackhammer,0.0,0.0,0.0,0,False
1183,10,air_conditioner,children_playing,False,children_playing,0.0,0.0,0.0,0,False
1184,10,drilling,jackhammer,False,jackhammer,0.0,0.0,0.0,0,False
1185,10,air_conditioner,children_playing,False,children_playing,0.0,0.0,0.0,0,False
1186,10,jackhammer,jackhammer,True,drilling,0.006019936365526217,28.753141403198242,4776.31982421875,3,True
1187,10,engine_idling,jackhammer,False,jackhammer,0.0,0.0,0.0,0,False
1188,10,drilling,drilling,True,jackhammer,0.011055484927212623,19.623361587524414,1774.98876953125,1,True
1189,10,jackhammer,jackhammer,True,siren,0.05580677459249469,36.86457443237305,660.5752563476562,2,True
1190,10,children_playing,children_playing,True,dog_bark,0.0012604770733107805,4.3051652908325195,3415.504638671875,1,True
1191,10,children_playing,children_playing,True,siren,0.004368192429630668,15.400749206542969,3525.6572265625,2,True
1192,10,street_music,street_music,True,children_playing,0.002548852569725923,4.41574239730835,1732.4432373046875,1,True
1193,10,children_playing,children_playing,True,street_music,0.001627709285290073,4.9949951171875,3068.726806640625,2,True
1194,10,children_playing,children_playing,True,street_music,0.008114559467226622,17.17933464050293,2117.10009765625,1,True
1195,10,gun_shot,gun_shot,True,drilling,0.008583354852000633,54.10013961791992,6302.9130859375,4,True
1196,10,children_playing,children_playing,True,street_music,0.005140595694316861,13.573651313781738,2640.482177734375,1,True
1197,10,gun_shot,gun_shot,True,dog_bark,0.011328393149920095,50.72434616088867,4477.62939453125,4,True
1198,10,engine_idling,siren,False,siren,0.0,0.0,0.0,0,False
1199,10,siren,children_playing,False,children_playing,0.0,0.0,0.0,0,False
1200,10,car_horn,street_music,False,street_music,0.0,0.0,0.0,0,False
1201,10,engine_idling,engine_idling,True,jackhammer,0.007758756988567283,11.01025390625,1419.074462890625,1,True
1202,10,engine_idling,siren,False,siren,0.0,0.0,0.0,0,False
1203,10,siren,children_playing,False,children_playing,0.0,0.0,0.0,0,False
1204,10,street_music,street_music,True,children_playing,0.008371815386007115,21.531986236572266,2571.96142578125,1,True
1205,10,jackhammer,jackhammer,True,engine_idling,0.05841355296873753,35.423152923583984,606.4201049804688,2,True
1206,10,dog_bark,dog_bark,True,drilling,0.02043683990379588,78.91934204101562,3861.62158203125,5,True
1207,10,drilling,jackhammer,False,jackhammer,0.0,0.0,0.0,0,False
1208,10,dog_bark,dog_bark,True,gun_shot,0.02049763810605708,99.9105224609375,4874.24560546875,3,True
1209,10,engine_idling,jackhammer,False,jackhammer,0.0,0.0,0.0,0,False
1210,10,car_horn,car_horn,True,street_music,0.01153190769148078,19.328350067138672,1676.07568359375,2,True
1211,10,air_conditioner,air_conditioner,True,drilling,0.0006157366031479333,0.9659315347671509,1568.741455078125,2,True
1212,10,drilling,drilling,True,jackhammer,0.0011362859205088197,6.678779602050781,5877.72802734375,1,True
1213,10,dog_bark,dog_bark,True,gun_shot,0.006609349294163591,29.402868270874023,4448.67822265625,3,True
1214,10,dog_bark,dog_bark,True,gun_shot,0.006679525182871015,25.342283248901367,3794.024658203125,3,True
1215,10,drilling,drilling,True,jackhammer,0.0032120007061538737,17.993894577026367,5602.0830078125,1,True
1216,10,siren,drilling,False,drilling,0.0,0.0,0.0,0,False
1217,10,dog_bark,dog_bark,True,children_playing,0.025067844863578177,57.68171691894531,2301.024169921875,3,True
1218,10,car_horn,car_horn,True,jackhammer,0.005125425750269338,16.477907180786133,3214.934326171875,2,True
1219,10,air_conditioner,air_conditioner,True,drilling,0.0006303124335862228,1.0249381065368652,1626.0794677734375,1,True
1220,10,jackhammer,jackhammer,True,siren,0.053392193835626794,38.78605270385742,726.436767578125,3,True
1221,10,dog_bark,children_playing,False,children_playing,0.0,0.0,0.0,0,False
1222,10,dog_bark,dog_bark,True,car_horn,0.003538645214862093,17.56075668334961,4962.56494140625,2,True
1223,10,air_conditioner,air_conditioner,True,drilling,0.0020113889377563776,3.2114429473876953,1596.6295166015625,2,True
1224,10,jackhammer,jackhammer,True,engine_idling,0.046227449999359606,34.365989685058594,743.410888671875,2,True
1225,10,siren,drilling,False,drilling,0.0,0.0,0.0,0,False
1226,10,car_horn,car_horn,True,drilling,0.011352089323988554,17.586999893188477,1549.230224609375,2,True
1227,10,engine_idling,jackhammer,False,jackhammer,0.0,0.0,0.0,0,False
1228,10,street_music,children_playing,False,children_playing,0.0,0.0,0.0,0,False
1229,10,street_music,street_music,True,children_playing,0.012074302774256852,26.789066314697266,2218.684326171875,1,True
1230,10,street_music,street_music,True,car_horn,0.03140046348693616,64.85628509521484,2065.456298828125,3,True
1231,10,street_music,street_music,True,car_horn,0.02665628792421785,52.845462799072266,1982.4764404296875,3,True
1232,10,drilling,jackhammer,False,jackhammer,0.0,0.0,0.0,0,False
1233,10,jackhammer,jackhammer,True,siren,0.05646399785797126,34.25005340576172,606.5821533203125,2,True
1234,10,dog_bark,dog_bark,True,drilling,0.014246997548886073,52.66972732543945,3696.900146484375,4,True
1235,10,drilling,drilling,True,children_playing,0.0026886144467364523,5.459162712097168,2030.474365234375,3,True
1236,10,dog_bark,children_playing,False,children_playing,0.0,0.0,0.0,0,False
1237,10,dog_bark,children_playing,False,children_playing,0.0,0.0,0.0,0,False
1238,10,engine_idling,engine_idling,True,jackhammer,0.006917823251295627,9.625619888305664,1391.4232177734375,2,True
1239,10,engine_idling,siren,False,siren,0.0,0.0,0.0,0,False
1240,10,air_conditioner,drilling,False,drilling,0.0,0.0,0.0,0,False
1241,10,siren,children_playing,False,children_playing,0.0,0.0,0.0,0,False
1242,10,air_conditioner,children_playing,False,children_playing,0.0,0.0,0.0,0,False
1243,10,engine_idling,siren,False,siren,0.0,0.0,0.0,0,False
1244,10,street_music,street_music,True,children_playing,0.0021401133824524923,3.7086477279663086,1732.921142578125,1,True
1245,10,gun_shot,gun_shot,True,dog_bark,0.01153259687990123,55.80907440185547,4839.24609375,3,True
1246,10,jackhammer,jackhammer,True,street_music,0.034617128925891846,27.64240074157715,798.5180053710938,3,True
1247,10,children_playing,children_playing,True,dog_bark,0.0020033016907336242,7.581744194030762,3784.624267578125,2,True
1248,10,air_conditioner,jackhammer,False,jackhammer,0.0,0.0,0.0,0,False
1249,10,gun_shot,gun_shot,True,air_conditioner,0.005126640644715032,31.157556533813477,6077.57763671875,3,True
1250,10,gun_shot,gun_shot,True,dog_bark,0.005018993875756179,23.216012954711914,4625.630859375,2,True
1251,10,drilling,drilling,True,children_playing,0.007278007238996878,30.34907341003418,4169.97021484375,3,True
1252,10,street_music,street_music,True,car_horn,0.004423247915579224,10.197477340698242,2305.427490234375,2,True
1253,10,drilling,drilling,True,jackhammer,0.0144092031725001,20.919721603393555,1451.83056640625,1,True
1254,10,drilling,drilling,True,jackhammer,0.003001877283385042,6.68503999710083,2226.953125,1,True
1255,10,drilling,drilling,True,children_playing,0.01731553958112093,29.923683166503906,1728.140380859375,2,True
1256,10,air_conditioner,children_playing,False,children_playing,0.0,0.0,0.0,0,False
1257,10,air_conditioner,children_playing,False,children_playing,0.0,0.0,0.0,0,False
1258,10,jackhammer,jackhammer,True,siren,0.052339959917966486,34.518497467041016,659.505615234375,2,True
1259,10,jackhammer,jackhammer,True,siren,0.034662806727597716,35.016475677490234,1010.203125,2,True
1260,10,drilling,drilling,True,jackhammer,0.0033003944240914693,7.519770622253418,2278.446044921875,1,True
1261,10,air_conditioner,drilling,False,drilling,0.0,0.0,0.0,0,False
1262,10,children_playing,children_playing,True,street_music,0.0049806354943904806,13.493172645568848,2709.126708984375,1,True
1263,10,children_playing,children_playing,True,street_music,0.004863113441609038,16.40003204345703,3372.331787109375,2,True
1264,10,children_playing,children_playing,True,siren,0.0008792624537087682,3.2908194065093994,3742.704345703125,2,True
1265,10,air_conditioner,jackhammer,False,jackhammer,0.0,0.0,0.0,0,False
1266,10,children_playing,children_playing,True,dog_bark,0.00038681747559612744,1.3286633491516113,3434.858642578125,2,True
1267,10,engine_idling,siren,False,siren,0.0,0.0,0.0,0,False
1268,10,engine_idling,siren,False,siren,0.0,0.0,0.0,0,False
1269,10,engine_idling,engine_idling,True,jackhammer,0.008339566033076293,11.7339506149292,1407.021728515625,1,True
1270,10,siren,children_playing,False,children_playing,0.0,0.0,0.0,0,False
1271,10,air_conditioner,children_playing,False,children_playing,0.0,0.0,0.0,0,False
1272,10,dog_bark,children_playing,False,children_playing,0.0,0.0,0.0,0,False
1273,10,dog_bark,dog_bark,True,street_music,0.016301728450291198,60.29138946533203,3698.466064453125,3,True
1274,10,drilling,jackhammer,False,jackhammer,0.0,0.0,0.0,0,False
1275,10,dog_bark,dog_bark,True,gun_shot,0.017668961014260246,88.9522705078125,5034.38037109375,3,True
1276,10,children_playing,children_playing,True,street_music,0.0019340316763391627,5.30910062789917,2745.094970703125,2,True
1277,10,drilling,children_playing,False,children_playing,0.0,0.0,0.0,0,False
1278,10,car_horn,car_horn,True,drilling,0.01184104779851488,18.864913940429688,1593.179443359375,2,True
1279,10,jackhammer,jackhammer,True,siren,0.05659900089134409,35.694644927978516,630.6585693359375,2,True
1280,10,engine_idling,jackhammer,False,jackhammer,0.0,0.0,0.0,0,False
1281,10,siren,drilling,False,drilling,0.0,0.0,0.0,0,False
1282,10,children_playing,engine_idling,False,engine_idling,0.0,0.0,0.0,0,False
1283,10,air_conditioner,air_conditioner,True,children_playing,0.004083720583222609,7.170486927032471,1755.87109375,1,True
1284,10,engine_idling,jackhammer,False,jackhammer,0.0,0.0,0.0,0,False
1285,10,jackhammer,jackhammer,True,siren,0.05384806190331628,38.357051849365234,712.3200073242188,2,True
1286,10,drilling,drilling,True,air_conditioner,0.013480523887924532,27.215051651000977,2018.84228515625,3,True
1287,10,dog_bark,children_playing,False,children_playing,0.0,0.0,0.0,0,False
1288,10,jackhammer,jackhammer,True,drilling,0.003763708130388184,16.368377685546875,4349.0029296875,3,True
1289,10,dog_bark,children_playing,False,children_playing,0.0,0.0,0.0,0,False
1290,10,jackhammer,jackhammer,True,drilling,0.018937126801944187,24.309112548828125,1283.6748046875,3,True
1291,10,street_music,street_music,True,jackhammer,0.00998652686668572,21.369277954101562,2139.810791015625,2,True
1292,10,dog_bark,drilling,False,drilling,0.0,0.0,0.0,0,False
1293,10,air_conditioner,air_conditioner,True,drilling,0.0008302063931801552,1.2972463369369507,1562.558837890625,2,True
1294,10,dog_bark,dog_bark,True,drilling,0.006316533202552545,37.82999801635742,5989.04443359375,4,True
1295,10,street_music,street_music,True,car_horn,0.001216950515041724,4.774065971374512,3922.974609375,1,True
1296,10,engine_idling,jackhammer,False,jackhammer,0.0,0.0,0.0,0,False
1297,10,gun_shot,gun_shot,True,jackhammer,0.007708215241839661,52.46215057373047,6806.0048828125,1,True
1298,10,air_conditioner,jackhammer,False,jackhammer,0.0,0.0,0.0,0,False
1299,10,engine_idling,siren,False,siren,0.0,0.0,0.0,0,False
1300,10,air_conditioner,children_playing,False,children_playing,0.0,0.0,0.0,0,False
1301,10,siren,children_playing,False,children_playing,0.0,0.0,0.0,0,False
1302,10,children_playing,children_playing,True,street_music,0.0011154034539461665,2.5339090824127197,2271.7421875,1,True
1303,10,jackhammer,jackhammer,True,street_music,0.03403404147901094,31.01931381225586,911.4202270507812,2,True
1304,10,children_playing,children_playing,True,dog_bark,0.0013042097192921425,4.697394371032715,3601.717041015625,2,True
1305,10,children_playing,street_music,False,street_music,0.0,0.0,0.0,0,False
1306,10,car_horn,car_horn,True,drilling,0.00120878158928292,7.837993621826172,6484.2099609375,2,True
1307,10,children_playing,drilling,False,drilling,0.0,0.0,0.0,0,False
1308,10,engine_idling,jackhammer,False,jackhammer,0.0,0.0,0.0,0,False
1309,10,drilling,drilling,True,street_music,0.012901860213677993,24.138553619384766,1870.9359130859375,3,True
1310,10,drilling,drilling,True,jackhammer,0.02649357353749717,32.8403205871582,1239.5579833984375,1,True
1311,10,siren,children_playing,False,children_playing,0.0,0.0,0.0,0,False
1312,10,engine_idling,jackhammer,False,jackhammer,0.0,0.0,0.0,0,False
1313,10,drilling,drilling,True,children_playing,0.013647215414601621,21.227577209472656,1555.451171875,2,True
1314,10,children_playing,children_playing,True,street_music,0.002024236238255716,5.427623271942139,2681.319091796875,2,True
1315,10,children_playing,drilling,False,drilling,0.0,0.0,0.0,0,False
1316,10,siren,car_horn,False,car_horn,0.0,0.0,0.0,0,False
1317,10,siren,siren,True,children_playing,0.0012806431596155943,4.550344944000244,3553.171630859375,1,True
1318,10,air_conditioner,children_playing,False,children_playing,0.0,0.0,0.0,0,False
1319,10,air_conditioner,jackhammer,False,jackhammer,0.0,0.0,0.0,0,False
1320,10,drilling,drilling,True,jackhammer,0.004473281585405057,24.569250106811523,5492.4443359375,2,True
1321,10,street_music,street_music,True,children_playing,0.00427964186871387,15.069982528686523,3521.318603515625,1,True
1322,10,children_playing,children_playing,True,street_music,0.003284826829704836,11.405508995056152,3472.1796875,1,True
1323,10,engine_idling,siren,False,siren,0.0,0.0,0.0,0,False
1324,10,air_conditioner,jackhammer,False,jackhammer,0.0,0.0,0.0,0,False
1325,10,street_music,street_music,True,children_playing,0.004285300340395327,9.114866256713867,2127.007568359375,2,True
1326,10,street_music,street_music,True,car_horn,0.037012045526290505,65.83644104003906,1778.7841796875,3,True
1327,10,engine_idling,jackhammer,False,jackhammer,0.0,0.0,0.0,0,False
1328,10,dog_bark,dog_bark,True,children_playing,0.0002424561387614726,0.8218769431114197,3389.79638671875,1,True
1329,10,street_music,street_music,True,drilling,0.0034764834615279494,6.27276611328125,1804.34228515625,2,True
1330,10,jackhammer,jackhammer,True,drilling,0.02926578227136479,33.588279724121094,1147.697998046875,4,True
1331,10,air_conditioner,air_conditioner,True,children_playing,0.004569227408813366,8.072444915771484,1766.697998046875,2,True
1332,10,air_conditioner,air_conditioner,True,drilling,0.0008523115514514678,1.3368663787841797,1568.5184326171875,1,True
1333,10,street_music,street_music,True,jackhammer,0.004094983578633429,8.197343826293945,2001.8013916015625,1,True
1334,10,drilling,drilling,True,air_conditioner,0.006398223016325266,15.16188907623291,2369.703125,3,True
1335,10,drilling,drilling,True,jackhammer,0.0028953595580659976,8.10175609588623,2798.1865234375,2,True
1336,10,street_music,street_music,True,jackhammer,0.005115553595944126,11.685224533081055,2284.254150390625,1,True
1337,10,street_music,street_music,True,drilling,0.01033471154682289,17.858978271484375,1728.0577392578125,1,True
1338,10,street_music,street_music,True,drilling,0.005857070332157237,11.016758918762207,1880.933349609375,2,True
1339,10,dog_bark,children_playing,False,children_playing,0.0,0.0,0.0,0,False
1340,10,car_horn,car_horn,True,jackhammer,0.0012160144893778497,8.184195518493652,6730.34375,3,True
1341,10,children_playing,dog_bark,False,dog_bark,0.0,0.0,0.0,0,False
1342,10,dog_bark,drilling,False,drilling,0.0,0.0,0.0,0,False
1343,10,engine_idling,jackhammer,False,jackhammer,0.0,0.0,0.0,0,False
1344,10,street_music,street_music,True,car_horn,4.328392356042567e-05,0.16564029455184937,3826.831787109375,1,True
1345,10,air_conditioner,jackhammer,False,jackhammer,0.0,0.0,0.0,0,False
1346,10,engine_idling,siren,False,siren,0.0,0.0,0.0,0,False
1347,10,dog_bark,drilling,False,drilling,0.0,0.0,0.0,0,False
1348,10,siren,drilling,False,drilling,0.0,0.0,0.0,0,False
1349,10,air_conditioner,children_playing,False,children_playing,0.0,0.0,0.0,0,False
1350,10,siren,children_playing,False,children_playing,0.0,0.0,0.0,0,False
1351,10,children_playing,drilling,False,drilling,0.0,0.0,0.0,0,False
1352,10,drilling,drilling,True,jackhammer,0.013045339170719032,22.05137825012207,1690.364501953125,1,True
1353,10,air_conditioner,children_playing,False,children_playing,0.0,0.0,0.0,0,False
1354,10,drilling,drilling,True,jackhammer,0.017082796386224595,24.30584144592285,1422.82568359375,1,True
1355,10,gun_shot,gun_shot,True,jackhammer,0.003300745945035185,21.790130615234375,6601.57763671875,2,True
1356,10,engine_idling,engine_idling,True,jackhammer,0.0006632573772282193,1.212546944618225,1828.1695556640625,1,True
1357,10,engine_idling,engine_idling,True,jackhammer,0.001205939849972443,2.1266534328460693,1763.482177734375,1,True
1358,10,drilling,drilling,True,jackhammer,0.016249362049442117,24.555511474609375,1511.167724609375,1,True
1359,10,air_conditioner,air_conditioner,True,children_playing,2.9564073241085973e-05,0.058278486132621765,1971.2603759765625,1,True
1360,10,drilling,drilling,True,jackhammer,0.023933223130732605,33.21290969848633,1387.732421875,1,True
1361,10,air_conditioner,children_playing,False,children_playing,0.0,0.0,0.0,0,False
1362,10,children_playing,children_playing,True,siren,0.002105610459962643,7.559392929077148,3590.119384765625,2,True
1363,10,children_playing,children_playing,True,dog_bark,0.00017517356288165788,0.9415069222450256,5374.708984375,2,True
1364,10,jackhammer,jackhammer,True,street_music,0.01739691200332286,31.443824768066406,1807.4371337890625,3,True
1365,10,siren,children_playing,False,children_playing,0.0,0.0,0.0,0,False
1366,10,gun_shot,gun_shot,True,drilling,0.0007720930228730632,4.652844429016113,6026.2744140625,2,True
1367,10,engine_idling,siren,False,siren,0.0,0.0,0.0,0,False
1368,10,air_conditioner,children_playing,False,children_playing,0.0,0.0,0.0,0,False
1369,10,air_conditioner,drilling,False,drilling,0.0,0.0,0.0,0,False
1370,10,children_playing,children_playing,True,street_music,0.0022625155855622065,8.050039291381836,3558.00390625,1,True
1371,10,dog_bark,drilling,False,drilling,0.0,0.0,0.0,0,False
1372,10,air_conditioner,jackhammer,False,jackhammer,0.0,0.0,0.0,0,False
1373,10,engine_idling,jackhammer,False,jackhammer,0.0,0.0,0.0,0,False
1374,10,air_conditioner,air_conditioner,True,jackhammer,0.0036247015787833395,6.394504547119141,1764.146484375,2,True
1375,10,dog_bark,dog_bark,True,children_playing,0.0003444718227849535,1.1396324634552002,3308.347412109375,1,True
1376,10,air_conditioner,air_conditioner,True,children_playing,0.0028309910226613755,4.93733024597168,1744.0289306640625,2,True
1377,10,jackhammer,jackhammer,True,drilling,0.002513740739016262,15.207247734069824,6049.6484375,3,True
1378,10,street_music,street_music,True,drilling,0.007024487046613715,17.37610626220703,2473.647705078125,2,True
1379,10,dog_bark,drilling,False,drilling,0.0,0.0,0.0,0,False
1380,10,children_playing,children_playing,True,street_music,0.01250142736611492,40.974761962890625,3277.606689453125,2,True
1381,10,jackhammer,jackhammer,True,street_music,0.03322312481323784,38.557857513427734,1160.5728759765625,3,True
1382,10,engine_idling,jackhammer,False,jackhammer,0.0,0.0,0.0,0,False
1383,10,jackhammer,jackhammer,True,siren,0.029443118981591843,34.722469329833984,1179.3067626953125,2,True
1384,10,drilling,drilling,True,jackhammer,0.002904708388691387,8.116438865661621,2794.2353515625,2,True
1385,10,drilling,drilling,True,air_conditioner,0.014250420188624937,29.13633918762207,2044.5950927734375,3,True
1386,10,dog_bark,dog_bark,True,gun_shot,0.0026311998957402106,16.550046920776367,6289.923828125,3,True
1387,10,jackhammer,jackhammer,True,children_playing,0.02779110650646976,27.9833984375,1006.919189453125,2,True
1388,10,jackhammer,jackhammer,True,drilling,0.007124922399922823,34.72798156738281,4874.15576171875,4,True
1389,10,children_playing,children_playing,True,siren,0.00018158270452338284,0.9970765709877014,5491.03271484375,1,True
1390,10,air_conditioner,air_conditioner,True,drilling,0.0029525792737774485,4.673661231994629,1582.907958984375,1,True
1391,10,engine_idling,jackhammer,False,jackhammer,0.0,0.0,0.0,0,False
1392,10,dog_bark,dog_bark,True,drilling,0.00011803959652883026,0.6120851635932922,5185.42236328125,2,True
1393,10,dog_bark,dog_bark,True,car_horn,0.007364708931958279,45.63706588745117,6196.7236328125,3,True
1394,10,drilling,jackhammer,False,jackhammer,0.0,0.0,0.0,0,False
1395,10,street_music,street_music,True,children_playing,0.0038551274352875845,10.942108154296875,2838.325927734375,2,True
1396,10,air_conditioner,jackhammer,False,jackhammer,0.0,0.0,0.0,0,False
1397,10,siren,children_playing,False,children_playing,0.0,0.0,0.0,0,False
1398,10,air_conditioner,children_playing,False,children_playing,0.0,0.0,0.0,0,False
1399,10,jackhammer,jackhammer,True,drilling,0.0031582561593709764,21.539018630981445,6819.90869140625,3,True
1400,10,street_music,street_music,True,children_playing,0.0007250057319959434,2.384988307952881,3289.613037109375,1,True
1401,10,engine_idling,drilling,False,drilling,0.0,0.0,0.0,0,False
1402,10,children_playing,children_playing,True,street_music,0.0020833482110479977,5.947177886962891,2854.625,2,True
1403,10,children_playing,children_playing,True,street_music,0.0068749687443098615,16.361997604370117,2379.937744140625,1,True
1404,10,drilling,drilling,True,jackhammer,0.005071527651982648,11.127738952636719,2194.1591796875,1,True
1405,10,air_conditioner,children_playing,False,children_playing,0.0,0.0,0.0,0,False
1406,10,children_playing,drilling,False,drilling,0.0,0.0,0.0,0,False
1407,10,children_playing,drilling,False,drilling,0.0,0.0,0.0,0,False
1408,10,engine_idling,jackhammer,False,jackhammer,0.0,0.0,0.0,0,False
1409,10,engine_idling,jackhammer,False,jackhammer,0.0,0.0,0.0,0,False
1410,10,street_music,street_music,True,children_playing,4.300806660415834e-05,0.13574501872062683,3156.268798828125,1,True
1411,10,air_conditioner,children_playing,False,children_playing,0.0,0.0,0.0,0,False
1412,10,drilling,drilling,True,jackhammer,0.004757491414404939,11.023309707641602,2317.04248046875,2,True
1413,10,air_conditioner,drilling,False,drilling,0.0,0.0,0.0,0,False
1414,10,siren,children_playing,False,children_playing,0.0,0.0,0.0,0,False
1415,10,engine_idling,drilling,False,drilling,0.0,0.0,0.0,0,False
1416,10,siren,car_horn,False,car_horn,0.0,0.0,0.0,0,False
1417,10,car_horn,car_horn,True,drilling,0.004743792296974522,23.390602111816406,4930.78125,3,True
1418,10,dog_bark,children_playing,False,children_playing,0.0,0.0,0.0,0,False
1419,10,street_music,street_music,True,jackhammer,0.006431220111645046,22.93028450012207,3565.464111328125,2,True
1420,10,drilling,drilling,True,jackhammer,0.003112994995709633,7.29032039642334,2341.899169921875,1,True
1421,10,siren,dog_bark,False,dog_bark,0.0,0.0,0.0,0,False
1422,10,air_conditioner,jackhammer,False,jackhammer,0.0,0.0,0.0,0,False
1423,10,air_conditioner,children_playing,False,children_playing,0.0,0.0,0.0,0,False
1424,10,drilling,jackhammer,False,jackhammer,0.0,0.0,0.0,0,False
1425,10,children_playing,children_playing,True,siren,3.9281618094566197e-05,0.2160535603761673,5500.11865234375,1,True
1426,10,engine_idling,jackhammer,False,jackhammer,0.0,0.0,0.0,0,False
1427,10,air_conditioner,air_conditioner,True,children_playing,0.0036015528430321125,6.351226329803467,1763.4688720703125,2,True
1428,10,gun_shot,gun_shot,True,drilling,0.003959198679035922,26.389516830444336,6665.3681640625,3,True
1429,10,dog_bark,children_playing,False,children_playing,0.0,0.0,0.0,0,False
1430,10,drilling,drilling,True,air_conditioner,0.015300617932688504,31.158647537231445,2036.4306640625,3,True
1431,10,jackhammer,jackhammer,True,street_music,0.024713961719048043,32.2010612487793,1302.9501953125,2,True
1432,10,siren,jackhammer,False,jackhammer,0.0,0.0,0.0,0,False
1433,10,jackhammer,jackhammer,True,car_horn,0.03155062318739608,37.03766632080078,1173.912353515625,3,True
1434,10,engine_idling,air_conditioner,False,air_conditioner,0.0,0.0,0.0,0,False
1435,10,street_music,children_playing,False,children_playing,0.0,0.0,0.0,0,False
1436,10,drilling,drilling,True,air_conditioner,0.012742720184025988,25.804935455322266,2025.07275390625,3,True
1437,10,car_horn,car_horn,True,street_music,0.013545971572581975,25.330108642578125,1869.9366455078125,2,True
1438,10,jackhammer,jackhammer,True,street_music,0.0054077056858626345,5.234139919281006,967.9039916992188,2,True
1439,10,dog_bark,dog_bark,True,gun_shot,0.029780940519578802,70.55645751953125,2369.181640625,3,True
1440,10,children_playing,children_playing,True,dog_bark,0.0022541580467556107,8.209702491760254,3642.026123046875,2,True
1441,10,air_conditioner,air_conditioner,True,drilling,0.00026873458909012707,0.4184454083442688,1557.095458984375,1,True
1442,10,dog_bark,children_playing,False,children_playing,0.0,0.0,0.0,0,False
1443,10,siren,siren,True,children_playing,0.0029161971979734845,4.978041172027588,1707.03173828125,1,True
1444,10,dog_bark,dog_bark,True,gun_shot,0.0004791351728789592,2.2914323806762695,4782.43408203125,2,True
1445,10,children_playing,children_playing,True,siren,0.0005156432548102793,2.840710163116455,5509.06103515625,2,True
1446,10,car_horn,car_horn,True,street_music,0.005483926280090071,20.053268432617188,3656.735595703125,2,True
1447,10,engine_idling,jackhammer,False,jackhammer,0.0,0.0,0.0,0,False
1448,10,street_music,street_music,True,children_playing,0.008087685846667313,25.807371139526367,3190.9462890625,1,True
1449,10,street_music,street_music,True,drilling,0.010489023504943821,16.497377395629883,1572.822998046875,2,True
1450,10,air_conditioner,jackhammer,False,jackhammer,0.0,0.0,0.0,0,False
1451,10,children_playing,children_playing,True,street_music,0.003067952827953599,10.749013900756836,3503.643798828125,1,True
1452,10,street_music,street_music,True,children_playing,0.003904235517915105,10.692420959472656,2738.672119140625,1,True
1453,10,drilling,drilling,True,jackhammer,0.004063357344123227,8.90133285522461,2190.635009765625,1,True
1454,10,drilling,drilling,True,children_playing,0.01050273609839388,12.703937530517578,1209.5836181640625,2,True
1455,10,engine_idling,siren,False,siren,0.0,0.0,0.0,0,False
1456,10,siren,dog_bark,False,dog_bark,0.0,0.0,0.0,0,False
1457,10,engine_idling,siren,False,siren,0.0,0.0,0.0,0,False
1458,10,air_conditioner,children_playing,False,children_playing,0.0,0.0,0.0,0,False
1459,10,engine_idling,engine_idling,True,jackhammer,0.007767420720424204,11.16891098022461,1437.9176025390625,2,True
1460,10,engine_idling,siren,False,siren,0.0,0.0,0.0,0,False
1461,10,engine_idling,engine_idling,True,jackhammer,0.0005658115009168748,1.0165497064590454,1796.62255859375,1,True
1462,10,drilling,drilling,True,jackhammer,0.0057538825865935195,35.380531311035156,6148.98388671875,2,True
1463,10,children_playing,children_playing,True,street_music,0.0012523627422051193,3.433758497238159,2741.82421875,2,True
1464,10,street_music,street_music,True,jackhammer,0.016109071498730698,35.09933853149414,2178.85546875,2,True
1465,10,drilling,drilling,True,jackhammer,0.025792961810328686,27.57668113708496,1069.1552734375,1,True
1466,10,air_conditioner,jackhammer,False,jackhammer,0.0,0.0,0.0,0,False
1467,10,dog_bark,dog_bark,True,children_playing,0.005777197230479559,16.46813201904297,2850.5400390625,1,True
1468,10,dog_bark,dog_bark,True,children_playing,0.0040350940374078124,11.247049331665039,2787.307861328125,1,True
1469,10,air_conditioner,children_playing,False,children_playing,0.0,0.0,0.0,0,False
1470,10,children_playing,children_playing,True,drilling,8.814440285672656e-05,0.21799731254577637,2473.183837890625,1,True
1471,10,air_conditioner,children_playing,False,children_playing,0.0,0.0,0.0,0,False
1472,10,engine_idling,jackhammer,False,jackhammer,0.0,0.0,0.0,0,False
1473,10,engine_idling,siren,False,siren,0.0,0.0,0.0,0,False
1474,10,siren,children_playing,False,children_playing,0.0,0.0,0.0,0,False
1475,10,children_playing,children_playing,True,street_music,0.004914653115812889,13.68640422821045,2784.81591796875,1,True
1476,10,engine_idling,engine_idling,True,jackhammer,0.007488425084890416,10.554421424865723,1409.431396484375,1,True
1477,10,air_conditioner,children_playing,False,children_playing,0.0,0.0,0.0,0,False
1478,10,street_music,street_music,True,children_playing,0.00037941717126539456,1.2282947301864624,3237.31982421875,1,True
1479,10,engine_idling,siren,False,siren,0.0,0.0,0.0,0,False
1480,10,engine_idling,siren,False,siren,0.0,0.0,0.0,0,False
1481,10,air_conditioner,jackhammer,False,jackhammer,0.0,0.0,0.0,0,False
1482,10,jackhammer,jackhammer,True,drilling,0.002536722008014508,14.418644905090332,5683.96728515625,3,True
1483,10,drilling,drilling,True,jackhammer,0.003323259628390874,6.953675746917725,2092.42626953125,1,True
1484,10,engine_idling,jackhammer,False,jackhammer,0.0,0.0,0.0,0,False
1485,10,street_music,street_music,True,car_horn,4.045477661032791e-05,0.1681755632162094,4157.125,1,True
1486,10,siren,siren,True,children_playing,0.001448133374535698,2.5926809310913086,1790.360595703125,1,True
1487,10,street_music,street_music,True,children_playing,0.008061982167188316,19.85236930847168,2462.467529296875,1,True
1488,10,dog_bark,dog_bark,True,children_playing,0.011784271407348546,26.814191818237305,2275.422119140625,2,True
1489,10,air_conditioner,air_conditioner,True,children_playing,0.0040277609430863035,7.104200839996338,1763.8089599609375,2,True
1490,10,jackhammer,jackhammer,True,children_playing,0.003403246234595343,3.2389440536499023,951.721923828125,2,True
1491,10,car_horn,car_horn,True,street_music,0.01752361305079285,31.73660659790039,1811.07666015625,2,True
1492,10,dog_bark,car_horn,False,car_horn,0.0,0.0,0.0,0,False
1493,10,engine_idling,air_conditioner,False,air_conditioner,0.0,0.0,0.0,0,False
1494,10,jackhammer,jackhammer,True,car_horn,0.0358448836277201,41.63766098022461,1161.6068115234375,4,True
1495,10,drilling,drilling,True,jackhammer,0.005881520452256085,14.663915634155273,2493.218505859375,1,True
1496,10,siren,children_playing,False,children_playing,0.0,0.0,0.0,0,False
1497,10,dog_bark,children_playing,False,children_playing,0.0,0.0,0.0,0,False
1498,10,car_horn,car_horn,True,jackhammer,0.0014789141646289635,9.140406608581543,6180.48486328125,1,True
1499,10,jackhammer,jackhammer,True,siren,0.037119706888482554,29.079404830932617,783.3953247070312,2,True
1500,10,drilling,drilling,True,jackhammer,0.01546963538952975,20.916040420532227,1352.0706787109375,1,True
1501,10,street_music,street_music,True,car_horn,0.022264183195575618,47.161720275878906,2118.277587890625,1,True
1502,10,children_playing,children_playing,True,siren,0.005854043595346067,21.738061904907227,3713.34130859375,2,True
1503,10,children_playing,children_playing,True,dog_bark,0.004432618963564509,17.138763427734375,3866.509521484375,2,True
1504,10,air_conditioner,drilling,False,drilling,0.0,0.0,0.0,0,False
1505,10,siren,siren,True,children_playing,0.010263664714540991,17.065017700195312,1662.6632080078125,1,True
1506,10,siren,siren,True,children_playing,0.01326048235845575,28.904403686523438,2179.739990234375,2,True
1507,10,street_music,street_music,True,jackhammer,0.0079620281117822,22.48093605041504,2823.518798828125,1,True
1508,10,car_horn,car_horn,True,jackhammer,0.0009023008653823493,5.365232944488525,5946.16845703125,2,True
1509,10,siren,siren,True,dog_bark,0.011508584124380147,39.851341247558594,3462.749267578125,3,True
1510,10,street_music,street_music,True,children_playing,0.0019250466384482052,5.580467224121094,2898.873779296875,2,True
1511,10,air_conditioner,jackhammer,False,jackhammer,0.0,0.0,0.0,0,False
1512,10,children_playing,children_playing,True,siren,0.00046597646829307484,2.4537758827209473,5265.87939453125,1,True
1513,10,drilling,drilling,True,jackhammer,0.015068342284150384,22.269060134887695,1477.87060546875,1,True
1514,10,street_music,street_music,True,children_playing,0.004531849600119715,11.707785606384277,2583.4453125,1,True
1515,10,drilling,drilling,True,jackhammer,0.0158464921682572,19.649534225463867,1239.99267578125,1,True
1516,10,drilling,drilling,True,children_playing,0.01724173186000019,25.005596160888672,1450.294921875,2,True
1517,10,air_conditioner,jackhammer,False,jackhammer,0.0,0.0,0.0,0,False
1518,10,dog_bark,dog_bark,True,children_playing,0.020695322685750472,75.21637725830078,3634.462646484375,3,True
1519,10,children_playing,children_playing,True,street_music,0.006166353375894246,18.611242294311523,3018.192626953125,2,True
1520,10,siren,siren,True,dog_bark,0.016891894303256768,57.778167724609375,3420.467041015625,3,True
1521,10,dog_bark,dog_bark,True,drilling,0.006805619316899137,36.72626876831055,5396.46240234375,4,True
1522,10,gun_shot,gun_shot,True,drilling,0.003439788644130689,23.175046920776367,6737.34619140625,3,True
1523,10,siren,siren,True,children_playing,0.011002068560505028,34.07832717895508,3097.447265625,2,True
1524,10,air_conditioner,drilling,False,drilling,0.0,0.0,0.0,0,False
1525,10,siren,siren,True,children_playing,0.015226599133623162,24.523088455200195,1610.542724609375,1,True
1526,10,jackhammer,jackhammer,True,drilling,0.0030549603963296763,14.491753578186035,4743.6796875,2,True
1527,10,dog_bark,dog_bark,True,drilling,0.0012657561255530348,7.520423889160156,5941.44775390625,3,True
1528,10,gun_shot,gun_shot,True,jackhammer,0.004187215293652014,27.295814514160156,6518.8466796875,3,True
1529,10,air_conditioner,drilling,False,drilling,0.0,0.0,0.0,0,False
1530,10,siren,children_playing,False,children_playing,0.0,0.0,0.0,0,False
1531,10,siren,children_playing,False,children_playing,0.0,0.0,0.0,0,False
1532,10,jackhammer,jackhammer,True,siren,0.04083332231023936,33.53744888305664,821.3255004882812,1,True
1533,10,drilling,drilling,True,jackhammer,0.0251720757094796,26.758386611938477,1063.0186767578125,1,True
1534,10,children_playing,children_playing,True,dog_bark,0.006274160876707395,18.731557846069336,2985.508056640625,2,True
1535,10,dog_bark,dog_bark,True,siren,0.003338651528303356,14.339027404785156,4294.85595703125,3,True
1536,10,jackhammer,jackhammer,True,siren,0.030967471068299654,24.59539222717285,794.233154296875,2,True
1537,10,gun_shot,gun_shot,True,jackhammer,0.000366603446914089,2.6536545753479004,7238.48779296875,1,True
1538,10,dog_bark,drilling,False,drilling,0.0,0.0,0.0,0,False
1539,10,drilling,drilling,True,jackhammer,0.003399418805775154,5.907838821411133,1737.896728515625,2,True
1540,10,air_conditioner,air_conditioner,True,children_playing,0.0027739597881235962,4.911980152130127,1770.7467041015625,1,True
1541,10,siren,siren,True,children_playing,0.0047183892722868276,6.28462553024292,1331.9429931640625,2,True
1542,10,street_music,children_playing,False,children_playing,0.0,0.0,0.0,0,False
1543,10,jackhammer,jackhammer,True,street_music,0.01896792888382238,22.527307510375977,1187.6524658203125,2,True
1544,10,jackhammer,jackhammer,True,drilling,0.0022909009223318418,13.975881576538086,6100.60498046875,2,True
1545,10,children_playing,children_playing,True,street_music,0.0035817541722621142,10.470702171325684,2923.3447265625,1,True
1546,10,dog_bark,children_playing,False,children_playing,0.0,0.0,0.0,0,False
1547,10,street_music,street_music,True,children_playing,0.01582159161438685,21.368459701538086,1350.5885009765625,1,True
1548,10,siren,siren,True,children_playing,0.0017807740965832444,3.293623208999634,1849.5457763671875,2,True
1549,10,street_music,street_music,True,drilling,0.0033904000774487584,5.335205078125,1573.62109375,2,True
1550,10,children_playing,children_playing,True,street_music,0.002274214397741545,5.99530553817749,2636.20947265625,1,True
1551,10,street_music,street_music,True,drilling,0.0018618019410622316,2.8952088356018066,1555.057373046875,2,True
1552,10,children_playing,children_playing,True,dog_bark,0.004098551010632612,15.247421264648438,3720.197998046875,1,True
1553,10,dog_bark,children_playing,False,children_playing,0.0,0.0,0.0,0,False
1554,10,street_music,street_music,True,children_playing,0.00189961932189152,2.855137348175049,1503.0050048828125,2,True
1555,10,air_conditioner,jackhammer,False,jackhammer,0.0,0.0,0.0,0,False
1556,10,engine_idling,jackhammer,False,jackhammer,0.0,0.0,0.0,0,False
1557,10,street_music,street_music,True,car_horn,0.0317076741757703,62.48505401611328,1970.6602783203125,3,True
1558,10,street_music,street_music,True,children_playing,0.0004297553146440976,1.8078612089157104,4206.72216796875,1,True
1559,10,street_music,street_music,True,children_playing,0.012173901877559406,17.504226684570312,1437.8485107421875,2,True
1560,10,children_playing,children_playing,True,street_music,0.007509056594891195,19.92863655090332,2653.94677734375,1,True
1561,10,siren,siren,True,children_playing,0.008912198960112075,17.11328125,1920.2086181640625,2,True
1562,10,children_playing,children_playing,True,jackhammer,0.005053096657934365,15.889802932739258,3144.5673828125,2,True
1563,10,car_horn,car_horn,True,jackhammer,0.004449020002636339,27.011093139648438,6071.24560546875,4,True
1564,10,siren,siren,True,children_playing,0.00932979710287687,14.643113136291504,1569.4996337890625,1,True
1565,10,street_music,street_music,True,car_horn,0.02733792610479583,51.955875396728516,1900.50537109375,3,True
1566,10,car_horn,car_horn,True,jackhammer,0.001915147184562264,12.048088073730469,6290.9462890625,2,True
1567,10,air_conditioner,air_conditioner,True,jackhammer,0.003497975267777253,6.214334964752197,1776.552001953125,2,True
1568,10,street_music,street_music,True,children_playing,0.0005582158283632189,1.354642629623413,2426.736328125,1,True
1569,10,drilling,drilling,True,jackhammer,0.0033867546786797028,5.884666919708252,1737.5533447265625,1,True
1570,10,drilling,drilling,True,jackhammer,0.021249626688503474,24.671457290649414,1161.0301513671875,1,True
1571,10,drilling,drilling,True,jackhammer,0.001875245807339365,12.233333587646484,6523.58935546875,1,True
1572,10,siren,dog_bark,False,dog_bark,0.0,0.0,0.0,0,False
1573,10,children_playing,children_playing,True,dog_bark,0.015643523301868804,43.18600845336914,2760.6318359375,3,True
1574,10,siren,children_playing,False,children_playing,0.0,0.0,0.0,0,False
1575,10,street_music,street_music,True,jackhammer,0.010680553514704514,16.947021484375,1586.717529296875,2,True
1576,10,drilling,drilling,True,jackhammer,0.004988799329254727,8.685271263122559,1740.9542236328125,1,True
1577,10,street_music,street_music,True,car_horn,0.002825691760319854,11.003905296325684,3894.234130859375,3,True
1578,10,street_music,street_music,True,children_playing,0.007246092571454003,19.437524795532227,2682.483642578125,1,True
1579,10,siren,dog_bark,False,dog_bark,0.0,0.0,0.0,0,False
1580,10,siren,siren,True,children_playing,0.008030067003698809,12.595808029174805,1568.5806884765625,2,True
1581,10,engine_idling,air_conditioner,False,air_conditioner,0.0,0.0,0.0,0,False
1582,10,street_music,street_music,True,children_playing,0.022243474783394866,31.078174591064453,1397.181640625,1,True
1583,10,children_playing,children_playing,True,siren,0.002384599338147848,12.128491401672363,5086.17578125,3,True
1584,10,siren,siren,True,children_playing,0.008625331797882937,12.910604476928711,1496.8240966796875,2,True
1585,10,air_conditioner,drilling,False,drilling,0.0,0.0,0.0,0,False
1586,10,drilling,drilling,True,children_playing,0.01603428952999797,20.92660140991211,1305.1156005859375,3,True
1587,10,car_horn,car_horn,True,jackhammer,0.0060147084161472075,35.773799896240234,5947.7197265625,3,True
1588,10,siren,dog_bark,False,dog_bark,0.0,0.0,0.0,0,False
1589,10,dog_bark,dog_bark,True,children_playing,0.021445288988986025,75.49710845947266,3520.451904296875,4,True
1590,10,dog_bark,dog_bark,True,children_playing,0.006023114973860002,21.796850204467773,3618.86669921875,2,True
1591,10,dog_bark,jackhammer,False,jackhammer,0.0,0.0,0.0,0,False
1592,10,street_music,street_music,True,drilling,0.0020413309652100617,3.267005681991577,1600.42919921875,1,True
1593,10,drilling,drilling,True,jackhammer,0.017342696036163938,23.253398895263672,1340.8179931640625,1,True
1594,10,drilling,drilling,True,jackhammer,0.01750849311720887,22.813528060913086,1302.997802734375,1,True
1595,10,jackhammer,jackhammer,True,car_horn,0.0034389452352450375,17.003755569458008,4944.46826171875,2,True
1596,10,gun_shot,gun_shot,True,drilling,0.005290251644739577,34.18046569824219,6461.0283203125,3,True
1597,10,drilling,drilling,True,jackhammer,0.01615646423440088,22.750703811645508,1408.148681640625,1,True
1598,10,drilling,drilling,True,jackhammer,0.017117808008758055,23.18703842163086,1354.5565185546875,1,True
1599,10,children_playing,children_playing,True,street_music,0.0046502632045138225,12.205377578735352,2624.663818359375,1,True
1600,10,engine_idling,air_conditioner,False,air_conditioner,0.0,0.0,0.0,0,False
1601,10,street_music,street_music,True,drilling,0.001685034095966254,2.620206832885742,1554.9874267578125,1,True
1602,10,dog_bark,children_playing,False,children_playing,0.0,0.0,0.0,0,False
1603,10,jackhammer,jackhammer,True,street_music,0.020482395467674427,23.051128387451172,1125.4117431640625,3,True
1604,10,engine_idling,air_conditioner,False,air_conditioner,0.0,0.0,0.0,0,False
1605,10,siren,siren,True,children_playing,0.010741191207197106,15.066567420959473,1402.6905517578125,2,True
1606,10,children_playing,children_playing,True,street_music,0.00483709122587216,13.701830863952637,2832.6591796875,1,True
1607,10,children_playing,children_playing,True,street_music,0.006662856048182209,18.689483642578125,2805.02587890625,1,True
1608,10,street_music,street_music,True,children_playing,0.023407012383307436,28.46893310546875,1216.256591796875,1,True
1609,10,jackhammer,jackhammer,True,drilling,0.002744660353138692,19.823747634887695,7222.65966796875,3,True
1610,10,engine_idling,air_conditioner,False,air_conditioner,0.0,0.0,0.0,0,False
1611,10,air_conditioner,jackhammer,False,jackhammer,0.0,0.0,0.0,0,False
1612,10,dog_bark,dog_bark,True,car_horn,0.0009088595749151786,5.765714168548584,6343.89990234375,1,True
1613,10,jackhammer,jackhammer,True,car_horn,0.0017772092973341817,14.709416389465332,8276.693359375,3,True
1614,10,siren,siren,True,children_playing,0.005659767669622228,9.510726928710938,1680.409423828125,1,True
1615,10,drilling,drilling,True,jackhammer,0.0050032408858556275,8.694113731384277,1737.6964111328125,1,True
1616,10,siren,children_playing,False,children_playing,0.0,0.0,0.0,0,False
1617,10,dog_bark,dog_bark,True,car_horn,0.014374318017375284,92.9977035522461,6469.71240234375,3,True
1618,10,jackhammer,jackhammer,True,drilling,0.003291912514218005,15.355338096618652,4664.564453125,3,True
1619,10,siren,siren,True,children_playing,0.00038162416761711664,1.4364254474639893,3763.979248046875,1,True
1620,10,air_conditioner,air_conditioner,True,children_playing,0.0037816192875761525,6.707195281982422,1773.6304931640625,2,True
1621,10,siren,children_playing,False,children_playing,0.0,0.0,0.0,0,False
1622,10,siren,siren,True,dog_bark,0.0011655441815193108,5.2177958488464355,4476.70361328125,1,True
1623,10,street_music,street_music,True,jackhammer,0.013187746082099348,21.768007278442383,1650.623779296875,2,True
1624,10,jackhammer,jackhammer,True,street_music,0.007711047991256461,30.67061996459961,3977.490478515625,2,True
1625,10,gun_shot,gun_shot,True,jackhammer,0.007074282002302581,45.424835205078125,6421.123046875,3,True
1626,10,siren,siren,True,children_playing,0.005716494161549885,7.996157646179199,1398.7869873046875,2,True
1627,10,children_playing,children_playing,True,drilling,0.00900845803018776,23.94220733642578,2657.74755859375,3,True
1628,10,street_music,street_music,True,children_playing,0.0007158640476187085,1.6263025999069214,2271.8037109375,1,True
1629,10,siren,siren,True,children_playing,0.009663047047427202,16.57655143737793,1715.4580078125,1,True
1630,10,engine_idling,engine_idling,True,jackhammer,0.00017657787760084744,0.4452768564224243,2521.702392578125,1,True
1631,10,dog_bark,dog_bark,True,gun_shot,0.021739935347325816,76.96894073486328,3540.440185546875,3,True
1632,10,drilling,drilling,True,jackhammer,0.020817301629465854,26.982084274291992,1296.137451171875,1,True
1633,10,engine_idling,air_conditioner,False,air_conditioner,0.0,0.0,0.0,0,False
1634,10,car_horn,car_horn,True,drilling,0.021467700776474797,37.80626678466797,1761.07666015625,3,True
1635,10,gun_shot,gun_shot,True,drilling,0.0084098160842322,37.65287780761719,4477.25341796875,4,True
1636,10,children_playing,children_playing,True,street_music,0.008825842466321511,33.98101043701172,3850.171875,2,True
1637,10,street_music,street_music,True,children_playing,0.0007233994061647904,1.802831768989563,2492.16650390625,1,True
1638,10,car_horn,car_horn,True,drilling,0.027241584825388018,48.179595947265625,1768.604736328125,3,True
1639,10,children_playing,children_playing,True,street_music,0.0019209757186312564,5.117678165435791,2664.103515625,1,True
1640,10,street_music,street_music,True,car_horn,0.03156333438612577,52.04149627685547,1648.7958984375,3,True
1641,10,dog_bark,dog_bark,True,children_playing,0.012514750425179019,47.316566467285156,3780.86376953125,3,True
1642,10,engine_idling,air_conditioner,False,air_conditioner,0.0,0.0,0.0,0,False
1643,10,siren,children_playing,False,children_playing,0.0,0.0,0.0,0,False
1644,10,children_playing,children_playing,True,street_music,0.002906956435590278,8.485730171203613,2919.111572265625,1,True
1645,10,siren,siren,True,children_playing,0.0016698176076426021,2.0008037090301514,1198.2169189453125,1,True
1646,10,air_conditioner,drilling,False,drilling,0.0,0.0,0.0,0,False
1647,10,siren,siren,True,dog_bark,0.00454403386344095,21.0878849029541,4640.78515625,2,True
1648,10,street_music,street_music,True,children_playing,0.007416023689806253,15.941286087036133,2149.5732421875,2,True
1649,10,air_conditioner,air_conditioner,True,children_playing,0.0039555201628207965,7.014599323272705,1773.36962890625,1,True
1650,10,siren,siren,True,children_playing,0.00045223354466435655,1.6911592483520508,3739.570556640625,1,True
1651,10,drilling,drilling,True,jackhammer,0.0177536042126914,25.31932258605957,1426.151123046875,1,True
1652,10,children_playing,children_playing,True,street_music,0.011761269244428838,37.48229217529297,3186.92578125,3,True
